,sample_id,biosample_accession,cohort,Production Year,Sex,isMaleSample,paternal_id,maternal_id,Subpopulation,Superpopulation,HiFi Prod Site,hifi,hifi_cov,nanopore,ont_cov_over100kb,hic,hic_cov,hic_r1,hic_r2,child_ilmn
0,HG00126,SAMN41021637,HPRC,YR4,male,True,NA,NA,GBR,EUR,UW,"['s3://human-pangenomics/working/HPRC/HG00126/raw_data/PacBio_HiFi/m84046_230621_231827_s1.hifi_reads.bc2043.bam', 's3://human-pangenomics/working/HPRC/HG00126/raw_data/PacBio_HiFi/m84046_230617_050400_s4.hifi_reads.bc2043.bam', 's3://human-pangenomics/working/HPRC/HG00126/raw_data/PacBio_HiFi/m84046_230602_203207_s4.hifi_reads.bc2043.bam', 's3://human-pangenomics/working/HPRC/HG00126/raw_data/PacBio_HiFi/m84046_230621_234848_s2.hifi_reads.bc2043.bam', 's3://human-pangenomics/working/HPRC/HG00126/raw_data/PacBio_HiFi/m84046_230617_043254_s3.hifi_reads.bc2043.bam']",64,"['s3://human-pangenomics/working/HPRC/HG00126/raw_data/nanopore/dorado0.6.0_sup4.3.0_5mCG_5hmCG/08_29_23_R1041_HPRC_HG00126_1_dorado0.6.0_sup4.3.0_5mCG_5hmCG.bam', 's3://human-pangenomics/working/HPRC/HG00126/raw_data/nanopore/dorado0.6.0_sup4.3.0_5mCG_5hmCG/08_29_23_R1041_HPRC_HG00126_3_dorado0.6.0_sup4.3.0_5mCG_5hmCG.bam', 's3://human-pangenomics/working/HPRC/HG00126/raw_data/nanopore/dorado0.6.0_sup4.3.0_5mCG_5hmCG/08_29_23_R1041_HPRC_HG00126_2_dorado0.6.0_sup4.3.0_5mCG_5hmCG.bam']",38.34,"['s3://human-pangenomics/working/HPRC/HG00126/raw_data/hic/HG00126-1_FC1_S3_L004_R1_001.fastq.gz', 's3://human-pangenomics/working/HPRC/HG00126/raw_data/hic/HG00126-1_FC1_S3_L004_R2_001.fastq.gz', 's3://human-pangenomics/working/HPRC/HG00126/raw_data/hic/HG00126-1_FC2_S3_L004_R1_001.fastq.gz', 's3://human-pangenomics/working/HPRC/HG00126/raw_data/hic/HG00126-1_FC2_S3_L004_R2_001.fastq.gz', 's3://human-pangenomics/working/HPRC/HG00126/raw_data/hic/HG00126-2_FC1_S4_L004_R1_001.fastq.gz', 's3://human-pangenomics/working/HPRC/HG00126/raw_data/hic/HG00126-2_FC1_S4_L004_R2_001.fastq.gz', 's3://human-pangenomics/working/HPRC/HG00126/raw_data/hic/HG00126-2_FC2_S4_L004_R1_001.fastq.gz', 's3://human-pangenomics/working/HPRC/HG00126/raw_data/hic/HG00126-2_FC2_S4_L004_R2_001.fastq.gz']",70.34,"['s3://human-pangenomics/working/HPRC/HG00126/raw_data/hic/HG00126-1_FC1_S3_L004_R1_001.fastq.gz', 's3://human-pangenomics/working/HPRC/HG00126/raw_data/hic/HG00126-1_FC2_S3_L004_R1_001.fastq.gz', 's3://human-pangenomics/working/HPRC/HG00126/raw_data/hic/HG00126-2_FC1_S4_L004_R1_001.fastq.gz', 's3://human-pangenomics/working/HPRC/HG00126/raw_data/hic/HG00126-2_FC2_S4_L004_R1_001.fastq.gz']","['s3://human-pangenomics/working/HPRC/HG00126/raw_data/hic/HG00126-1_FC1_S3_L004_R2_001.fastq.gz', 's3://human-pangenomics/working/HPRC/HG00126/raw_data/hic/HG00126-1_FC2_S3_L004_R2_001.fastq.gz', 's3://human-pangenomics/working/HPRC/HG00126/raw_data/hic/HG00126-2_FC1_S4_L004_R2_001.fastq.gz', 's3://human-pangenomics/working/HPRC/HG00126/raw_data/hic/HG00126-2_FC2_S4_L004_R2_001.fastq.gz']",['s3://human-pangenomics/working/HPRC/HG00126/raw_data/Illumina/child/HG00126.final.cram']
1,HG00128,SAMN41021641,HPRC,YR4,female,False,NA,NA,GBR,EUR,UW,"['s3://human-pangenomics/working/HPRC/HG00128/raw_data/PacBio_HiFi/m84046_230617_043254_s3.hifi_reads.bc2044.bam', 's3://human-pangenomics/working/HPRC/HG00128/raw_data/PacBio_HiFi/m84046_230602_203207_s4.hifi_reads.bc2044.bam', 's3://human-pangenomics/working/HPRC/HG00128/raw_data/PacBio_HiFi/m84046_230617_050400_s4.hifi_reads.bc2044.bam', 's3://human-pangenomics/working/HPRC/HG00128/raw_data/PacBio_HiFi/m84046_230630_233157_s3.bc2069--bc2069.bam']",66,"['s3://human-pangenomics/working/HPRC/HG00128/raw_data/nanopore/dorado0.6.0_sup4.3.0_5mCG_5hmCG/11_7_23_R1041_HPRC_HG00128_2_dorado0.6.0_sup4.3.0_5mCG_5hmCG.bam', 's3://human-pangenomics/working/HPRC/HG00128/raw_data/nanopore/dorado0.6.0_sup4.3.0_5mCG_5hmCG/11_7_23_R1041_HPRC_HG00128_3_dorado0.6.0_sup4.3.0_5mCG_5hmCG.bam', 's3://human-pangenomics/working/HPRC/HG00128/raw_data/nanopore/dorado0.6.0_sup4.3.0_5mCG_5hmCG/11_7_23_R1041_HPRC_HG00128_1_dorado0.6.0_sup4.3.0_5mCG_5hmCG.bam']",27.52,"['s3://human-pangenomics/working/HPRC/HG00128/raw_data/hic/HG00128-1_FC1_S9_L004_R1_001.fastq.gz', 's3://human-pangenomics/working/HPRC/HG00128/raw_data/hic/HG00128-1_FC1_S9_L004_R2_001.fastq.gz', 's3://human-pangenomics/working/HPRC/HG00128/raw_data/hic/HG00128-1_FC2_S9_L004_R1_001.fastq.gz', 's3://human-pangenomics/working/HPRC/HG00128/raw_data/hic/HG00128-1_FC2_S9_L004_R2_001.fastq.gz', 's3://human-pangenomics/working/HPRC/HG00128/raw_data/hic/HG00128-2_FC1_S10_L004_R1_001.fastq.gz', 's3://human-pangenomics/working/HPRC/HG00128/raw_data/hic/HG00128-2_FC1_S10_L004_R2_001.fastq.gz', 's3://human-pangenomics/working/HPRC/HG00128/raw_data/hic/HG00128-2_FC2_S10_L004_R1_001.fastq.gz', 's3://human-pangenomics/working/HPRC/HG00128/raw_data/hic/HG00128-2_FC2_S10_L004_R2_001.fastq.gz']",44.66,"['s3://human-pangenomics/working/HPRC/HG00128/raw_data/hic/HG00128-1_FC1_S9_L004_R1_001.fastq.gz', 's3://human-pangenomics/working/HPRC/HG00128/raw_data/hic/HG00128-1_FC2_S9_L004_R1_001.fastq.gz', 's3://human-pangenomics/working/HPRC/HG00128/raw_data/hic/HG00128-2_FC1_S10_L004_R1_001.fastq.gz', 's3://human-pangenomics/working/HPRC/HG00128/raw_data/hic/HG00128-2_FC2_S10_L004_R1_001.fastq.gz']","['s3://human-pangenomics/working/HPRC/HG00128/raw_data/hic/HG00128-1_FC1_S9_L004_R2_001.fastq.gz', 's3://human-pangenomics/working/HPRC/HG00128/raw_data/hic/HG00128-1_FC2_S9_L004_R2_001.fastq.gz', 's3://human-pangenomics/working/HPRC/HG00128/raw_data/hic/HG00128-2_FC1_S10_L004_R2_001.fastq.gz', 's3://human-pangenomics/working/HPRC/HG00128/raw_data/hic/HG00128-2_FC2_S10_L004_R2_001.fastq.gz']",['s3://human-pangenomics/working/HPRC/HG00128/raw_data/Illumina/child/HG00128.final.cram']
2,HG00133,SAMN41021638,HPRC,YR4,female,False,NA,NA,GBR,EUR,UW,"['s3://human-pangenomics/working/HPRC/HG00133/raw_data/PacBio_HiFi/m84046_230621_231827_s1.hifi_reads.bc2045.bam', 's3://human-pangenomics/working/HPRC/HG00133/raw_data/PacBio_HiFi/m84046_230617_043254_s3.hifi_reads.bc2045.bam', 's3://human-pangenomics/working/HPRC/HG00133/raw_data/PacBio_HiFi/m84046_230617_050400_s4.hifi_reads.bc2045.bam', 's3://human-pangenomics/working/HPRC/HG00133/raw_data/PacBio_HiFi/m84046_230719_001055_s4.hifi_reads.bc2085.bam', 's3://human-pangenomics/working/HPRC/HG00133/raw_data/PacBio_HiFi/m84046_230602_203207_s4.hifi_reads.bc2045.bam', 's3://human-pangenomics/working/HPRC/HG00133/raw_data/PacBio_HiFi/m84046_230621_234848_s2.hifi_reads.bc2045.bam']",66,"['s3://human-pangenomics/working/HPRC/HG00133/raw_data/nanopore/dorado0.6.0_sup4.3.0_5mCG_5hmCG/08_29_23_R1041_HPRC_HG00133_1_dorado0.6.0_sup4.3.0_5mCG_5hmCG.bam', 's3://human-pangenomics/working/HPRC/HG00133/raw_data/nanopore/dorado0.6.0_sup4.3.0_5mCG_5hmCG/08_29_23_R1041_HPRC_HG00133_2_dorado0.6.0_sup4.3.0_5mCG_5hmCG.bam', 's3://human-pangenomics/working/HPRC/HG00133/raw_data/nanopore/dorado0.6.0_sup4.3.0_5mCG_5hmCG/08_29_23_R1041_HPRC_HG00133_3_dorado0.6.0_sup4.3.0_5mCG_5hmCG.bam']",35.02,"['s3://human-pangenomics/working/HPRC/HG00133/raw_data/hic/HG00133-1_FC1_S5_L004_R1_001.fastq.gz', 's3://human-pangenomics/working/HPRC/HG00133/raw_data/hic/HG00133-1_FC1_S5_L004_R2_001.fastq.gz', 's3://human-pangenomics/working/HPRC/HG00133/raw_data/hic/HG00133-1_FC2_S5_L004_R1_001.fastq.gz', 's3://human-pangenomics/working/HPRC/HG00133/raw_data/hic/HG00133-1_FC2_S5_L004_R2_001.fastq.gz', 's3://human-pangenomics/working/HPRC/HG00133/raw_data/hic/HG00133-2_FC1_S6_L004_R1_001.fastq.gz', 's3://human-pangenomics/working/HPRC/HG00133/raw_data/hic/HG00133-2_FC1_S6_L004_R2_001.fastq.gz', 's3://human-pangenomics/working/HPRC/HG00133/raw_data/hic/HG00133-2_FC2_S6_L004_R1_001.fastq.gz', 's3://human-pangenomics/working/HPRC/HG00133/raw_data/hic/HG00133-2_FC2_S6_L004_R2_001.fastq.gz']",46.86,"['s3://human-pangenomics/working/HPRC/HG00133/raw_data/hic/HG00133-1_FC1_S5_L004_R1_001.fastq.gz', 's3://human-pangenomics/working/HPRC/HG00133/raw_data/hic/HG00133-1_FC2_S5_L004_R1_001.fastq.gz', 's3://human-pangenomics/working/HPRC/HG00133/raw_data/hic/HG00133-2_FC1_S6_L004_R1_001.fastq.gz', 's3://human-pangenomics/working/HPRC/HG00133/raw_data/hic/HG00133-2_FC2_S6_L004_R1_001.fastq.gz']","['s3://human-pangenomics/working/HPRC/HG00133/raw_data/hic/HG00133-1_FC1_S5_L004_R2_001.fastq.gz', 's3://human-pangenomics/working/HPRC/HG00133/raw_data/hic/HG00133-1_FC2_S5_L004_R2_001.fastq.gz', 's3://human-pangenomics/working/HPRC/HG00133/raw_data/hic/HG00133-2_FC1_S6_L004_R2_001.fastq.gz', 's3://human-pangenomics/working/HPRC/HG00133/raw_data/hic/HG00133-2_FC2_S6_L004_R2_001.fastq.gz']",['s3://human-pangenomics/working/HPRC/HG00133/raw_data/Illumina/child/HG00133.final.cram']
3,HG00146,SAMN41021634,HPRC,YR4,female,False,NA,NA,GBR,EUR,WashU,"['s3://human-pangenomics/working/HPRC/HG00146/raw_data/PacBio_HiFi/m84081_230616_182824_s3.hifi_reads.bc2013.bam', 's3://human-pangenomics/working/HPRC/HG00146/raw_data/PacBio_HiFi/m84081_230616_185930_s4.hifi_reads.bc2013.bam']",73,"['s3://human-pangenomics/working/HPRC/HG00146/raw_data/nanopore/dorado0.6.0_sup4.3.0_5mCG_5hmCG/11_14_23_R1041_HPRC_HG00146_1_dorado0.6.0_sup4.3.0_5mCG_5hmCG.bam', 's3://human-pangenomics/working/HPRC/HG00146/raw_data/nanopore/dorado0.6.0_sup4.3.0_5mCG_5hmCG/01_23_24_R1041_HPRC_HG00146_2_dorado0.6.0_sup4.3.0_5mCG_5hmCG.bam', 's3://human-pangenomics/working/HPRC/HG00146/raw_data/nanopore/dorado0.6.0_sup4.3.0_5mCG_5hmCG/01_23_24_R1041_HPRC_HG00146_3_dorado0.6.0_sup4.3.0_5mCG_5hmCG.bam', 's3://human-pangenomics/working/HPRC/HG00146/raw_data/nanopore/dorado0.6.0_sup4.3.0_5mCG_5hmCG/01_23_24_R1041_HPRC_HG00146_1_dorado0.6.0_sup4.3.0_5mCG_5hmCG.bam', 's3://human-pangenomics/working/HPRC/HG00146/raw_data/nanopore/dorado0.6.0_sup4.3.0_5mCG_5hmCG/11_14_23_R1041_HPRC_HG00146_2_dorado0.6.0_sup4.3.0_5mCG_5hmCG.bam', 's3://human-pangenomics/working/HPRC/HG00146/raw_data/nanopore/dorado0.6.0_sup4.3.0_5mCG_5hmCG/11_14_23_R1041_HPRC_HG00146_3_dorado0.6.0_sup4.3.0_5mCG_5hmCG.bam']",38.56,"['s3://human-pangenomics/working/HPRC/HG00146/raw_data/hic/HG00146-1_FC1_S5_L003_R1_001.fastq.gz', 's3://human-pangenomics/working/HPRC/HG00146/raw_data/hic/HG00146-1_FC1_S5_L003_R2_001.fastq.gz', 's3://human-pangenomics/working/HPRC/HG00146/raw_data/hic/HG00146-1_FC2_S5_L003_R1_001.fastq.gz', 's3://human-pangenomics/working/HPRC/HG00146/raw_data/hic/HG00146-1_FC2_S5_L003_R2_001.fastq.gz', 's3://human-pangenomics/working/HPRC/HG00146/raw_data/hic/HG00146-2_FC1_S6_L003_R1_001.fastq.gz', 's3://human-pangenomics/working/HPRC/HG00146/raw_data/hic/HG00146-2_FC1_S6_L003_R2_001.fastq.gz', 's3://human-pangenomics/working/HPRC/HG00146/raw_data/hic/HG00146-2_FC2_S6_L003_R1_001.fastq.gz', 's3://human-pangenomics/working/HPRC/HG00146/raw_data/hic/HG00146-2_FC2_S6_L003_R2_001.fastq.gz']",66.24,"['s3://human-pangenomics/working/HPRC/HG00146/raw_data/hic/HG00146-1_FC1_S5_L003_R1_001.fastq.gz', 's3://human-pangenomics/working/HPRC/HG00146/raw_data/hic/HG00146-1_FC2_S5_L003_R1_001.fastq.gz', 's3://human-pangenomics/working/HPRC/HG00146/raw_data/hic/HG00146-2_FC1_S6_L003_R1_001.fastq.gz', 's3://human-pangenomics/working/HPRC/HG00146/raw_data/hic/HG00146-2_FC2_S6_L003_R1_001.fastq.gz']","['s3://human-pangenomics/working/HPRC/HG00146/raw_data/hic/HG00146-1_FC1_S5_L003_R2_001.fastq.gz', 's3://human-pangenomics/working/HPRC/HG00146/raw_data/hic/HG00146-1_FC2_S5_L003_R2_001.fastq.gz', 's3://human-pangenomics/working/HPRC/HG00146/raw_data/hic/HG00146-2_FC1_S6_L003_R2_001.fastq.gz', 's3://human-pangenomics/working/HPRC/HG00146/raw_data/hic/HG00146-2_FC2_S6_L003_R2_001.fastq.gz']",['s3://human-pangenomics/working/HPRC/HG00146/raw_data/Illumina/child/HG00146.final.cram']
4,HG00232,SAMN41021635,HPRC,YR4,female,False,NA,NA,GBR,EUR,WashU,"['s3://human-pangenomics/working/HPRC/HG00232/raw_data/PacBio_HiFi/m84081_230623_202140_s1.hifi_reads.bc2014.bam', 's3://human-pangenomics/working/HPRC/HG00232/raw_data/PacBio_HiFi/m84081_230623_205201_s2.hifi_reads.bc2014.bam', 's3://human-pangenomics/working/HPRC/HG00232/raw_data/PacBio_HiFi/m84081_230714_201817_s1.hifi_reads.bc2014.bam', 's3://human-pangenomics/working/HPRC/HG00232/raw_data/PacBio_HiFi/m84081_230714_205519_s2.hifi_reads.bc2014.bam', 's3://human-pangenomics/working/HPRC/HG00232/raw_data/PacBio_HiFi/m84081_230714_212624_s3.hifi_reads.bc2014.bam', 's3://human-pangenomics/working/HPRC/HG00232/raw_data/PacBio_HiFi/m84081_230714_215730_s4.hifi_reads.bc2014.bam']",62,"['s3://human-pangenomics/working/HPRC/HG00232/raw_data/nanopore/dorado0.6.0_sup4.3.0_5mCG_5hmCG/01_23_24_R1041_HPRC_HG00232_2_dorado0.6.0_sup4.3.0_5mCG_5hmCG.bam', 's3://human-pangenomics/working/HPRC/HG00232/raw_data/nanopore/dorado0.6.0_sup4.3.0_5mCG_5hmCG/11_14_23_R1041_HPRC_HG00232_1_dorado0.6.0_sup4.3.0_5mCG_5hmCG.bam', 's3://human-pangenomics/working/HPRC/HG00232/raw_data/nanopore/dorado0.6.0_sup4.3.0_5mCG_5hmCG/01_23_24_R1041_HPRC_HG00232_3_dorado0.6.0_sup4.3.0_5mCG_5hmCG.bam', 's3://human-pangenomics/working/HPRC/HG00232/raw_data/nanopore/dorado0.6.0_sup4.3.0_5mCG_5hmCG/11_14_23_R1041_HPRC_HG00232_4_dorado0.6.0_sup4.3.0_5mCG_5hmCG.bam', 's3://human-pangenomics/working/HPRC/HG00232/raw_data/nanopore/dorado0.6.0_sup4.3.0_5mCG_5hmCG/11_14_23_R1041_HPRC_HG00232_2_dorado0.6.0_sup4.3.0_5mCG_5hmCG.bam', 's3://human-pangenomics/working/HPRC/HG00232/raw_data/nanopore/dorado0.6.0_sup4.3.0_5mCG_5hmCG/01_23_24_R1041_HPRC_HG00232_1_dorado0.6.0_sup4.3.0_5mCG_5hmCG.bam', 's3://human-pangenomics/working/HPRC/HG00232/raw_data/nanopore/dorado0.6.0_sup4.3.0_5mCG_5hmCG/01_23_24_R1041_HPRC_HG00232_4_dorado0.6.0_sup4.3.0_5mCG_5hmCG.bam', 's3://human-pangenomics/working/HPRC/HG00232/raw_data/nanopore/dorado0.6.0_sup4.3.0_5mCG_5hmCG/11_14_23_R1041_HPRC_HG00232_3_dorado0.6.0_sup4.3.0_5mCG_5hmCG.bam']",23.97,"['s3://human-pangenomics/working/HPRC/HG00232/raw_data/hic/HG00232-1_FC1_S7_L003_R1_001.fastq.gz', 's3://human-pangenomics/working/HPRC/HG00232/raw_data/hic/HG00232-1_FC1_S7_L003_R2_001.fastq.gz', 's3://human-pangenomics/working/HPRC/HG00232/raw_data/hic/HG00232-1_FC2_S7_L003_R1_001.fastq.gz', 's3://human-pangenomics/working/HPRC/HG00232/raw_data/hic/HG00232-1_FC2_S7_L003_R2_001.fastq.gz', 's3://human-pangenomics/working/HPRC/HG00232/raw_data/hic/HG00232-2_FC1_S8_L003_R1_001.fastq.gz', 's3://human-pangenomics/working/HPRC/HG00232/raw_data/hic/HG00232-2_FC1_S8_L003_R2_001.fastq.gz', 's3://human-pangenomics/working/HPRC/HG00232/raw_data/hic/HG00232-2_FC2_S8_L003_R1_001.fastq.gz', 's3://human-pangenomics/working/HPRC/HG00232/raw_data/hic/HG00232-2_FC2_S8_L003_R2_001.fastq.gz']",57.06,"['s3://human-pangenomics/working/HPRC/HG00232/raw_data/hic/HG00232-1_FC1_S7_L003_R1_001.fastq.gz', 's3://human-pangenomics/working/HPRC/HG00232/raw_data/hic/HG00232-1_FC2_S7_L003_R1_001.fastq.gz', 's3://human-pangenomics/working/HPRC/HG00232/raw_data/hic/HG00232-2_FC1_S8_L003_R1_001.fastq.gz', 's3://human-pangenomics/working/HPRC/HG00232/raw_data/hic/HG00232-2_FC2_S8_L003_R1_001.fastq.gz']","['s3://human-pangenomics/working/HPRC/HG00232/raw_data/hic/HG00232-1_FC1_S7_L003_R2_001.fastq.gz', 's3://human-pangenomics/working/HPRC/HG00232/raw_data/hic/HG00232-1_FC2_S7_L003_R2_001.fastq.gz', 's3://human-pangenomics/working/HPRC/HG00232/raw_data/hic/HG00232-2_FC1_S8_L003_R2_001.fastq.gz', 's3://human-pangenomics/working/HPRC/HG00232/raw_data/hic/HG00232-2_FC2_S8_L003_R2_001.fastq.gz']",['s3://human-pangenomics/working/HPRC/HG00232/raw_data/Illumina/child/HG00232.final.cram']
5,HG00290,SAMN41021639,HPRC,YR4,male,True,NA,NA,FIN,EUR,UW,"['s3://human-pangenomics/working/HPRC/HG00290/raw_data/PacBio_HiFi/m84046_230627_204123_s2.hifi_reads.bc2052.bam', 's3://human-pangenomics/working/HPRC/HG00290/raw_data/PacBio_HiFi/m84046_230623_203534_s4.hifi_reads.bc2052.bam', 's3://human-pangenomics/working/HPRC/HG00290/raw_data/PacBio_HiFi/m84046_230627_201017_s1.hifi_reads.bc2052.bam', 's3://human-pangenomics/working/HPRC/HG00290/raw_data/PacBio_HiFi/m84046_230630_233157_s3.bc2052--bc2052.bam', 's3://human-pangenomics/working/HPRC/HG00290/raw_data/PacBio_HiFi/m84046_230712_224626_s1.hifi_reads.bc2052.bam']",63,"['s3://human-pangenomics/working/HPRC/HG00290/raw_data/nanopore/dorado0.6.0_sup4.3.0_5mCG_5hmCG/01_23_24_R1041_HPRC_HG00290_1_dorado0.6.0_sup4.3.0_5mCG_5hmCG.bam', 's3://human-pangenomics/working/HPRC/HG00290/raw_data/nanopore/dorado0.6.0_sup4.3.0_5mCG_5hmCG/11_7_23_R1041_HPRC_HG00290_1_dorado0.6.0_sup4.3.0_5mCG_5hmCG.bam', 's3://human-pangenomics/working/HPRC/HG00290/raw_data/nanopore/dorado0.6.0_sup4.3.0_5mCG_5hmCG/11_7_23_R1041_HPRC_HG00290_2_dorado0.6.0_sup4.3.0_5mCG_5hmCG.bam', 's3://human-pangenomics/working/HPRC/HG00290/raw_data/nanopore/dorado0.6.0_sup4.3.0_5mCG_5hmCG/01_23_24_R1041_HPRC_HG00290_2_dorado0.6.0_sup4.3.0_5mCG_5hmCG.bam', 's3://human-pangenomics/working/HPRC/HG00290/raw_data/nanopore/dorado0.6.0_sup4.3.0_5mCG_5hmCG/11_7_23_R1041_HPRC_HG00290_3_dorado0.6.0_sup4.3.0_5mCG_5hmCG.bam']",35.56,"['s3://human-pangenomics/working/HPRC/HG00290/raw_data/hic/HG00290-1_FC1_S7_L004_R1_001.fastq.gz', 's3://human-pangenomics/working/HPRC/HG00290/raw_data/hic/HG00290-1_FC1_S7_L004_R2_001.fastq.gz', 's3://human-pangenomics/working/HPRC/HG00290/raw_data/hic/HG00290-1_FC2_S7_L004_R1_001.fastq.gz', 's3://human-pangenomics/working/HPRC/HG00290/raw_data/hic/HG00290-1_FC2_S7_L004_R2_001.fastq.gz', 's3://human-pangenomics/working/HPRC/HG00290/raw_data/hic/HG00290-2_FC1_S8_L004_R1_001.fastq.gz', 's3://human-pangenomics/working/HPRC/HG00290/raw_data/hic/HG00290-2_FC1_S8_L004_R2_001.fastq.gz', 's3://human-pangenomics/working/HPRC/HG00290/raw_data/hic/HG00290-2_FC2_S8_L004_R1_001.fastq.gz', 's3://human-pangenomics/working/HPRC/HG00290/raw_data/hic/HG00290-2_FC2_S8_L004_R2_001.fastq.gz']",54.7,"['s3://human-pangenomics/working/HPRC/HG00290/raw_data/hic/HG00290-1_FC1_S7_L004_R1_001.fastq.gz', 's3://human-pangenomics/working/HPRC/HG00290/raw_data/hic/HG00290-1_FC2_S7_L004_R1_001.fastq.gz', 's3://human-pangenomics/working/HPRC/HG00290/raw_data/hic/HG00290-2_FC1_S8_L004_R1_001.fastq.gz', 's3://human-pangenomics/working/HPRC/HG00290/raw_data/hic/HG00290-2_FC2_S8_L004_R1_001.fastq.gz']","['s3://human-pangenomics/working/HPRC/HG00290/raw_data/hic/HG00290-1_FC1_S7_L004_R2_001.fastq.gz', 's3://human-pangenomics/working/HPRC/HG00290/raw_data/hic/HG00290-1_FC2_S7_L004_R2_001.fastq.gz', 's3://human-pangenomics/working/HPRC/HG00290/raw_data/hic/HG00290-2_FC1_S8_L004_R2_001.fastq.gz', 's3://human-pangenomics/working/HPRC/HG00290/raw_data/hic/HG00290-2_FC2_S8_L004_R2_001.fastq.gz']",['s3://human-pangenomics/working/HPRC/HG00290/raw_data/Illumina/child/HG00290.final.cram']
6,HG00320,SAMN41021632,HPRC,YR4,female,False,NA,NA,FIN,EUR,WashU,"['s3://human-pangenomics/working/HPRC/HG00320/raw_data/PacBio_HiFi/m84081_230610_202430_s3.hifi_reads.bc2011.bam', 's3://human-pangenomics/working/HPRC/HG00320/raw_data/PacBio_HiFi/m84081_230610_205536_s4.hifi_reads.bc2011.bam']",68,"['s3://human-pangenomics/working/HPRC/HG00320/raw_data/nanopore/dorado0.6.0_sup4.3.0_5mCG_5hmCG/12_12_23_R1041_HPRC_HG00320_1_dorado0.6.0_sup4.3.0_5mCG_5hmCG.bam', 's3://human-pangenomics/working/HPRC/HG00320/raw_data/nanopore/dorado0.6.0_sup4.3.0_5mCG_5hmCG/12_12_23_R1041_HPRC_HG00320_2_dorado0.6.0_sup4.3.0_5mCG_5hmCG.bam', 's3://human-pangenomics/working/HPRC/HG00320/raw_data/nanopore/dorado0.6.0_sup4.3.0_5mCG_5hmCG/12_12_23_R1041_HPRC_HG00320_3_dorado0.6.0_sup4.3.0_5mCG_5hmCG.bam']",31.63,"['s3://human-pangenomics/working/HPRC/HG00320/raw_data/hic/HG00320-1_FC1_S9_L003_R1_001.fastq.gz', 's3://human-pangenomics/working/HPRC/HG00320/raw_data/hic/HG00320-1_FC1_S9_L003_R2_001.fastq.gz', 's3://human-pangenomics/working/HPRC/HG00320/raw_data/hic/HG00320-1_FC2_S9_L003_R1_001.fastq.gz', 's3://human-pangenomics/working/HPRC/HG00320/raw_data/hic/HG00320-1_FC2_S9_L003_R2_001.fastq.gz', 's3://human-pangenomics/working/HPRC/HG00320/raw_data/hic/HG00320-2_FC1_S10_L003_R1_001.fastq.gz', 's3://human-pangenomics/working/HPRC/HG00320/raw_data/hic/HG00320-2_FC1_S10_L003_R2_001.fastq.gz', 's3://human-pangenomics/working/HPRC/HG00320/raw_data/hic/HG00320-2_FC2_S10_L003_R1_001.fastq.gz', 's3://human-pangenomics/working/HPRC/HG00320/raw_data/hic/HG00320-2_FC2_S10_L003_R2_001.fastq.gz']",75.32,"['s3://human-pangenomics/working/HPRC/HG00320/raw_data/hic/HG00320-1_FC1_S9_L003_R1_001.fastq.gz', 's3://human-pangenomics/working/HPRC/HG00320/raw_data/hic/HG00320-1_FC2_S9_L003_R1_001.fastq.gz', 's3://human-pangenomics/working/HPRC/HG00320/raw_data/hic/HG00320-2_FC1_S10_L003_R1_001.fastq.gz', 's3://human-pangenomics/working/HPRC/HG00320/raw_data/hic/HG00320-2_FC2_S10_L003_R1_001.fastq.gz']","['s3://human-pangenomics/working/HPRC/HG00320/raw_data/hic/HG00320-1_FC1_S9_L003_R2_001.fastq.gz', 's3://human-pangenomics/working/HPRC/HG00320/raw_data/hic/HG00320-1_FC2_S9_L003_R2_001.fastq.gz', 's3://human-pangenomics/working/HPRC/HG00320/raw_data/hic/HG00320-2_FC1_S10_L003_R2_001.fastq.gz', 's3://human-pangenomics/working/HPRC/HG00320/raw_data/hic/HG00320-2_FC2_S10_L003_R2_001.fastq.gz']",['s3://human-pangenomics/working/HPRC/HG00320/raw_data/Illumina/child/HG00320.final.cram']
7,HG00867,SAMN41021616,HPRC,YR4,female,False,NA,NA,CDX,EAS,RU,"['s3://human-pangenomics/working/HPRC/HG00867/raw_data/PacBio_HiFi/m84091_230629_184115_s3.hifi_reads.bc1003.bam', 's3://human-pangenomics/working/HPRC/HG00867/raw_data/PacBio_HiFi/m84091_230703_165220_s2.hifi_reads.bc1003.bam', 's3://human-pangenomics/working/HPRC/HG00867/raw_data/PacBio_HiFi/m84091_230710_183139_s4.hifi_reads.bc1003.bam']",62,"['s3://human-pangenomics/working/HPRC/HG00867/raw_data/nanopore/dorado0.6.0_sup4.3.0_5mCG_5hmCG/11_7_23_R1041_HPRC_HG00867_3_dorado0.6.0_sup4.3.0_5mCG_5hmCG.bam', 's3://human-pangenomics/working/HPRC/HG00867/raw_data/nanopore/dorado0.6.0_sup4.3.0_5mCG_5hmCG/11_7_23_R1041_HPRC_HG00867_2_dorado0.6.0_sup4.3.0_5mCG_5hmCG.bam', 's3://human-pangenomics/working/HPRC/HG00867/raw_data/nanopore/dorado0.6.0_sup4.3.0_5mCG_5hmCG/11_7_23_R1041_HPRC_HG00867_1_dorado0.6.0_sup4.3.0_5mCG_5hmCG.bam']",28.56,"['s3://human-pangenomics/working/HPRC/HG00867/raw_data/hic/HG00867-1_FC1_S7_L001_R1_001.fastq.gz', 's3://human-pangenomics/working/HPRC/HG00867/raw_data/hic/HG00867-1_FC1_S7_L001_R2_001.fastq.gz', 's3://human-pangenomics/working/HPRC/HG00867/raw_data/hic/HG00867-1_FC2_S7_L001_R1_001.fastq.gz', 's3://human-pangenomics/working/HPRC/HG00867/raw_data/hic/HG00867-1_FC2_S7_L001_R2_001.fastq.gz', 's3://human-pangenomics/working/HPRC/HG00867/raw_data/hic/HG00867-2_FC1_S8_L001_R1_001.fastq.gz', 's3://human-pangenomics/working/HPRC/HG00867/raw_data/hic/HG00867-2_FC1_S8_L001_R2_001.fastq.gz', 's3://human-pangenomics/working/HPRC/HG00867/raw_data/hic/HG00867-2_FC2_S8_L001_R1_001.fastq.gz', 's3://human-pangenomics/working/HPRC/HG00867/raw_data/hic/HG00867-2_FC2_S8_L001_R2_001.fastq.gz']",90.26,"['s3://human-pangenomics/working/HPRC/HG00867/raw_data/hic/HG00867-1_FC1_S7_L001_R1_001.fastq.gz', 's3://human-pangenomics/working/HPRC/HG00867/raw_data/hic/HG00867-1_FC2_S7_L001_R1_001.fastq.gz', 's3://human-pangenomics/working/HPRC/HG00867/raw_data/hic/HG00867-2_FC1_S8_L001_R1_001.fastq.gz', 's3://human-pangenomics/working/HPRC/HG00867/raw_data/hic/HG00867-2_FC2_S8_L001_R1_001.fastq.gz']","['s3://human-pangenomics/working/HPRC/HG00867/raw_data/hic/HG00867-1_FC1_S7_L001_R2_001.fastq.gz', 's3://human-pangenomics/working/HPRC/HG00867/raw_data/hic/HG00867-1_FC2_S7_L001_R2_001.fastq.gz', 's3://human-pangenomics/working/HPRC/HG00867/raw_data/hic/HG00867-2_FC1_S8_L001_R2_001.fastq.gz', 's3://human-pangenomics/working/HPRC/HG00867/raw_data/hic/HG00867-2_FC2_S8_L001_R2_001.fastq.gz']",['s3://human-pangenomics/working/HPRC/HG00867/raw_data/Illumina/child/HG00867.final.cram']
8,HG02178,SAMN41021617,HPRC,YR4,female,False,NA,NA,CDX,EAS,RU,"['s3://human-pangenomics/working/HPRC/HG02178/raw_data/PacBio_HiFi/m84091_230629_191221_s4.hifi_reads.bc1008.bam', 's3://human-pangenomics/working/HPRC/HG02178/raw_data/PacBio_HiFi/m84091_230705_181402_s3.hifi_reads.bc1008.bam', 's3://human-pangenomics/working/HPRC/HG02178/raw_data/PacBio_HiFi/m84091_230710_180033_s3.hifi_reads.bc1008.bam']",63,"['s3://human-pangenomics/working/HPRC/HG02178/raw_data/nanopore/dorado0.6.0_sup4.3.0_5mCG_5hmCG/12_12_23_R1041_HPRC_HG02178_2_dorado0.6.0_sup4.3.0_5mCG_5hmCG.bam', 's3://human-pangenomics/working/HPRC/HG02178/raw_data/nanopore/dorado0.6.0_sup4.3.0_5mCG_5hmCG/12_12_23_R1041_HPRC_HG02178_3_dorado0.6.0_sup4.3.0_5mCG_5hmCG.bam', 's3://human-pangenomics/working/HPRC/HG02178/raw_data/nanopore/dorado0.6.0_sup4.3.0_5mCG_5hmCG/12_12_23_R1041_HPRC_HG02178_1_dorado0.6.0_sup4.3.0_5mCG_5hmCG.bam']",22.52,"['s3://human-pangenomics/working/HPRC/HG02178/raw_data/hic/HG02178-1_FC1_S9_L001_R1_001.fastq.gz', 's3://human-pangenomics/working/HPRC/HG02178/raw_data/hic/HG02178-1_FC1_S9_L001_R2_001.fastq.gz', 's3://human-pangenomics/working/HPRC/HG02178/raw_data/hic/HG02178-1_FC2_S9_L001_R1_001.fastq.gz', 's3://human-pangenomics/working/HPRC/HG02178/raw_data/hic/HG02178-1_FC2_S9_L001_R2_001.fastq.gz', 's3://human-pangenomics/working/HPRC/HG02178/raw_data/hic/HG02178-2_FC1_S10_L001_R1_001.fastq.gz', 's3://human-pangenomics/working/HPRC/HG02178/raw_data/hic/HG02178-2_FC1_S10_L001_R2_001.fastq.gz', 's3://human-pangenomics/working/HPRC/HG02178/raw_data/hic/HG02178-2_FC2_S10_L001_R1_001.fastq.gz', 's3://human-pangenomics/working/HPRC/HG02178/raw_data/hic/HG02178-2_FC2_S10_L001_R2_001.fastq.gz']",44.86,"['s3://human-pangenomics/working/HPRC/HG02178/raw_data/hic/HG02178-1_FC1_S9_L001_R1_001.fastq.gz', 's3://human-pangenomics/working/HPRC/HG02178/raw_data/hic/HG02178-1_FC2_S9_L001_R1_001.fastq.gz', 's3://human-pangenomics/working/HPRC/HG02178/raw_data/hic/HG02178-2_FC1_S10_L001_R1_001.fastq.gz', 's3://human-pangenomics/working/HPRC/HG02178/raw_data/hic/HG02178-2_FC2_S10_L001_R1_001.fastq.gz']","['s3://human-pangenomics/working/HPRC/HG02178/raw_data/hic/HG02178-1_FC1_S9_L001_R2_001.fastq.gz', 's3://human-pangenomics/working/HPRC/HG02178/raw_data/hic/HG02178-1_FC2_S9_L001_R2_001.fastq.gz', 's3://human-pangenomics/working/HPRC/HG02178/raw_data/hic/HG02178-2_FC1_S10_L001_R2_001.fastq.gz', 's3://human-pangenomics/working/HPRC/HG02178/raw_data/hic/HG02178-2_FC2_S10_L001_R2_001.fastq.gz']",['s3://human-pangenomics/working/HPRC/HG02178/raw_data/Illumina/child/HG02178.final.cram']
9,HG02392,SAMN41021615,HPRC,YR4,male,True,NA,NA,CDX,EAS,RU,"['s3://human-pangenomics/working/HPRC/HG02392/raw_data/PacBio_HiFi/m84091_230629_181009_s2.hifi_reads.bc1002.bam', 's3://human-pangenomics/working/HPRC/HG02392/raw_data/PacBio_HiFi/m84091_230705_171239_s1.hifi_reads.bc1002.bam', 's3://human-pangenomics/working/HPRC/HG02392/raw_data/PacBio_HiFi/m84091_230710_180033_s3.hifi_reads.bc1002.bam', 's3://human-pangenomics/working/HPRC/HG02392/raw_data/PacBio_HiFi/m84091_230727_143029_s4.hifi_reads.bc1002.bam', 's3://human-pangenomics/working/HPRC/HG02392/raw_data/PacBio_HiFi/m84091_230817_153352_s4.hifi_reads.bc1002.bam']",62,"['s3://human-pangenomics/working/HPRC/HG02392/raw_data/nanopore/dorado0.6.0_sup4.3.0_5mCG_5hmCG/10_31_23_R1041_HPRC_HG02392_2_dorado0.6.0_sup4.3.0_5mCG_5hmCG.bam', 's3://human-pangenomics/working/HPRC/HG02392/raw_data/nanopore/dorado0.6.0_sup4.3.0_5mCG_5hmCG/10_31_23_R1041_HPRC_HG02392_3_dorado0.6.0_sup4.3.0_5mCG_5hmCG.bam', 's3://human-pangenomics/working/HPRC/HG02392/raw_data/nanopore/dorado0.6.0_sup4.3.0_5mCG_5hmCG/10_31_23_R1041_HPRC_HG02392_1_dorado0.6.0_sup4.3.0_5mCG_5hmCG.bam']",36.66,"['s3://human-pangenomics/working/HPRC/HG02392/raw_data/hic/HG02392-1_FC1_S5_L001_R1_001.fastq.gz', 's3://human-pangenomics/working/HPRC/HG02392/raw_data/hic/HG02392-1_FC1_S5_L001_R2_001.fastq.gz', 's3://human-pangenomics/working/HPRC/HG02392/raw_data/hic/HG02392-1_FC2_S5_L001_R1_001.fastq.gz', 's3://human-pangenomics/working/HPRC/HG02392/raw_data/hic/HG02392-1_FC2_S5_L001_R2_001.fastq.gz', 's3://human-pangenomics/working/HPRC/HG02392/raw_data/hic/HG02392-2_FC1_S6_L001_R1_001.fastq.gz', 's3://human-pangenomics/working/HPRC/HG02392/raw_data/hic/HG02392-2_FC1_S6_L001_R2_001.fastq.gz', 's3://human-pangenomics/working/HPRC/HG02392/raw_data/hic/HG02392-2_FC2_S6_L001_R1_001.fastq.gz', 's3://human-pangenomics/working/HPRC/HG02392/raw_data/hic/HG02392-2_FC2_S6_L001_R2_001.fastq.gz']",50.18,"['s3://human-pangenomics/working/HPRC/HG02392/raw_data/hic/HG02392-1_FC1_S5_L001_R1_001.fastq.gz', 's3://human-pangenomics/working/HPRC/HG02392/raw_data/hic/HG02392-1_FC2_S5_L001_R1_001.fastq.gz', 's3://human-pangenomics/working/HPRC/HG02392/raw_data/hic/HG02392-2_FC1_S6_L001_R1_001.fastq.gz', 's3://human-pangenomics/working/HPRC/HG02392/raw_data/hic/HG02392-2_FC2_S6_L001_R1_001.fastq.gz']","['s3://human-pangenomics/working/HPRC/HG02392/raw_data/hic/HG02392-1_FC1_S5_L001_R2_001.fastq.gz', 's3://human-pangenomics/working/HPRC/HG02392/raw_data/hic/HG02392-1_FC2_S5_L001_R2_001.fastq.gz', 's3://human-pangenomics/working/HPRC/HG02392/raw_data/hic/HG02392-2_FC1_S6_L001_R2_001.fastq.gz', 's3://human-pangenomics/working/HPRC/HG02392/raw_data/hic/HG02392-2_FC2_S6_L001_R2_001.fastq.gz']",['s3://human-pangenomics/working/HPRC/HG02392/raw_data/Illumina/child/HG02392.final.cram']
10,HG03270,SAMN41021631,HPRC,YR4,female,False,NA,NA,ESN,AFR,RU,"['s3://human-pangenomics/working/HPRC/HG03270/raw_data/PacBio_HiFi/m84091_230707_175906_s3.hifi_reads.bc1015.bam', 's3://human-pangenomics/working/HPRC/HG03270/raw_data/PacBio_HiFi/m84091_230710_183139_s4.hifi_reads.bc1015.bam']",65,"['s3://human-pangenomics/working/HPRC/HG03270/raw_data/nanopore/dorado0.6.0_sup4.3.0_5mCG_5hmCG/10_24_23_R1041_HPRC_HG03270_4_dorado0.6.0_sup4.3.0_5mCG_5hmCG.bam', 's3://human-pangenomics/working/HPRC/HG03270/raw_data/nanopore/dorado0.6.0_sup4.3.0_5mCG_5hmCG/10_24_23_R1041_HPRC_HG03270_1_dorado0.6.0_sup4.3.0_5mCG_5hmCG.bam', 's3://human-pangenomics/working/HPRC/HG03270/raw_data/nanopore/dorado0.6.0_sup4.3.0_5mCG_5hmCG/10_24_23_R1041_HPRC_HG03270_3_dorado0.6.0_sup4.3.0_5mCG_5hmCG.bam', 's3://human-pangenomics/working/HPRC/HG03270/raw_data/nanopore/dorado0.6.0_sup4.3.0_5mCG_5hmCG/10_24_23_R1041_HPRC_HG03270_2_dorado0.6.0_sup4.3.0_5mCG_5hmCG.bam']",17.28,"['s3://human-pangenomics/working/HPRC/HG03270/raw_data/hic/HG03270-1_FC1_S1_L003_R1_001.fastq.gz', 's3://human-pangenomics/working/HPRC/HG03270/raw_data/hic/HG03270-1_FC1_S1_L003_R2_001.fastq.gz', 's3://human-pangenomics/working/HPRC/HG03270/raw_data/hic/HG03270-1_FC2_S1_L003_R1_001.fastq.gz', 's3://human-pangenomics/working/HPRC/HG03270/raw_data/hic/HG03270-1_FC2_S1_L003_R2_001.fastq.gz', 's3://human-pangenomics/working/HPRC/HG03270/raw_data/hic/HG03270-2_FC1_S2_L003_R1_001.fastq.gz', 's3://human-pangenomics/working/HPRC/HG03270/raw_data/hic/HG03270-2_FC1_S2_L003_R2_001.fastq.gz', 's3://human-pangenomics/working/HPRC/HG03270/raw_data/hic/HG03270-2_FC2_S2_L003_R1_001.fastq.gz', 's3://human-pangenomics/working/HPRC/HG03270/raw_data/hic/HG03270-2_FC2_S2_L003_R2_001.fastq.gz']",69.96,"['s3://human-pangenomics/working/HPRC/HG03270/raw_data/hic/HG03270-1_FC1_S1_L003_R1_001.fastq.gz', 's3://human-pangenomics/working/HPRC/HG03270/raw_data/hic/HG03270-1_FC2_S1_L003_R1_001.fastq.gz', 's3://human-pangenomics/working/HPRC/HG03270/raw_data/hic/HG03270-2_FC1_S2_L003_R1_001.fastq.gz', 's3://human-pangenomics/working/HPRC/HG03270/raw_data/hic/HG03270-2_FC2_S2_L003_R1_001.fastq.gz']","['s3://human-pangenomics/working/HPRC/HG03270/raw_data/hic/HG03270-1_FC1_S1_L003_R2_001.fastq.gz', 's3://human-pangenomics/working/HPRC/HG03270/raw_data/hic/HG03270-1_FC2_S1_L003_R2_001.fastq.gz', 's3://human-pangenomics/working/HPRC/HG03270/raw_data/hic/HG03270-2_FC1_S2_L003_R2_001.fastq.gz', 's3://human-pangenomics/working/HPRC/HG03270/raw_data/hic/HG03270-2_FC2_S2_L003_R2_001.fastq.gz']",['s3://human-pangenomics/working/HPRC/HG03270/raw_data/Illumina/child/HG03270.final.cram']
11,HG03583,SAMN41021645,HPRC,YR4,female,False,NA,NA,MSL,AFR,RU,"['s3://human-pangenomics/working/HPRC/HG03583/raw_data/PacBio_HiFi/m84091_230712_170232_s2.hifi_reads.bc1020.bam', 's3://human-pangenomics/working/HPRC/HG03583/raw_data/PacBio_HiFi/m84091_230719_172335_s4.hifi_reads.bc1020.bam', 's3://human-pangenomics/working/HPRC/HG03583/raw_data/PacBio_HiFi/m84091_230727_132817_s2.hifi_reads.bc1020.bam', 's3://human-pangenomics/working/HPRC/HG03583/raw_data/PacBio_HiFi/m84091_230817_153352_s4.hifi_reads.bc1020.bam']",57,"['s3://human-pangenomics/working/HPRC/HG03583/raw_data/nanopore/dorado0.6.0_sup4.3.0_5mCG_5hmCG/10_31_23_R1041_HPRC_HG03583_1_dorado0.6.0_sup4.3.0_5mCG_5hmCG.bam', 's3://human-pangenomics/working/HPRC/HG03583/raw_data/nanopore/dorado0.6.0_sup4.3.0_5mCG_5hmCG/10_31_23_R1041_HPRC_HG03583_3_dorado0.6.0_sup4.3.0_5mCG_5hmCG.bam', 's3://human-pangenomics/working/HPRC/HG03583/raw_data/nanopore/dorado0.6.0_sup4.3.0_5mCG_5hmCG/10_31_23_R1041_HPRC_HG03583_2_dorado0.6.0_sup4.3.0_5mCG_5hmCG.bam']",18.21,"['s3://human-pangenomics/working/HPRC/HG03583/raw_data/hic/HG03583-1_FC1_S15_L004_R1_001.fastq.gz', 's3://human-pangenomics/working/HPRC/HG03583/raw_data/hic/HG03583-1_FC1_S15_L004_R2_001.fastq.gz', 's3://human-pangenomics/working/HPRC/HG03583/raw_data/hic/HG03583-1_FC2_S15_L004_R1_001.fastq.gz', 's3://human-pangenomics/working/HPRC/HG03583/raw_data/hic/HG03583-1_FC2_S15_L004_R2_001.fastq.gz', 's3://human-pangenomics/working/HPRC/HG03583/raw_data/hic/HG03583-2_FC1_S16_L004_R1_001.fastq.gz', 's3://human-pangenomics/working/HPRC/HG03583/raw_data/hic/HG03583-2_FC1_S16_L004_R2_001.fastq.gz', 's3://human-pangenomics/working/HPRC/HG03583/raw_data/hic/HG03583-2_FC2_S16_L004_R1_001.fastq.gz', 's3://human-pangenomics/working/HPRC/HG03583/raw_data/hic/HG03583-2_FC2_S16_L004_R2_001.fastq.gz']",28.24,"['s3://human-pangenomics/working/HPRC/HG03583/raw_data/hic/HG03583-1_FC1_S15_L004_R1_001.fastq.gz', 's3://human-pangenomics/working/HPRC/HG03583/raw_data/hic/HG03583-1_FC2_S15_L004_R1_001.fastq.gz', 's3://human-pangenomics/working/HPRC/HG03583/raw_data/hic/HG03583-2_FC1_S16_L004_R1_001.fastq.gz', 's3://human-pangenomics/working/HPRC/HG03583/raw_data/hic/HG03583-2_FC2_S16_L004_R1_001.fastq.gz']","['s3://human-pangenomics/working/HPRC/HG03583/raw_data/hic/HG03583-1_FC1_S15_L004_R2_001.fastq.gz', 's3://human-pangenomics/working/HPRC/HG03583/raw_data/hic/HG03583-1_FC2_S15_L004_R2_001.fastq.gz', 's3://human-pangenomics/working/HPRC/HG03583/raw_data/hic/HG03583-2_FC1_S16_L004_R2_001.fastq.gz', 's3://human-pangenomics/working/HPRC/HG03583/raw_data/hic/HG03583-2_FC2_S16_L004_R2_001.fastq.gz']",['s3://human-pangenomics/working/HPRC/HG03583/raw_data/Illumina/child/HG03583.final.cram']
12,NA18505,SAMN41021643,HPRC,YR4,female,False,NA,NA,YRI,AFR,RU,"['s3://human-pangenomics/working/HPRC/NA18505/raw_data/PacBio_HiFi/m84091_230718_154039_s1.hifi_reads.bc1021.bam', 's3://human-pangenomics/working/HPRC/NA18505/raw_data/PacBio_HiFi/m84091_230721_152112_s4.hifi_reads.bc1021.bam', 's3://human-pangenomics/working/HPRC/NA18505/raw_data/PacBio_HiFi/m84091_230724_152950_s1.hifi_reads.bc1021.bam']",61,"['s3://human-pangenomics/working/HPRC/NA18505/raw_data/nanopore/dorado0.6.0_sup4.3.0_5mCG_5hmCG/10_24_23_R1041_HPRC_NA18505_4_dorado0.6.0_sup4.3.0_5mCG_5hmCG.bam', 's3://human-pangenomics/working/HPRC/NA18505/raw_data/nanopore/dorado0.6.0_sup4.3.0_5mCG_5hmCG/10_24_23_R1041_HPRC_NA18505_1_dorado0.6.0_sup4.3.0_5mCG_5hmCG.bam', 's3://human-pangenomics/working/HPRC/NA18505/raw_data/nanopore/dorado0.6.0_sup4.3.0_5mCG_5hmCG/10_24_23_R1041_HPRC_NA18505_3_dorado0.6.0_sup4.3.0_5mCG_5hmCG.bam', 's3://human-pangenomics/working/HPRC/NA18505/raw_data/nanopore/dorado0.6.0_sup4.3.0_5mCG_5hmCG/10_24_23_R1041_HPRC_NA18505_2_dorado0.6.0_sup4.3.0_5mCG_5hmCG.bam']",17.18,"['s3://human-pangenomics/working/HPRC/NA18505/raw_data/hic/NA18505-1_FC1_S13_L004_R1_001.fastq.gz', 's3://human-pangenomics/working/HPRC/NA18505/raw_data/hic/NA18505-1_FC1_S13_L004_R2_001.fastq.gz', 's3://human-pangenomics/working/HPRC/NA18505/raw_data/hic/NA18505-1_FC2_S13_L004_R1_001.fastq.gz', 's3://human-pangenomics/working/HPRC/NA18505/raw_data/hic/NA18505-1_FC2_S13_L004_R2_001.fastq.gz', 's3://human-pangenomics/working/HPRC/NA18505/raw_data/hic/NA18505-2_FC1_S14_L004_R1_001.fastq.gz', 's3://human-pangenomics/working/HPRC/NA18505/raw_data/hic/NA18505-2_FC1_S14_L004_R2_001.fastq.gz', 's3://human-pangenomics/working/HPRC/NA18505/raw_data/hic/NA18505-2_FC2_S14_L004_R1_001.fastq.gz', 's3://human-pangenomics/working/HPRC/NA18505/raw_data/hic/NA18505-2_FC2_S14_L004_R2_001.fastq.gz']",49.8,"['s3://human-pangenomics/working/HPRC/NA18505/raw_data/hic/NA18505-1_FC1_S13_L004_R1_001.fastq.gz', 's3://human-pangenomics/working/HPRC/NA18505/raw_data/hic/NA18505-1_FC2_S13_L004_R1_001.fastq.gz', 's3://human-pangenomics/working/HPRC/NA18505/raw_data/hic/NA18505-2_FC1_S14_L004_R1_001.fastq.gz', 's3://human-pangenomics/working/HPRC/NA18505/raw_data/hic/NA18505-2_FC2_S14_L004_R1_001.fastq.gz']","['s3://human-pangenomics/working/HPRC/NA18505/raw_data/hic/NA18505-1_FC1_S13_L004_R2_001.fastq.gz', 's3://human-pangenomics/working/HPRC/NA18505/raw_data/hic/NA18505-1_FC2_S13_L004_R2_001.fastq.gz', 's3://human-pangenomics/working/HPRC/NA18505/raw_data/hic/NA18505-2_FC1_S14_L004_R2_001.fastq.gz', 's3://human-pangenomics/working/HPRC/NA18505/raw_data/hic/NA18505-2_FC2_S14_L004_R2_001.fastq.gz']",['s3://human-pangenomics/working/HPRC/NA18505/raw_data/Illumina/child/NA18505.final.cram']
13,NA18608,SAMN41021619,HPRC,YR4,male,True,NA,NA,CHB,EAS,WashU,"['s3://human-pangenomics/working/HPRC/NA18608/raw_data/PacBio_HiFi/m84081_230601_202307_s1.hifi_reads.bc2007.bam', 's3://human-pangenomics/working/HPRC/NA18608/raw_data/PacBio_HiFi/m84081_230601_210338_s2.hifi_reads.bc2007.bam', 's3://human-pangenomics/working/HPRC/NA18608/raw_data/PacBio_HiFi/m84081_230623_202140_s1.hifi_reads.bc2007.bam', 's3://human-pangenomics/working/HPRC/NA18608/raw_data/PacBio_HiFi/m84081_230623_205201_s2.hifi_reads.bc2007.bam']",62,"['s3://human-pangenomics/working/HPRC/NA18608/raw_data/nanopore/dorado0.6.0_sup4.3.0_5mCG_5hmCG/10_31_23_R1041_HPRC_NA18608_1_dorado0.6.0_sup4.3.0_5mCG_5hmCG.bam', 's3://human-pangenomics/working/HPRC/NA18608/raw_data/nanopore/dorado0.6.0_sup4.3.0_5mCG_5hmCG/10_31_23_R1041_HPRC_NA18608_2_dorado0.6.0_sup4.3.0_5mCG_5hmCG.bam', 's3://human-pangenomics/working/HPRC/NA18608/raw_data/nanopore/dorado0.6.0_sup4.3.0_5mCG_5hmCG/10_31_23_R1041_HPRC_NA18608_3_dorado0.6.0_sup4.3.0_5mCG_5hmCG.bam']",34.48,"['s3://human-pangenomics/working/HPRC/NA18608/raw_data/hic/NA18608-1_FC1_S11_L001_R1_001.fastq.gz', 's3://human-pangenomics/working/HPRC/NA18608/raw_data/hic/NA18608-1_FC1_S11_L001_R2_001.fastq.gz', 's3://human-pangenomics/working/HPRC/NA18608/raw_data/hic/NA18608-1_FC2_S11_L001_R1_001.fastq.gz', 's3://human-pangenomics/working/HPRC/NA18608/raw_data/hic/NA18608-1_FC2_S11_L001_R2_001.fastq.gz', 's3://human-pangenomics/working/HPRC/NA18608/raw_data/hic/NA18608-2_FC1_S12_L001_R1_001.fastq.gz', 's3://human-pangenomics/working/HPRC/NA18608/raw_data/hic/NA18608-2_FC1_S12_L001_R2_001.fastq.gz', 's3://human-pangenomics/working/HPRC/NA18608/raw_data/hic/NA18608-2_FC2_S12_L001_R1_001.fastq.gz', 's3://human-pangenomics/working/HPRC/NA18608/raw_data/hic/NA18608-2_FC2_S12_L001_R2_001.fastq.gz']",35.02,"['s3://human-pangenomics/working/HPRC/NA18608/raw_data/hic/NA18608-1_FC1_S11_L001_R1_001.fastq.gz', 's3://human-pangenomics/working/HPRC/NA18608/raw_data/hic/NA18608-1_FC2_S11_L001_R1_001.fastq.gz', 's3://human-pangenomics/working/HPRC/NA18608/raw_data/hic/NA18608-2_FC1_S12_L001_R1_001.fastq.gz', 's3://human-pangenomics/working/HPRC/NA18608/raw_data/hic/NA18608-2_FC2_S12_L001_R1_001.fastq.gz']","['s3://human-pangenomics/working/HPRC/NA18608/raw_data/hic/NA18608-1_FC1_S11_L001_R2_001.fastq.gz', 's3://human-pangenomics/working/HPRC/NA18608/raw_data/hic/NA18608-1_FC2_S11_L001_R2_001.fastq.gz', 's3://human-pangenomics/working/HPRC/NA18608/raw_data/hic/NA18608-2_FC1_S12_L001_R2_001.fastq.gz', 's3://human-pangenomics/working/HPRC/NA18608/raw_data/hic/NA18608-2_FC2_S12_L001_R2_001.fastq.gz']",['s3://human-pangenomics/working/HPRC/NA18608/raw_data/Illumina/child/NA18608.final.cram']
14,NA18620,SAMN41021618,HPRC,YR4,male,True,NA,NA,CHB,EAS,RU,"['s3://human-pangenomics/working/HPRC/NA18620/raw_data/PacBio_HiFi/m84091_230703_172326_s3.hifi_reads.bc1009.bam', 's3://human-pangenomics/working/HPRC/NA18620/raw_data/PacBio_HiFi/m84091_230707_165735_s1.hifi_reads.bc1009.bam']",68,"['s3://human-pangenomics/working/HPRC/NA18620/raw_data/nanopore/dorado0.6.0_sup4.3.0_5mCG_5hmCG/01_16_24_R1041_HPRC_NA18620_2_dorado0.6.0_sup4.3.0_5mCG_5hmCG.bam', 's3://human-pangenomics/working/HPRC/NA18620/raw_data/nanopore/dorado0.6.0_sup4.3.0_5mCG_5hmCG/11_14_23_R1041_HPRC_NA18620_1_dorado0.6.0_sup4.3.0_5mCG_5hmCG.bam', 's3://human-pangenomics/working/HPRC/NA18620/raw_data/nanopore/dorado0.6.0_sup4.3.0_5mCG_5hmCG/01_16_24_R1041_HPRC_NA18620_3_dorado0.6.0_sup4.3.0_5mCG_5hmCG.bam', 's3://human-pangenomics/working/HPRC/NA18620/raw_data/nanopore/dorado0.6.0_sup4.3.0_5mCG_5hmCG/01_16_24_R1041_HPRC_NA18620_1_dorado0.6.0_sup4.3.0_5mCG_5hmCG.bam', 's3://human-pangenomics/working/HPRC/NA18620/raw_data/nanopore/dorado0.6.0_sup4.3.0_5mCG_5hmCG/11_14_23_R1041_HPRC_NA18620_2_dorado0.6.0_sup4.3.0_5mCG_5hmCG.bam', 's3://human-pangenomics/working/HPRC/NA18620/raw_data/nanopore/dorado0.6.0_sup4.3.0_5mCG_5hmCG/11_14_23_R1041_HPRC_NA18620_3_dorado0.6.0_sup4.3.0_5mCG_5hmCG.bam']",36.6,"['s3://human-pangenomics/working/HPRC/NA18620/raw_data/hic/NA18620-1_FC1_S13_L001_R1_001.fastq.gz', 's3://human-pangenomics/working/HPRC/NA18620/raw_data/hic/NA18620-1_FC1_S13_L001_R2_001.fastq.gz', 's3://human-pangenomics/working/HPRC/NA18620/raw_data/hic/NA18620-1_FC2_S13_L001_R1_001.fastq.gz', 's3://human-pangenomics/working/HPRC/NA18620/raw_data/hic/NA18620-1_FC2_S13_L001_R2_001.fastq.gz', 's3://human-pangenomics/working/HPRC/NA18620/raw_data/hic/NA18620-2_FC1_S14_L001_R1_001.fastq.gz', 's3://human-pangenomics/working/HPRC/NA18620/raw_data/hic/NA18620-2_FC1_S14_L001_R2_001.fastq.gz', 's3://human-pangenomics/working/HPRC/NA18620/raw_data/hic/NA18620-2_FC2_S14_L001_R1_001.fastq.gz', 's3://human-pangenomics/working/HPRC/NA18620/raw_data/hic/NA18620-2_FC2_S14_L001_R2_001.fastq.gz']",47.08,"['s3://human-pangenomics/working/HPRC/NA18620/raw_data/hic/NA18620-1_FC1_S13_L001_R1_001.fastq.gz', 's3://human-pangenomics/working/HPRC/NA18620/raw_data/hic/NA18620-1_FC2_S13_L001_R1_001.fastq.gz', 's3://human-pangenomics/working/HPRC/NA18620/raw_data/hic/NA18620-2_FC1_S14_L001_R1_001.fastq.gz', 's3://human-pangenomics/working/HPRC/NA18620/raw_data/hic/NA18620-2_FC2_S14_L001_R1_001.fastq.gz']","['s3://human-pangenomics/working/HPRC/NA18620/raw_data/hic/NA18620-1_FC1_S13_L001_R2_001.fastq.gz', 's3://human-pangenomics/working/HPRC/NA18620/raw_data/hic/NA18620-1_FC2_S13_L001_R2_001.fastq.gz', 's3://human-pangenomics/working/HPRC/NA18620/raw_data/hic/NA18620-2_FC1_S14_L001_R2_001.fastq.gz', 's3://human-pangenomics/working/HPRC/NA18620/raw_data/hic/NA18620-2_FC2_S14_L001_R2_001.fastq.gz']",['s3://human-pangenomics/working/HPRC/NA18620/raw_data/Illumina/child/NA18620.final.cram']
15,NA18952,SAMN41021621,HPRC,YR4,male,True,NA,NA,JPT,EAS,WashU,"['s3://human-pangenomics/working/HPRC/NA18952/raw_data/PacBio_HiFi/m84081_230609_201402_s3.hifi_reads.bc2009.bam', 's3://human-pangenomics/working/HPRC/NA18952/raw_data/PacBio_HiFi/m84081_230609_204508_s4.hifi_reads.bc2009.bam']",76,"['s3://human-pangenomics/working/HPRC/NA18952/raw_data/nanopore/dorado0.6.0_sup4.3.0_5mCG_5hmCG/11_28_23_R1041_HPRC_NA18952_1_dorado0.6.0_sup4.3.0_5mCG_5hmCG.bam', 's3://human-pangenomics/working/HPRC/NA18952/raw_data/nanopore/dorado0.6.0_sup4.3.0_5mCG_5hmCG/11_28_23_R1041_HPRC_NA18952_2_dorado0.6.0_sup4.3.0_5mCG_5hmCG.bam', 's3://human-pangenomics/working/HPRC/NA18952/raw_data/nanopore/dorado0.6.0_sup4.3.0_5mCG_5hmCG/11_28_23_R1041_HPRC_NA18952_3_dorado0.6.0_sup4.3.0_5mCG_5hmCG.bam']",27.28,"['s3://human-pangenomics/working/HPRC/NA18952/raw_data/hic/NA18952-1_FC1_S13_L002_R1_001.fastq.gz', 's3://human-pangenomics/working/HPRC/NA18952/raw_data/hic/NA18952-1_FC1_S13_L002_R2_001.fastq.gz', 's3://human-pangenomics/working/HPRC/NA18952/raw_data/hic/NA18952-1_FC2_S13_L002_R1_001.fastq.gz', 's3://human-pangenomics/working/HPRC/NA18952/raw_data/hic/NA18952-1_FC2_S13_L002_R2_001.fastq.gz', 's3://human-pangenomics/working/HPRC/NA18952/raw_data/hic/NA18952-2_FC1_S14_L002_R1_001.fastq.gz', 's3://human-pangenomics/working/HPRC/NA18952/raw_data/hic/NA18952-2_FC1_S14_L002_R2_001.fastq.gz', 's3://human-pangenomics/working/HPRC/NA18952/raw_data/hic/NA18952-2_FC2_S14_L002_R1_001.fastq.gz', 's3://human-pangenomics/working/HPRC/NA18952/raw_data/hic/NA18952-2_FC2_S14_L002_R2_001.fastq.gz']",117.2,"['s3://human-pangenomics/working/HPRC/NA18952/raw_data/hic/NA18952-1_FC1_S13_L002_R1_001.fastq.gz', 's3://human-pangenomics/working/HPRC/NA18952/raw_data/hic/NA18952-1_FC2_S13_L002_R1_001.fastq.gz', 's3://human-pangenomics/working/HPRC/NA18952/raw_data/hic/NA18952-2_FC1_S14_L002_R1_001.fastq.gz', 's3://human-pangenomics/working/HPRC/NA18952/raw_data/hic/NA18952-2_FC2_S14_L002_R1_001.fastq.gz']","['s3://human-pangenomics/working/HPRC/NA18952/raw_data/hic/NA18952-1_FC1_S13_L002_R2_001.fastq.gz', 's3://human-pangenomics/working/HPRC/NA18952/raw_data/hic/NA18952-1_FC2_S13_L002_R2_001.fastq.gz', 's3://human-pangenomics/working/HPRC/NA18952/raw_data/hic/NA18952-2_FC1_S14_L002_R2_001.fastq.gz', 's3://human-pangenomics/working/HPRC/NA18952/raw_data/hic/NA18952-2_FC2_S14_L002_R2_001.fastq.gz']",['s3://human-pangenomics/working/HPRC/NA18952/raw_data/Illumina/child/NA18952.final.cram']
16,NA18974,SAMN41021620,HPRC,YR4,male,True,NA,NA,JPT,EAS,WashU,"['s3://human-pangenomics/working/HPRC/NA18974/raw_data/PacBio_HiFi/m84081_230601_213444_s3.hifi_reads.bc2008.bam', 's3://human-pangenomics/working/HPRC/NA18974/raw_data/PacBio_HiFi/m84081_230601_220550_s4.hifi_reads.bc2008.bam']",82,"['s3://human-pangenomics/working/HPRC/NA18974/raw_data/nanopore/dorado0.6.0_sup4.3.0_5mCG_5hmCG/11_28_23_R1041_HPRC_NA18974_3_dorado0.6.0_sup4.3.0_5mCG_5hmCG.bam', 's3://human-pangenomics/working/HPRC/NA18974/raw_data/nanopore/dorado0.6.0_sup4.3.0_5mCG_5hmCG/11_28_23_R1041_HPRC_NA18974_2_dorado0.6.0_sup4.3.0_5mCG_5hmCG.bam', 's3://human-pangenomics/working/HPRC/NA18974/raw_data/nanopore/dorado0.6.0_sup4.3.0_5mCG_5hmCG/11_28_23_R1041_HPRC_NA18974_4_dorado0.6.0_sup4.3.0_5mCG_5hmCG.bam', 's3://human-pangenomics/working/HPRC/NA18974/raw_data/nanopore/dorado0.6.0_sup4.3.0_5mCG_5hmCG/11_28_23_R1041_HPRC_NA18974_1_dorado0.6.0_sup4.3.0_5mCG_5hmCG.bam']",33.47,"['s3://human-pangenomics/working/HPRC/NA18974/raw_data/hic/NA18974-1_FC1_S15_L001_R1_001.fastq.gz', 's3://human-pangenomics/working/HPRC/NA18974/raw_data/hic/NA18974-1_FC1_S15_L001_R2_001.fastq.gz', 's3://human-pangenomics/working/HPRC/NA18974/raw_data/hic/NA18974-1_FC2_S15_L001_R1_001.fastq.gz', 's3://human-pangenomics/working/HPRC/NA18974/raw_data/hic/NA18974-1_FC2_S15_L001_R2_001.fastq.gz', 's3://human-pangenomics/working/HPRC/NA18974/raw_data/hic/NA18974-2_FC1_S16_L001_R1_001.fastq.gz', 's3://human-pangenomics/working/HPRC/NA18974/raw_data/hic/NA18974-2_FC1_S16_L001_R2_001.fastq.gz', 's3://human-pangenomics/working/HPRC/NA18974/raw_data/hic/NA18974-2_FC2_S16_L001_R1_001.fastq.gz', 's3://human-pangenomics/working/HPRC/NA18974/raw_data/hic/NA18974-2_FC2_S16_L001_R2_001.fastq.gz']",31.86,"['s3://human-pangenomics/working/HPRC/NA18974/raw_data/hic/NA18974-1_FC1_S15_L001_R1_001.fastq.gz', 's3://human-pangenomics/working/HPRC/NA18974/raw_data/hic/NA18974-1_FC2_S15_L001_R1_001.fastq.gz', 's3://human-pangenomics/working/HPRC/NA18974/raw_data/hic/NA18974-2_FC1_S16_L001_R1_001.fastq.gz', 's3://human-pangenomics/working/HPRC/NA18974/raw_data/hic/NA18974-2_FC2_S16_L001_R1_001.fastq.gz']","['s3://human-pangenomics/working/HPRC/NA18974/raw_data/hic/NA18974-1_FC1_S15_L001_R2_001.fastq.gz', 's3://human-pangenomics/working/HPRC/NA18974/raw_data/hic/NA18974-1_FC2_S15_L001_R2_001.fastq.gz', 's3://human-pangenomics/working/HPRC/NA18974/raw_data/hic/NA18974-2_FC1_S16_L001_R2_001.fastq.gz', 's3://human-pangenomics/working/HPRC/NA18974/raw_data/hic/NA18974-2_FC2_S16_L001_R2_001.fastq.gz']",['s3://human-pangenomics/working/HPRC/NA18974/raw_data/Illumina/child/NA18974.final.cram']
17,NA18976,SAMN41021622,HPRC,YR4,female,False,NA,NA,JPT,EAS,WashU,"['s3://human-pangenomics/working/HPRC/NA18976/raw_data/PacBio_HiFi/m84081_230610_192218_s1.hifi_reads.bc2010.bam', 's3://human-pangenomics/working/HPRC/NA18976/raw_data/PacBio_HiFi/m84081_230610_195324_s2.hifi_reads.bc2010.bam']",73,"['s3://human-pangenomics/working/HPRC/NA18976/raw_data/nanopore/dorado0.6.0_sup4.3.0_5mCG_5hmCG/12_12_23_R1041_HPRC_NA18976_2_dorado0.6.0_sup4.3.0_5mCG_5hmCG.bam', 's3://human-pangenomics/working/HPRC/NA18976/raw_data/nanopore/dorado0.6.0_sup4.3.0_5mCG_5hmCG/12_12_23_R1041_HPRC_NA18976_3_dorado0.6.0_sup4.3.0_5mCG_5hmCG.bam', 's3://human-pangenomics/working/HPRC/NA18976/raw_data/nanopore/dorado0.6.0_sup4.3.0_5mCG_5hmCG/12_12_23_R1041_HPRC_NA18976_1_dorado0.6.0_sup4.3.0_5mCG_5hmCG.bam']",23.24,"['s3://human-pangenomics/working/HPRC/NA18976/raw_data/hic/NA18976-1_FC1_S15_L002_R1_001.fastq.gz', 's3://human-pangenomics/working/HPRC/NA18976/raw_data/hic/NA18976-1_FC1_S15_L002_R2_001.fastq.gz', 's3://human-pangenomics/working/HPRC/NA18976/raw_data/hic/NA18976-1_FC2_S15_L002_R1_001.fastq.gz', 's3://human-pangenomics/working/HPRC/NA18976/raw_data/hic/NA18976-1_FC2_S15_L002_R2_001.fastq.gz', 's3://human-pangenomics/working/HPRC/NA18976/raw_data/hic/NA18976-2_FC1_S16_L002_R1_001.fastq.gz', 's3://human-pangenomics/working/HPRC/NA18976/raw_data/hic/NA18976-2_FC1_S16_L002_R2_001.fastq.gz', 's3://human-pangenomics/working/HPRC/NA18976/raw_data/hic/NA18976-2_FC2_S16_L002_R1_001.fastq.gz', 's3://human-pangenomics/working/HPRC/NA18976/raw_data/hic/NA18976-2_FC2_S16_L002_R2_001.fastq.gz']",46.1,"['s3://human-pangenomics/working/HPRC/NA18976/raw_data/hic/NA18976-1_FC1_S15_L002_R1_001.fastq.gz', 's3://human-pangenomics/working/HPRC/NA18976/raw_data/hic/NA18976-1_FC2_S15_L002_R1_001.fastq.gz', 's3://human-pangenomics/working/HPRC/NA18976/raw_data/hic/NA18976-2_FC1_S16_L002_R1_001.fastq.gz', 's3://human-pangenomics/working/HPRC/NA18976/raw_data/hic/NA18976-2_FC2_S16_L002_R1_001.fastq.gz']","['s3://human-pangenomics/working/HPRC/NA18976/raw_data/hic/NA18976-1_FC1_S15_L002_R2_001.fastq.gz', 's3://human-pangenomics/working/HPRC/NA18976/raw_data/hic/NA18976-1_FC2_S15_L002_R2_001.fastq.gz', 's3://human-pangenomics/working/HPRC/NA18976/raw_data/hic/NA18976-2_FC1_S16_L002_R2_001.fastq.gz', 's3://human-pangenomics/working/HPRC/NA18976/raw_data/hic/NA18976-2_FC2_S16_L002_R2_001.fastq.gz']",['s3://human-pangenomics/working/HPRC/NA18976/raw_data/Illumina/child/NA18976.final.cram']
18,NA19036,SAMN41021642,HPRC,YR4,female,False,NA,NA,LWK,AFR,RU,"['s3://human-pangenomics/working/HPRC/NA19036/raw_data/PacBio_HiFi/m84091_230718_161058_s2.hifi_reads.bc1022.bam', 's3://human-pangenomics/working/HPRC/NA19036/raw_data/PacBio_HiFi/m84091_230724_152950_s1.hifi_reads.bc1022.bam']",64,"['s3://human-pangenomics/working/HPRC/NA19036/raw_data/nanopore/dorado0.6.0_sup4.3.0_5mCG_5hmCG/12_05_23_R1041_HPRC_NA19036_2_dorado0.6.0_sup4.3.0_5mCG_5hmCG.bam', 's3://human-pangenomics/working/HPRC/NA19036/raw_data/nanopore/dorado0.6.0_sup4.3.0_5mCG_5hmCG/01_23_24_R1041_HPRC_NA19036_2_dorado0.6.0_sup4.3.0_5mCG_5hmCG.bam', 's3://human-pangenomics/working/HPRC/NA19036/raw_data/nanopore/dorado0.6.0_sup4.3.0_5mCG_5hmCG/12_05_23_R1041_HPRC_NA19036_3_dorado0.6.0_sup4.3.0_5mCG_5hmCG.bam', 's3://human-pangenomics/working/HPRC/NA19036/raw_data/nanopore/dorado0.6.0_sup4.3.0_5mCG_5hmCG/01_23_24_R1041_HPRC_NA19036_3_dorado0.6.0_sup4.3.0_5mCG_5hmCG.bam', 's3://human-pangenomics/working/HPRC/NA19036/raw_data/nanopore/dorado0.6.0_sup4.3.0_5mCG_5hmCG/12_05_23_R1041_HPRC_NA19036_1_dorado0.6.0_sup4.3.0_5mCG_5hmCG.bam', 's3://human-pangenomics/working/HPRC/NA19036/raw_data/nanopore/dorado0.6.0_sup4.3.0_5mCG_5hmCG/01_23_24_R1041_HPRC_NA19036_1_dorado0.6.0_sup4.3.0_5mCG_5hmCG.bam']",34.74,"['s3://human-pangenomics/working/HPRC/NA19036/raw_data/hic/NA19036-1_FC1_S11_L004_R1_001.fastq.gz', 's3://human-pangenomics/working/HPRC/NA19036/raw_data/hic/NA19036-1_FC1_S11_L004_R2_001.fastq.gz', 's3://human-pangenomics/working/HPRC/NA19036/raw_data/hic/NA19036-1_FC2_S11_L004_R1_001.fastq.gz', 's3://human-pangenomics/working/HPRC/NA19036/raw_data/hic/NA19036-1_FC2_S11_L004_R2_001.fastq.gz', 's3://human-pangenomics/working/HPRC/NA19036/raw_data/hic/NA19036-2_FC1_S12_L004_R1_001.fastq.gz', 's3://human-pangenomics/working/HPRC/NA19036/raw_data/hic/NA19036-2_FC1_S12_L004_R2_001.fastq.gz', 's3://human-pangenomics/working/HPRC/NA19036/raw_data/hic/NA19036-2_FC2_S12_L004_R1_001.fastq.gz', 's3://human-pangenomics/working/HPRC/NA19036/raw_data/hic/NA19036-2_FC2_S12_L004_R2_001.fastq.gz']",54.04,"['s3://human-pangenomics/working/HPRC/NA19036/raw_data/hic/NA19036-1_FC1_S11_L004_R1_001.fastq.gz', 's3://human-pangenomics/working/HPRC/NA19036/raw_data/hic/NA19036-1_FC2_S11_L004_R1_001.fastq.gz', 's3://human-pangenomics/working/HPRC/NA19036/raw_data/hic/NA19036-2_FC1_S12_L004_R1_001.fastq.gz', 's3://human-pangenomics/working/HPRC/NA19036/raw_data/hic/NA19036-2_FC2_S12_L004_R1_001.fastq.gz']","['s3://human-pangenomics/working/HPRC/NA19036/raw_data/hic/NA19036-1_FC1_S11_L004_R2_001.fastq.gz', 's3://human-pangenomics/working/HPRC/NA19036/raw_data/hic/NA19036-1_FC2_S11_L004_R2_001.fastq.gz', 's3://human-pangenomics/working/HPRC/NA19036/raw_data/hic/NA19036-2_FC1_S12_L004_R2_001.fastq.gz', 's3://human-pangenomics/working/HPRC/NA19036/raw_data/hic/NA19036-2_FC2_S12_L004_R2_001.fastq.gz']",['s3://human-pangenomics/working/HPRC/NA19036/raw_data/Illumina/child/NA19036.final.cram']
19,NA20870,SAMN41021623,HPRC,YR4,male,True,NA,NA,GIH,SAS,RU,"['s3://human-pangenomics/working/HPRC/NA20870/raw_data/PacBio_HiFi/m84091_230703_175432_s4.hifi_reads.bc1010.bam', 's3://human-pangenomics/working/HPRC/NA20870/raw_data/PacBio_HiFi/m84091_230707_172800_s2.hifi_reads.bc1010.bam']",70,"['s3://human-pangenomics/working/HPRC/NA20870/raw_data/nanopore/dorado0.6.0_sup4.3.0_5mCG_5hmCG/11_14_23_R1041_HPRC_NA20870_1_dorado0.6.0_sup4.3.0_5mCG_5hmCG.bam', 's3://human-pangenomics/working/HPRC/NA20870/raw_data/nanopore/dorado0.6.0_sup4.3.0_5mCG_5hmCG/11_14_23_R1041_HPRC_NA20870_3_dorado0.6.0_sup4.3.0_5mCG_5hmCG.bam', 's3://human-pangenomics/working/HPRC/NA20870/raw_data/nanopore/dorado0.6.0_sup4.3.0_5mCG_5hmCG/11_14_23_R1041_HPRC_NA20870_2_dorado0.6.0_sup4.3.0_5mCG_5hmCG.bam']",25.71,"['s3://human-pangenomics/working/HPRC/NA20870/raw_data/hic/NA20870-1_FC1_S3_L002_R1_001.fastq.gz', 's3://human-pangenomics/working/HPRC/NA20870/raw_data/hic/NA20870-1_FC1_S3_L002_R2_001.fastq.gz', 's3://human-pangenomics/working/HPRC/NA20870/raw_data/hic/NA20870-1_FC2_S3_L002_R1_001.fastq.gz', 's3://human-pangenomics/working/HPRC/NA20870/raw_data/hic/NA20870-1_FC2_S3_L002_R2_001.fastq.gz', 's3://human-pangenomics/working/HPRC/NA20870/raw_data/hic/NA20870-2_FC1_S4_L002_R1_001.fastq.gz', 's3://human-pangenomics/working/HPRC/NA20870/raw_data/hic/NA20870-2_FC1_S4_L002_R2_001.fastq.gz', 's3://human-pangenomics/working/HPRC/NA20870/raw_data/hic/NA20870-2_FC2_S4_L002_R1_001.fastq.gz', 's3://human-pangenomics/working/HPRC/NA20870/raw_data/hic/NA20870-2_FC2_S4_L002_R2_001.fastq.gz']",70.88,"['s3://human-pangenomics/working/HPRC/NA20870/raw_data/hic/NA20870-1_FC1_S3_L002_R1_001.fastq.gz', 's3://human-pangenomics/working/HPRC/NA20870/raw_data/hic/NA20870-1_FC2_S3_L002_R1_001.fastq.gz', 's3://human-pangenomics/working/HPRC/NA20870/raw_data/hic/NA20870-2_FC1_S4_L002_R1_001.fastq.gz', 's3://human-pangenomics/working/HPRC/NA20870/raw_data/hic/NA20870-2_FC2_S4_L002_R1_001.fastq.gz']","['s3://human-pangenomics/working/HPRC/NA20870/raw_data/hic/NA20870-1_FC1_S3_L002_R2_001.fastq.gz', 's3://human-pangenomics/working/HPRC/NA20870/raw_data/hic/NA20870-1_FC2_S3_L002_R2_001.fastq.gz', 's3://human-pangenomics/working/HPRC/NA20870/raw_data/hic/NA20870-2_FC1_S4_L002_R2_001.fastq.gz', 's3://human-pangenomics/working/HPRC/NA20870/raw_data/hic/NA20870-2_FC2_S4_L002_R2_001.fastq.gz']",['s3://human-pangenomics/working/HPRC/NA20870/raw_data/Illumina/child/NA20870.final.cram']
20,NA21110,SAMN41021624,HPRC,YR4,female,False,NA,NA,GIH,SAS,RU,"['s3://human-pangenomics/working/HPRC/NA21110/raw_data/PacBio_HiFi/m84091_230710_165908_s1.hifi_reads.bc1011.bam', 's3://human-pangenomics/working/HPRC/NA21110/raw_data/PacBio_HiFi/m84091_230714_133843_s2.hifi_reads.bc1011.bam', 's3://human-pangenomics/working/HPRC/NA21110/raw_data/PacBio_HiFi/m84091_230719_165228_s3.hifi_reads.bc1011.bam']",62,"['s3://human-pangenomics/working/HPRC/NA21110/raw_data/nanopore/dorado0.6.0_sup4.3.0_5mCG_5hmCG/01_16_24_R1041_HPRC_NA21110_1_dorado0.6.0_sup4.3.0_5mCG_5hmCG.bam', 's3://human-pangenomics/working/HPRC/NA21110/raw_data/nanopore/dorado0.6.0_sup4.3.0_5mCG_5hmCG/01_16_24_R1041_HPRC_NA21110_3_dorado0.6.0_sup4.3.0_5mCG_5hmCG.bam', 's3://human-pangenomics/working/HPRC/NA21110/raw_data/nanopore/dorado0.6.0_sup4.3.0_5mCG_5hmCG/01_16_24_R1041_HPRC_NA21110_2_dorado0.6.0_sup4.3.0_5mCG_5hmCG.bam']",36.01,"['s3://human-pangenomics/working/HPRC/NA21110/raw_data/hic/NA21110-1_FC1_S1_L002_R1_001.fastq.gz', 's3://human-pangenomics/working/HPRC/NA21110/raw_data/hic/NA21110-1_FC1_S1_L002_R2_001.fastq.gz', 's3://human-pangenomics/working/HPRC/NA21110/raw_data/hic/NA21110-1_FC2_S1_L002_R1_001.fastq.gz', 's3://human-pangenomics/working/HPRC/NA21110/raw_data/hic/NA21110-1_FC2_S1_L002_R2_001.fastq.gz']",20.48,"['s3://human-pangenomics/working/HPRC/NA21110/raw_data/hic/NA21110-1_FC1_S1_L002_R1_001.fastq.gz', 's3://human-pangenomics/working/HPRC/NA21110/raw_data/hic/NA21110-1_FC2_S1_L002_R1_001.fastq.gz']","['s3://human-pangenomics/working/HPRC/NA21110/raw_data/hic/NA21110-1_FC1_S1_L002_R2_001.fastq.gz', 's3://human-pangenomics/working/HPRC/NA21110/raw_data/hic/NA21110-1_FC2_S1_L002_R2_001.fastq.gz']",['s3://human-pangenomics/working/HPRC/NA21110/raw_data/Illumina/child/NA21110.final.cram']
21,NA18508,SAMN41021626,HPRC,YR4,female,False,NA,NA,YRI,AFR,UW,"['s3://human-pangenomics/working/HPRC/NA18508/raw_data/PacBio_HiFi/m84046_230513_215634_s1.hifi_reads.bc2001.bam', 's3://human-pangenomics/working/HPRC/NA18508/raw_data/PacBio_HiFi/m84046_230516_205603_s2.hifi_reads.bc2001.bam', 's3://human-pangenomics/working/HPRC/NA18508/raw_data/PacBio_HiFi/m84046_230516_212709_s3.hifi_reads.bc2001.bam']",61,"['s3://human-pangenomics/working/HPRC/NA18508/raw_data/nanopore/dorado0.6.0_sup4.3.0_5mCG_5hmCG/09_12_23_R1041_HPRC_NA18508_1_dorado0.6.0_sup4.3.0_5mCG_5hmCG.bam', 's3://human-pangenomics/working/HPRC/NA18508/raw_data/nanopore/dorado0.6.0_sup4.3.0_5mCG_5hmCG/09_12_23_R1041_HPRC_NA18508_3_dorado0.6.0_sup4.3.0_5mCG_5hmCG.bam', 's3://human-pangenomics/working/HPRC/NA18508/raw_data/nanopore/dorado0.6.0_sup4.3.0_5mCG_5hmCG/09_12_23_R1041_HPRC_NA18508_2_dorado0.6.0_sup4.3.0_5mCG_5hmCG.bam']",42.12,"['s3://human-pangenomics/working/HPRC/NA18508/raw_data/hic/NA18508-1_FC1_S7_L002_R1_001.fastq.gz', 's3://human-pangenomics/working/HPRC/NA18508/raw_data/hic/NA18508-1_FC1_S7_L002_R2_001.fastq.gz', 's3://human-pangenomics/working/HPRC/NA18508/raw_data/hic/NA18508-1_FC2_S7_L002_R1_001.fastq.gz', 's3://human-pangenomics/working/HPRC/NA18508/raw_data/hic/NA18508-1_FC2_S7_L002_R2_001.fastq.gz', 's3://human-pangenomics/working/HPRC/NA18508/raw_data/hic/NA18508-2_FC1_S8_L002_R1_001.fastq.gz', 's3://human-pangenomics/working/HPRC/NA18508/raw_data/hic/NA18508-2_FC1_S8_L002_R2_001.fastq.gz', 's3://human-pangenomics/working/HPRC/NA18508/raw_data/hic/NA18508-2_FC2_S8_L002_R1_001.fastq.gz', 's3://human-pangenomics/working/HPRC/NA18508/raw_data/hic/NA18508-2_FC2_S8_L002_R2_001.fastq.gz']",34.98,"['s3://human-pangenomics/working/HPRC/NA18508/raw_data/hic/NA18508-1_FC1_S7_L002_R1_001.fastq.gz', 's3://human-pangenomics/working/HPRC/NA18508/raw_data/hic/NA18508-1_FC2_S7_L002_R1_001.fastq.gz', 's3://human-pangenomics/working/HPRC/NA18508/raw_data/hic/NA18508-2_FC1_S8_L002_R1_001.fastq.gz', 's3://human-pangenomics/working/HPRC/NA18508/raw_data/hic/NA18508-2_FC2_S8_L002_R1_001.fastq.gz']","['s3://human-pangenomics/working/HPRC/NA18508/raw_data/hic/NA18508-1_FC1_S7_L002_R2_001.fastq.gz', 's3://human-pangenomics/working/HPRC/NA18508/raw_data/hic/NA18508-1_FC2_S7_L002_R2_001.fastq.gz', 's3://human-pangenomics/working/HPRC/NA18508/raw_data/hic/NA18508-2_FC1_S8_L002_R2_001.fastq.gz', 's3://human-pangenomics/working/HPRC/NA18508/raw_data/hic/NA18508-2_FC2_S8_L002_R2_001.fastq.gz']",['s3://human-pangenomics/working/HPRC/NA18508/raw_data/Illumina/child/NA18508.final.cram']
22,NA19700,SAMN41021612,HPRC,YR4,male,True,NA,NA,ASW,AFR,UW,"['s3://human-pangenomics/working/HPRC/NA19700/raw_data/PacBio_HiFi/m84046_230428_224315_s2.hifi_reads.bc2091.bam', 's3://human-pangenomics/working/HPRC/NA19700/raw_data/PacBio_HiFi/m84046_230502_210601_s4.hifi_reads.bc2091.bam', 's3://human-pangenomics/working/HPRC/NA19700/raw_data/PacBio_HiFi/m84046_230508_200815_s4.hifi_reads.bc2091.bam', 's3://human-pangenomics/working/HPRC/NA19700/raw_data/PacBio_HiFi/m84046_230502_203455_s3.hifi_reads.bc2091.bam']",61,"['s3://human-pangenomics/working/HPRC/NA19700/raw_data/nanopore/dorado0.6.0_sup4.3.0_5mCG_5hmCG/09_12_23_R1041_HPRC_NA19700_3_dorado0.6.0_sup4.3.0_5mCG_5hmCG.bam', 's3://human-pangenomics/working/HPRC/NA19700/raw_data/nanopore/dorado0.6.0_sup4.3.0_5mCG_5hmCG/09_12_23_R1041_HPRC_NA19700_2_dorado0.6.0_sup4.3.0_5mCG_5hmCG.bam', 's3://human-pangenomics/working/HPRC/NA19700/raw_data/nanopore/dorado0.6.0_sup4.3.0_5mCG_5hmCG/01_23_24_R1041_HPRC_NA19700_1_dorado0.6.0_sup4.3.0_5mCG_5hmCG.bam', 's3://human-pangenomics/working/HPRC/NA19700/raw_data/nanopore/dorado0.6.0_sup4.3.0_5mCG_5hmCG/09_12_23_R1041_HPRC_NA19700_4_dorado0.6.0_sup4.3.0_5mCG_5hmCG.bam', 's3://human-pangenomics/working/HPRC/NA19700/raw_data/nanopore/dorado0.6.0_sup4.3.0_5mCG_5hmCG/09_12_23_R1041_HPRC_NA19700_1_dorado0.6.0_sup4.3.0_5mCG_5hmCG.bam', 's3://human-pangenomics/working/HPRC/NA19700/raw_data/nanopore/dorado0.6.0_sup4.3.0_5mCG_5hmCG/01_23_24_R1041_HPRC_NA19700_2_dorado0.6.0_sup4.3.0_5mCG_5hmCG.bam']",35.45,"['s3://human-pangenomics/working/HPRC/NA19700/raw_data/hic/NA19700-1_FC1_S1_L001_R1_001.fastq.gz', 's3://human-pangenomics/working/HPRC/NA19700/raw_data/hic/NA19700-1_FC1_S1_L001_R2_001.fastq.gz', 's3://human-pangenomics/working/HPRC/NA19700/raw_data/hic/NA19700-1_FC2_S1_L001_R1_001.fastq.gz', 's3://human-pangenomics/working/HPRC/NA19700/raw_data/hic/NA19700-1_FC2_S1_L001_R2_001.fastq.gz', 's3://human-pangenomics/working/HPRC/NA19700/raw_data/hic/NA19700-2_FC1_S2_L001_R1_001.fastq.gz', 's3://human-pangenomics/working/HPRC/NA19700/raw_data/hic/NA19700-2_FC1_S2_L001_R2_001.fastq.gz', 's3://human-pangenomics/working/HPRC/NA19700/raw_data/hic/NA19700-2_FC2_S2_L001_R1_001.fastq.gz', 's3://human-pangenomics/working/HPRC/NA19700/raw_data/hic/NA19700-2_FC2_S2_L001_R2_001.fastq.gz']",42.68,"['s3://human-pangenomics/working/HPRC/NA19700/raw_data/hic/NA19700-1_FC1_S1_L001_R1_001.fastq.gz', 's3://human-pangenomics/working/HPRC/NA19700/raw_data/hic/NA19700-1_FC2_S1_L001_R1_001.fastq.gz', 's3://human-pangenomics/working/HPRC/NA19700/raw_data/hic/NA19700-2_FC1_S2_L001_R1_001.fastq.gz', 's3://human-pangenomics/working/HPRC/NA19700/raw_data/hic/NA19700-2_FC2_S2_L001_R1_001.fastq.gz']","['s3://human-pangenomics/working/HPRC/NA19700/raw_data/hic/NA19700-1_FC1_S1_L001_R2_001.fastq.gz', 's3://human-pangenomics/working/HPRC/NA19700/raw_data/hic/NA19700-1_FC2_S1_L001_R2_001.fastq.gz', 's3://human-pangenomics/working/HPRC/NA19700/raw_data/hic/NA19700-2_FC1_S2_L001_R2_001.fastq.gz', 's3://human-pangenomics/working/HPRC/NA19700/raw_data/hic/NA19700-2_FC2_S2_L001_R2_001.fastq.gz']",['s3://human-pangenomics/working/HPRC/NA19700/raw_data/Illumina/child/NA19700.final.cram']
23,NA21093,SAMN41021627,HPRC,YR4,male,True,NA,NA,GIH,SAS,UW,"['s3://human-pangenomics/working/HPRC/NA21093/raw_data/PacBio_HiFi/m84046_230428_231421_s3.hifi_reads.bc2094.bam', 's3://human-pangenomics/working/HPRC/NA21093/raw_data/PacBio_HiFi/m84046_230504_202347_s2.hifi_reads.bc2094.bam', 's3://human-pangenomics/working/HPRC/NA21093/raw_data/PacBio_HiFi/m84046_230508_193709_s3.hifi_reads.bc2094.bam', 's3://human-pangenomics/working/HPRC/NA21093/raw_data/PacBio_HiFi/m84046_230504_195327_s1.hifi_reads.bc2094.bam']",63,"['s3://human-pangenomics/working/HPRC/NA21093/raw_data/nanopore/dorado0.6.0_sup4.3.0_5mCG_5hmCG/12_12_23_R1041_HPRC_NA21093_3_dorado0.6.0_sup4.3.0_5mCG_5hmCG.bam', 's3://human-pangenomics/working/HPRC/NA21093/raw_data/nanopore/dorado0.6.0_sup4.3.0_5mCG_5hmCG/12_12_23_R1041_HPRC_NA21093_2_dorado0.6.0_sup4.3.0_5mCG_5hmCG.bam', 's3://human-pangenomics/working/HPRC/NA21093/raw_data/nanopore/dorado0.6.0_sup4.3.0_5mCG_5hmCG/12_12_23_R1041_HPRC_NA21093_1_dorado0.6.0_sup4.3.0_5mCG_5hmCG.bam', 's3://human-pangenomics/working/HPRC/NA21093/raw_data/nanopore/dorado0.6.0_sup4.3.0_5mCG_5hmCG/01_23_24_R1041_HPRC_NA21093_1_dorado0.6.0_sup4.3.0_5mCG_5hmCG.bam']",33.96,"['s3://human-pangenomics/working/HPRC/NA21093/raw_data/hic/NA21093-1_FC1_S9_L002_R1_001.fastq.gz', 's3://human-pangenomics/working/HPRC/NA21093/raw_data/hic/NA21093-1_FC1_S9_L002_R2_001.fastq.gz', 's3://human-pangenomics/working/HPRC/NA21093/raw_data/hic/NA21093-1_FC2_S9_L002_R1_001.fastq.gz', 's3://human-pangenomics/working/HPRC/NA21093/raw_data/hic/NA21093-1_FC2_S9_L002_R2_001.fastq.gz', 's3://human-pangenomics/working/HPRC/NA21093/raw_data/hic/NA21093-2_FC1_S10_L002_R1_001.fastq.gz', 's3://human-pangenomics/working/HPRC/NA21093/raw_data/hic/NA21093-2_FC1_S10_L002_R2_001.fastq.gz', 's3://human-pangenomics/working/HPRC/NA21093/raw_data/hic/NA21093-2_FC2_S10_L002_R1_001.fastq.gz', 's3://human-pangenomics/working/HPRC/NA21093/raw_data/hic/NA21093-2_FC2_S10_L002_R2_001.fastq.gz']",47.9,"['s3://human-pangenomics/working/HPRC/NA21093/raw_data/hic/NA21093-1_FC1_S9_L002_R1_001.fastq.gz', 's3://human-pangenomics/working/HPRC/NA21093/raw_data/hic/NA21093-1_FC2_S9_L002_R1_001.fastq.gz', 's3://human-pangenomics/working/HPRC/NA21093/raw_data/hic/NA21093-2_FC1_S10_L002_R1_001.fastq.gz', 's3://human-pangenomics/working/HPRC/NA21093/raw_data/hic/NA21093-2_FC2_S10_L002_R1_001.fastq.gz']","['s3://human-pangenomics/working/HPRC/NA21093/raw_data/hic/NA21093-1_FC1_S9_L002_R2_001.fastq.gz', 's3://human-pangenomics/working/HPRC/NA21093/raw_data/hic/NA21093-1_FC2_S9_L002_R2_001.fastq.gz', 's3://human-pangenomics/working/HPRC/NA21093/raw_data/hic/NA21093-2_FC1_S10_L002_R2_001.fastq.gz', 's3://human-pangenomics/working/HPRC/NA21093/raw_data/hic/NA21093-2_FC2_S10_L002_R2_001.fastq.gz']",['s3://human-pangenomics/working/HPRC/NA21093/raw_data/Illumina/child/NA21093.final.cram']
24,NA21106,SAMN41021629,HPRC,YR4,female,False,NA,NA,GIH,SAS,UW,"['s3://human-pangenomics/working/HPRC/NA21106/raw_data/PacBio_HiFi/m84046_230508_200815_s4.hifi_reads.bc2089.bam', 's3://human-pangenomics/working/HPRC/NA21106/raw_data/PacBio_HiFi/m84046_230504_205453_s3.hifi_reads.bc2089.bam', 's3://human-pangenomics/working/HPRC/NA21106/raw_data/PacBio_HiFi/m84046_230501_151821_s4.hifi_reads.bc2089.bam', 's3://human-pangenomics/working/HPRC/NA21106/raw_data/PacBio_HiFi/m84046_230504_212559_s4.hifi_reads.bc2089.bam']",63,"['s3://human-pangenomics/working/HPRC/NA21106/raw_data/nanopore/dorado0.6.0_sup4.3.0_5mCG_5hmCG/10_24_23_R1041_HPRC_NA21106_1_dorado0.6.0_sup4.3.0_5mCG_5hmCG.bam', 's3://human-pangenomics/working/HPRC/NA21106/raw_data/nanopore/dorado0.6.0_sup4.3.0_5mCG_5hmCG/10_24_23_R1041_HPRC_NA21106_4_dorado0.6.0_sup4.3.0_5mCG_5hmCG.bam', 's3://human-pangenomics/working/HPRC/NA21106/raw_data/nanopore/dorado0.6.0_sup4.3.0_5mCG_5hmCG/10_24_23_R1041_HPRC_NA21106_2_dorado0.6.0_sup4.3.0_5mCG_5hmCG.bam', 's3://human-pangenomics/working/HPRC/NA21106/raw_data/nanopore/dorado0.6.0_sup4.3.0_5mCG_5hmCG/10_24_23_R1041_HPRC_NA21106_3_dorado0.6.0_sup4.3.0_5mCG_5hmCG.bam']",20.86,"['s3://human-pangenomics/working/HPRC/NA21106/raw_data/hic/NA21106-1_FC1_S11_L002_R1_001.fastq.gz', 's3://human-pangenomics/working/HPRC/NA21106/raw_data/hic/NA21106-1_FC1_S11_L002_R2_001.fastq.gz', 's3://human-pangenomics/working/HPRC/NA21106/raw_data/hic/NA21106-1_FC2_S11_L002_R1_001.fastq.gz', 's3://human-pangenomics/working/HPRC/NA21106/raw_data/hic/NA21106-1_FC2_S11_L002_R2_001.fastq.gz', 's3://human-pangenomics/working/HPRC/NA21106/raw_data/hic/NA21106-2_FC1_S12_L002_R1_001.fastq.gz', 's3://human-pangenomics/working/HPRC/NA21106/raw_data/hic/NA21106-2_FC1_S12_L002_R2_001.fastq.gz', 's3://human-pangenomics/working/HPRC/NA21106/raw_data/hic/NA21106-2_FC2_S12_L002_R1_001.fastq.gz', 's3://human-pangenomics/working/HPRC/NA21106/raw_data/hic/NA21106-2_FC2_S12_L002_R2_001.fastq.gz']",58.52,"['s3://human-pangenomics/working/HPRC/NA21106/raw_data/hic/NA21106-1_FC1_S11_L002_R1_001.fastq.gz', 's3://human-pangenomics/working/HPRC/NA21106/raw_data/hic/NA21106-1_FC2_S11_L002_R1_001.fastq.gz', 's3://human-pangenomics/working/HPRC/NA21106/raw_data/hic/NA21106-2_FC1_S12_L002_R1_001.fastq.gz', 's3://human-pangenomics/working/HPRC/NA21106/raw_data/hic/NA21106-2_FC2_S12_L002_R1_001.fastq.gz']","['s3://human-pangenomics/working/HPRC/NA21106/raw_data/hic/NA21106-1_FC1_S11_L002_R2_001.fastq.gz', 's3://human-pangenomics/working/HPRC/NA21106/raw_data/hic/NA21106-1_FC2_S11_L002_R2_001.fastq.gz', 's3://human-pangenomics/working/HPRC/NA21106/raw_data/hic/NA21106-2_FC1_S12_L002_R2_001.fastq.gz', 's3://human-pangenomics/working/HPRC/NA21106/raw_data/hic/NA21106-2_FC2_S12_L002_R2_001.fastq.gz']",['s3://human-pangenomics/working/HPRC/NA21106/raw_data/Illumina/child/NA21106.final.cram']
