sample_id,paternal_id,maternal_id,cohort,hifi_cov,Sex,Subpopulation,Superpopulation,Production Year,Hifi Prod Site,hifi,nanopore,child_ilmn,mat_ilmn,pat_ilmn,Submission_Log_filepath,maternalYak,paternalYak,binFilesTarGz,rawUnitigGfaTarGz,maternalContigGfaTarGz,paternalContigGfaTarGz,maternalFastaGz,paternalFastaGz,DeepPolisherModelFilesTarGZ
HG02027,HG02029,HG02028,HPRC,67.68,male,KHV,EAS,YR2,WashU,"['s3://human-pangenomics/submissions/02355F32-E75A-4279-A7B8-FCCEA70FB6CD--DEEPCONSENSUS_v1pt2/HG02027/raw_data/PacBio_HiFi/deepconsensus/v1pt2/HG02027.m64136_210205_190622.dc.q20.fastq.gz', 's3://human-pangenomics/submissions/02355F32-E75A-4279-A7B8-FCCEA70FB6CD--DEEPCONSENSUS_v1pt2/HG02027/raw_data/PacBio_HiFi/deepconsensus/v1pt2/HG02027.m64136_210207_012053.dc.q20.fastq.gz', 's3://human-pangenomics/submissions/02355F32-E75A-4279-A7B8-FCCEA70FB6CD--DEEPCONSENSUS_v1pt2/HG02027/raw_data/PacBio_HiFi/deepconsensus/v1pt2/HG02027.m64136_210209_184241.dc.q20.fastq.gz', 's3://human-pangenomics/submissions/02355F32-E75A-4279-A7B8-FCCEA70FB6CD--DEEPCONSENSUS_v1pt2/HG02027/raw_data/PacBio_HiFi/deepconsensus/v1pt2/HG02027.m64136_210211_010151.dc.q20.fastq.gz', 's3://human-pangenomics/submissions/67b71022-da25-40ef-b56f-52297e946b32--WUSTL_HPRC_HiFi_Year2_TopUp/HG02027/PacBio_HiFi/m84081_231117_211338_s4.hifi_reads.bc2081.bam', 's3://human-pangenomics/submissions/67b71022-da25-40ef-b56f-52297e946b32--WUSTL_HPRC_HiFi_Year2_TopUp/HG02027/PacBio_HiFi/m84081_231119_032407_s4.hifi_reads.bc2081.bam']","['s3://human-pangenomics/submissions/121956E8-5DBD-462C-858C-A5361777EC1D--UCSC_HPRC_ONT_Y2_GUPPY6/HG02027/12_08_21_R941_HG02027_1_Guppy_6.4.6_450bps_modbases_5mc_cg_sup_prom_pass.bam', 's3://human-pangenomics/submissions/121956E8-5DBD-462C-858C-A5361777EC1D--UCSC_HPRC_ONT_Y2_GUPPY6/HG02027/12_08_21_R941_HG02027_2_Guppy_6.4.6_450bps_modbases_5mc_cg_sup_prom_pass.bam', 's3://human-pangenomics/submissions/121956E8-5DBD-462C-858C-A5361777EC1D--UCSC_HPRC_ONT_Y2_GUPPY6/HG02027/12_08_21_R941_HG02027_3_Guppy_6.4.6_450bps_modbases_5mc_cg_sup_prom_pass.bam']",s3://human-pangenomics/submissions/325b4b1c-9f20-49be-b03a-596da89c466e--1000G_CHILDREN/HG02027/1000G_data/HG02027.final.cram,['s3://human-pangenomics/submissions/AD30A684-C7A8-4D24-89B2-040DFF021B0C--Y2_1000G_DATA/HG02027/Illumina/parents/HG02028/HG02028.final.cram'],['s3://human-pangenomics/submissions/AD30A684-C7A8-4D24-89B2-040DFF021B0C--Y2_1000G_DATA/HG02027/Illumina/parents/HG02029/HG02029.final.cram'],/private/groups/hprc/assembly/batch2/hifiasm_submit_logs/hifiasm_submit_HPRC-asm-batch1_1459799_1459797_2.log,/private/groups/hprc/assembly/batch2/HG02027/analysis/assembly/HG02028.yak,/private/groups/hprc/assembly/batch2/HG02027/analysis/assembly/HG02029.yak,/private/groups/hprc/assembly/batch2/HG02027/analysis/assembly/HG02027.binFiles.tar.gz,/private/groups/hprc/assembly/batch2/HG02027/analysis/assembly/HG02027.raw_unitig_gfa.tar.gz,/private/groups/hprc/assembly/batch2/HG02027/analysis/assembly/HG02027.mat.contig_gfa.tar.gz,/private/groups/hprc/assembly/batch2/HG02027/analysis/assembly/HG02027.pat.contig_gfa.tar.gz,/private/groups/hprc/assembly/batch2/HG02027/analysis/assembly/HG02027.mat.fa.gz,/private/groups/hprc/assembly/batch2/HG02027/analysis/assembly/HG02027.pat.fa.gz,/private/groups/patenlab/mira/hprc_polishing/data/DeepPolisher_models/checkpoint-665.tar.gz
HG02083,HG02085,HG02084,HPRC,65.0,male,KHV,EAS,YR2,WashU,"['s3://human-pangenomics/submissions/02355F32-E75A-4279-A7B8-FCCEA70FB6CD--DEEPCONSENSUS_v1pt2/HG02083/raw_data/PacBio_HiFi/deepconsensus/v1pt2/HG02083.m64136_210317_200525.dc.q20.fastq.gz', 's3://human-pangenomics/submissions/02355F32-E75A-4279-A7B8-FCCEA70FB6CD--DEEPCONSENSUS_v1pt2/HG02083/raw_data/PacBio_HiFi/deepconsensus/v1pt2/HG02083.m64136_210319_191015.dc.q20.fastq.gz', 's3://human-pangenomics/submissions/02355F32-E75A-4279-A7B8-FCCEA70FB6CD--DEEPCONSENSUS_v1pt2/HG02083/raw_data/PacBio_HiFi/deepconsensus/v1pt2/HG02083.m64136_210321_022417.dc.q20.fastq.gz', 's3://human-pangenomics/submissions/02355F32-E75A-4279-A7B8-FCCEA70FB6CD--DEEPCONSENSUS_v1pt2/HG02083/raw_data/PacBio_HiFi/deepconsensus/v1pt2/HG02083.m64136_210323_162524.dc.q20.fastq.gz', 's3://human-pangenomics/submissions/67b71022-da25-40ef-b56f-52297e946b32--WUSTL_HPRC_HiFi_Year2_TopUp/HG02083/PacBio_HiFi/m84081_231027_192451_s1.hifi_reads.default.bam', 's3://human-pangenomics/submissions/67b71022-da25-40ef-b56f-52297e946b32--WUSTL_HPRC_HiFi_Year2_TopUp/HG02083/PacBio_HiFi/m84081_231029_013437_s1.hifi_reads.default.bam']","['s3://human-pangenomics/submissions/121956E8-5DBD-462C-858C-A5361777EC1D--UCSC_HPRC_ONT_Y2_GUPPY6/HG02083/12_08_21_R941_HG02083_1_Guppy_6.4.6_450bps_modbases_5mc_cg_sup_prom_pass.bam', 's3://human-pangenomics/submissions/121956E8-5DBD-462C-858C-A5361777EC1D--UCSC_HPRC_ONT_Y2_GUPPY6/HG02083/12_08_21_R941_HG02083_2_Guppy_6.4.6_450bps_modbases_5mc_cg_sup_prom_pass.bam', 's3://human-pangenomics/submissions/121956E8-5DBD-462C-858C-A5361777EC1D--UCSC_HPRC_ONT_Y2_GUPPY6/HG02083/12_08_21_R941_HG02083_3_Guppy_6.4.6_450bps_modbases_5mc_cg_sup_prom_pass.bam']",s3://human-pangenomics/submissions/325b4b1c-9f20-49be-b03a-596da89c466e--1000G_CHILDREN/HG02083/1000G_data/HG02083.final.cram,['s3://human-pangenomics/submissions/AD30A684-C7A8-4D24-89B2-040DFF021B0C--Y2_1000G_DATA/HG02083/Illumina/parents/HG02084/HG02084.final.cram'],['s3://human-pangenomics/submissions/AD30A684-C7A8-4D24-89B2-040DFF021B0C--Y2_1000G_DATA/HG02083/Illumina/parents/HG02085/HG02085.final.cram'],/private/groups/hprc/assembly/batch2/hifiasm_submit_logs/hifiasm_submit_HPRC-asm-batch1_1459800_1459797_3.log,/private/groups/hprc/assembly/batch2/HG02083/analysis/assembly/HG02084.yak,/private/groups/hprc/assembly/batch2/HG02083/analysis/assembly/HG02085.yak,/private/groups/hprc/assembly/batch2/HG02083/analysis/assembly/HG02083.binFiles.tar.gz,/private/groups/hprc/assembly/batch2/HG02083/analysis/assembly/HG02083.raw_unitig_gfa.tar.gz,/private/groups/hprc/assembly/batch2/HG02083/analysis/assembly/HG02083.mat.contig_gfa.tar.gz,/private/groups/hprc/assembly/batch2/HG02083/analysis/assembly/HG02083.pat.contig_gfa.tar.gz,/private/groups/hprc/assembly/batch2/HG02083/analysis/assembly/HG02083.mat.fa.gz,/private/groups/hprc/assembly/batch2/HG02083/analysis/assembly/HG02083.pat.fa.gz,/private/groups/patenlab/mira/hprc_polishing/data/DeepPolisher_models/checkpoint-665.tar.gz
HG02523,HG02521,HG02522,HPRC,65.73,female,KHV,EAS,YR2,WashU,"['s3://human-pangenomics/submissions/02355F32-E75A-4279-A7B8-FCCEA70FB6CD--DEEPCONSENSUS_v1pt2/HG02523/raw_data/PacBio_HiFi/deepconsensus/v1pt2/HG02523.m64043_210506_183430.dc.q20.fastq.gz', 's3://human-pangenomics/submissions/02355F32-E75A-4279-A7B8-FCCEA70FB6CD--DEEPCONSENSUS_v1pt2/HG02523/raw_data/PacBio_HiFi/deepconsensus/v1pt2/HG02523.m64043_210508_033135.dc.q20.fastq.gz', 's3://human-pangenomics/submissions/02355F32-E75A-4279-A7B8-FCCEA70FB6CD--DEEPCONSENSUS_v1pt2/HG02523/raw_data/PacBio_HiFi/deepconsensus/v1pt2/HG02523.m64043_210509_110105.dc.q20.fastq.gz', 's3://human-pangenomics/submissions/67b71022-da25-40ef-b56f-52297e946b32--WUSTL_HPRC_HiFi_Year2_TopUp/HG02523/PacBio_HiFi/m84081_231027_195514_s2.hifi_reads.default.bam', 's3://human-pangenomics/submissions/67b71022-da25-40ef-b56f-52297e946b32--WUSTL_HPRC_HiFi_Year2_TopUp/HG02523/PacBio_HiFi/m84081_231027_202621_s3.hifi_reads.default.bam', 's3://human-pangenomics/submissions/67b71022-da25-40ef-b56f-52297e946b32--WUSTL_HPRC_HiFi_Year2_TopUp/HG02523/PacBio_HiFi/m84081_231029_020543_s2.hifi_reads.default.bam', 's3://human-pangenomics/submissions/67b71022-da25-40ef-b56f-52297e946b32--WUSTL_HPRC_HiFi_Year2_TopUp/HG02523/PacBio_HiFi/m84081_231029_023649_s3.hifi_reads.default.bam']","['s3://human-pangenomics/submissions/121956E8-5DBD-462C-858C-A5361777EC1D--UCSC_HPRC_ONT_Y2_GUPPY6/HG02523/12_08_21_R941_HG02523_1_Guppy_6.4.6_450bps_modbases_5mc_cg_sup_prom_pass.bam', 's3://human-pangenomics/submissions/121956E8-5DBD-462C-858C-A5361777EC1D--UCSC_HPRC_ONT_Y2_GUPPY6/HG02523/12_08_21_R941_HG02523_2_Guppy_6.4.6_450bps_modbases_5mc_cg_sup_prom_pass.bam', 's3://human-pangenomics/submissions/121956E8-5DBD-462C-858C-A5361777EC1D--UCSC_HPRC_ONT_Y2_GUPPY6/HG02523/12_08_21_R941_HG02523_3_Guppy_6.4.6_450bps_modbases_5mc_cg_sup_prom_pass.bam']",s3://human-pangenomics/submissions/325b4b1c-9f20-49be-b03a-596da89c466e--1000G_CHILDREN/HG02523/1000G_data/HG02523.final.cram,['s3://human-pangenomics/submissions/AD30A684-C7A8-4D24-89B2-040DFF021B0C--Y2_1000G_DATA/HG02523/Illumina/parents/HG02522/HG02522.final.cram'],['s3://human-pangenomics/submissions/AD30A684-C7A8-4D24-89B2-040DFF021B0C--Y2_1000G_DATA/HG02523/Illumina/parents/HG02521/HG02521.final.cram'],/private/groups/hprc/assembly/batch2/hifiasm_submit_logs/hifiasm_submit_HPRC-asm-batch1_1459801_1459797_4.log,/private/groups/hprc/assembly/batch2/HG02523/analysis/assembly/HG02522.yak,/private/groups/hprc/assembly/batch2/HG02523/analysis/assembly/HG02521.yak,/private/groups/hprc/assembly/batch2/HG02523/analysis/assembly/HG02523.binFiles.tar.gz,/private/groups/hprc/assembly/batch2/HG02523/analysis/assembly/HG02523.raw_unitig_gfa.tar.gz,/private/groups/hprc/assembly/batch2/HG02523/analysis/assembly/HG02523.mat.contig_gfa.tar.gz,/private/groups/hprc/assembly/batch2/HG02523/analysis/assembly/HG02523.pat.contig_gfa.tar.gz,/private/groups/hprc/assembly/batch2/HG02523/analysis/assembly/HG02523.mat.fa.gz,/private/groups/hprc/assembly/batch2/HG02523/analysis/assembly/HG02523.pat.fa.gz,/private/groups/patenlab/mira/hprc_polishing/data/DeepPolisher_models/checkpoint-665.tar.gz
HG02132,HG02134,HG02133,HPRC,66.67,male,KHV,EAS,YR2,UW,"['s3://human-pangenomics/submissions/02355F32-E75A-4279-A7B8-FCCEA70FB6CD--DEEPCONSENSUS_v1pt2/HG02132/raw_data/PacBio_HiFi/deepconsensus/v1pt2/HG02132.m54329U_210627_170630.dc.q20.fastq.gz', 's3://human-pangenomics/submissions/02355F32-E75A-4279-A7B8-FCCEA70FB6CD--DEEPCONSENSUS_v1pt2/HG02132/raw_data/PacBio_HiFi/deepconsensus/v1pt2/HG02132.m54329U_210704_040110.dc.q20.fastq.gz', 's3://human-pangenomics/submissions/02355F32-E75A-4279-A7B8-FCCEA70FB6CD--DEEPCONSENSUS_v1pt2/HG02132/raw_data/PacBio_HiFi/deepconsensus/v1pt2/HG02132.m54329U_210705_145805.dc.q20.fastq.gz', 's3://human-pangenomics/submissions/02355F32-E75A-4279-A7B8-FCCEA70FB6CD--DEEPCONSENSUS_v1pt2/HG02132/raw_data/PacBio_HiFi/deepconsensus/v1pt2/HG02132.m64076_210525_000003.dc.q20.fastq.gz', 's3://human-pangenomics/submissions/4f8c8e63-dfd3-4f90-965f-8a8cf3ee4de9--UW_HPRC_HiFi_Y4_AND_Y3_Topoff/HG02132/m84046_230603_204152_s4.hifi_reads.default.bam']","['s3://human-pangenomics/submissions/121956E8-5DBD-462C-858C-A5361777EC1D--UCSC_HPRC_ONT_Y2_GUPPY6/HG02132/07_13_21_R941_HG02132_1_Guppy_6.4.6_450bps_modbases_5mc_cg_sup_prom_pass.bam', 's3://human-pangenomics/submissions/121956E8-5DBD-462C-858C-A5361777EC1D--UCSC_HPRC_ONT_Y2_GUPPY6/HG02132/07_13_21_R941_HG02132_2_Guppy_6.4.6_450bps_modbases_5mc_cg_sup_prom_pass.bam', 's3://human-pangenomics/submissions/121956E8-5DBD-462C-858C-A5361777EC1D--UCSC_HPRC_ONT_Y2_GUPPY6/HG02132/07_13_21_R941_HG02132_3_Guppy_6.4.6_450bps_modbases_5mc_cg_sup_prom_pass.bam']",s3://human-pangenomics/submissions/325b4b1c-9f20-49be-b03a-596da89c466e--1000G_CHILDREN/HG02132/1000G_data/HG02132.final.cram,['s3://human-pangenomics/submissions/AD30A684-C7A8-4D24-89B2-040DFF021B0C--Y2_1000G_DATA/HG02132/Illumina/parents/HG02133/HG02133.final.cram'],['s3://human-pangenomics/submissions/AD30A684-C7A8-4D24-89B2-040DFF021B0C--Y2_1000G_DATA/HG02132/Illumina/parents/HG02134/HG02134.final.cram'],/private/groups/hprc/assembly/batch2/hifiasm_submit_logs/hifiasm_submit_HPRC-asm-batch1_1459802_1459797_5.log,/private/groups/hprc/assembly/batch2/HG02132/analysis/assembly/HG02133.yak,/private/groups/hprc/assembly/batch2/HG02132/analysis/assembly/HG02134.yak,/private/groups/hprc/assembly/batch2/HG02132/analysis/assembly/HG02132.binFiles.tar.gz,/private/groups/hprc/assembly/batch2/HG02132/analysis/assembly/HG02132.raw_unitig_gfa.tar.gz,/private/groups/hprc/assembly/batch2/HG02132/analysis/assembly/HG02132.mat.contig_gfa.tar.gz,/private/groups/hprc/assembly/batch2/HG02132/analysis/assembly/HG02132.pat.contig_gfa.tar.gz,/private/groups/hprc/assembly/batch2/HG02132/analysis/assembly/HG02132.mat.fa.gz,/private/groups/hprc/assembly/batch2/HG02132/analysis/assembly/HG02132.pat.fa.gz,/private/groups/patenlab/mira/hprc_polishing/data/DeepPolisher_models/checkpoint-665.tar.gz
HG03710,HG03708,HG03709,HPRC,76.72,male,PJL,SAS,YR2,WashU,"['s3://human-pangenomics/submissions/02355F32-E75A-4279-A7B8-FCCEA70FB6CD--DEEPCONSENSUS_v1pt2/HG03710/raw_data/PacBio_HiFi/deepconsensus/v1pt2/HG03710.m64043_210514_184131.dc.q20.fastq.gz', 's3://human-pangenomics/submissions/02355F32-E75A-4279-A7B8-FCCEA70FB6CD--DEEPCONSENSUS_v1pt2/HG03710/raw_data/PacBio_HiFi/deepconsensus/v1pt2/HG03710.m64043_210516_020821.dc.q20.fastq.gz', 's3://human-pangenomics/submissions/02355F32-E75A-4279-A7B8-FCCEA70FB6CD--DEEPCONSENSUS_v1pt2/HG03710/raw_data/PacBio_HiFi/deepconsensus/v1pt2/HG03710.m64043_210517_175123.dc.q20.fastq.gz', 's3://human-pangenomics/submissions/67b71022-da25-40ef-b56f-52297e946b32--WUSTL_HPRC_HiFi_Year2_TopUp/HG03710/PacBio_HiFi/m84081_231117_193129_s1.hifi_reads.bc2082.bam', 's3://human-pangenomics/submissions/67b71022-da25-40ef-b56f-52297e946b32--WUSTL_HPRC_HiFi_Year2_TopUp/HG03710/PacBio_HiFi/m84081_231117_201125_s2.hifi_reads.bc2082.bam', 's3://human-pangenomics/submissions/67b71022-da25-40ef-b56f-52297e946b32--WUSTL_HPRC_HiFi_Year2_TopUp/HG03710/PacBio_HiFi/m84081_231117_204232_s3.hifi_reads.bc2082.bam']","['s3://human-pangenomics/submissions/121956E8-5DBD-462C-858C-A5361777EC1D--UCSC_HPRC_ONT_Y2_GUPPY6/HG03710/07_20_21_R941_HG03710_1_Guppy_6.5.7_450bps_modbases_5mc_cg_sup_prom_pass.bam', 's3://human-pangenomics/submissions/121956E8-5DBD-462C-858C-A5361777EC1D--UCSC_HPRC_ONT_Y2_GUPPY6/HG03710/07_20_21_R941_HG03710_2_Guppy_6.5.7_450bps_modbases_5mc_cg_sup_prom_pass.bam', 's3://human-pangenomics/submissions/121956E8-5DBD-462C-858C-A5361777EC1D--UCSC_HPRC_ONT_Y2_GUPPY6/HG03710/07_20_21_R941_HG03710_3_Guppy_6.5.7_450bps_modbases_5mc_cg_sup_prom_pass.bam', 's3://human-pangenomics/submissions/121956E8-5DBD-462C-858C-A5361777EC1D--UCSC_HPRC_ONT_Y2_GUPPY6/HG03710/07_20_21_R941_HG03710_4_Guppy_6.5.7_450bps_modbases_5mc_cg_sup_prom_pass.bam']",s3://human-pangenomics/submissions/325b4b1c-9f20-49be-b03a-596da89c466e--1000G_CHILDREN/HG03710/1000G_data/HG03710.final.cram,['s3://human-pangenomics/submissions/AD30A684-C7A8-4D24-89B2-040DFF021B0C--Y2_1000G_DATA/HG03710/Illumina/parents/HG03709/HG03709.final.cram'],['s3://human-pangenomics/submissions/AD30A684-C7A8-4D24-89B2-040DFF021B0C--Y2_1000G_DATA/HG03710/Illumina/parents/HG03708/HG03708.final.cram'],/private/groups/hprc/assembly/batch2/hifiasm_submit_logs/hifiasm_submit_HPRC-asm-batch1_1459803_1459797_6.log,/private/groups/hprc/assembly/batch2/HG03710/analysis/assembly/HG03709.yak,/private/groups/hprc/assembly/batch2/HG03710/analysis/assembly/HG03708.yak,/private/groups/hprc/assembly/batch2/HG03710/analysis/assembly/HG03710.binFiles.tar.gz,/private/groups/hprc/assembly/batch2/HG03710/analysis/assembly/HG03710.raw_unitig_gfa.tar.gz,/private/groups/hprc/assembly/batch2/HG03710/analysis/assembly/HG03710.mat.contig_gfa.tar.gz,/private/groups/hprc/assembly/batch2/HG03710/analysis/assembly/HG03710.pat.contig_gfa.tar.gz,/private/groups/hprc/assembly/batch2/HG03710/analysis/assembly/HG03710.mat.fa.gz,/private/groups/hprc/assembly/batch2/HG03710/analysis/assembly/HG03710.pat.fa.gz,/private/groups/patenlab/mira/hprc_polishing/data/DeepPolisher_models/checkpoint-665.tar.gz
HG03654,HG03652,HG03653,HPRC,66.14,male,PJL,SAS,YR2,WashU,"['s3://human-pangenomics/submissions/02355F32-E75A-4279-A7B8-FCCEA70FB6CD--DEEPCONSENSUS_v1pt2/HG03654/raw_data/PacBio_HiFi/deepconsensus/v1pt2/HG03654.m64043_210522_023949.dc.q20.fastq.gz', 's3://human-pangenomics/submissions/02355F32-E75A-4279-A7B8-FCCEA70FB6CD--DEEPCONSENSUS_v1pt2/HG03654/raw_data/PacBio_HiFi/deepconsensus/v1pt2/HG03654.m64043_210523_101851.dc.q20.fastq.gz', 's3://human-pangenomics/submissions/02355F32-E75A-4279-A7B8-FCCEA70FB6CD--DEEPCONSENSUS_v1pt2/HG03654/raw_data/PacBio_HiFi/deepconsensus/v1pt2/HG03654.m64043_210524_174752.dc.q20.fastq.gz', 's3://human-pangenomics/submissions/02355F32-E75A-4279-A7B8-FCCEA70FB6CD--DEEPCONSENSUS_v1pt2/HG03654/raw_data/PacBio_HiFi/deepconsensus/v1pt2/HG03654.m64043_210528_171552.dc.q20.fastq.gz', 's3://human-pangenomics/submissions/67b71022-da25-40ef-b56f-52297e946b32--WUSTL_HPRC_HiFi_Year2_TopUp/HG03654/PacBio_HiFi/m84081_231112_023836_s2.hifi_reads.default.bam']","['s3://human-pangenomics/submissions/121956E8-5DBD-462C-858C-A5361777EC1D--UCSC_HPRC_ONT_Y2_GUPPY6/HG03654/07_27_21_R941_HG03654_1_Guppy_6.5.7_450bps_modbases_5mc_cg_sup_prom_pass.bam', 's3://human-pangenomics/submissions/121956E8-5DBD-462C-858C-A5361777EC1D--UCSC_HPRC_ONT_Y2_GUPPY6/HG03654/07_27_21_R941_HG03654_2_Guppy_6.5.7_450bps_modbases_5mc_cg_sup_prom_pass.bam', 's3://human-pangenomics/submissions/121956E8-5DBD-462C-858C-A5361777EC1D--UCSC_HPRC_ONT_Y2_GUPPY6/HG03654/07_27_21_R941_HG03654_3_Guppy_6.5.7_450bps_modbases_5mc_cg_sup_prom_pass.bam']",s3://human-pangenomics/submissions/325b4b1c-9f20-49be-b03a-596da89c466e--1000G_CHILDREN/HG03654/1000G_data/HG03654.final.cram,['s3://human-pangenomics/submissions/AD30A684-C7A8-4D24-89B2-040DFF021B0C--Y2_1000G_DATA/HG03654/Illumina/parents/HG03653/HG03653.final.cram'],['s3://human-pangenomics/submissions/AD30A684-C7A8-4D24-89B2-040DFF021B0C--Y2_1000G_DATA/HG03654/Illumina/parents/HG03652/HG03652.final.cram'],/private/groups/hprc/assembly/batch2/hifiasm_submit_logs/hifiasm_submit_HPRC-asm-batch1_1459805_1459797_8.log,/private/groups/hprc/assembly/batch2/HG03654/analysis/assembly/HG03653.yak,/private/groups/hprc/assembly/batch2/HG03654/analysis/assembly/HG03652.yak,/private/groups/hprc/assembly/batch2/HG03654/analysis/assembly/HG03654.binFiles.tar.gz,/private/groups/hprc/assembly/batch2/HG03654/analysis/assembly/HG03654.raw_unitig_gfa.tar.gz,/private/groups/hprc/assembly/batch2/HG03654/analysis/assembly/HG03654.mat.contig_gfa.tar.gz,/private/groups/hprc/assembly/batch2/HG03654/analysis/assembly/HG03654.pat.contig_gfa.tar.gz,/private/groups/hprc/assembly/batch2/HG03654/analysis/assembly/HG03654.mat.fa.gz,/private/groups/hprc/assembly/batch2/HG03654/analysis/assembly/HG03654.pat.fa.gz,/private/groups/patenlab/mira/hprc_polishing/data/DeepPolisher_models/checkpoint-665.tar.gz
HG02698,HG02696,HG02697,HPRC,71.4,male,PJL,SAS,YR2,WashU,"['s3://human-pangenomics/submissions/02355F32-E75A-4279-A7B8-FCCEA70FB6CD--DEEPCONSENSUS_v1pt2/HG02698/raw_data/PacBio_HiFi/deepconsensus/v1pt2/HG02698.m64043_210519_013026.dc.q20.fastq.gz', 's3://human-pangenomics/submissions/02355F32-E75A-4279-A7B8-FCCEA70FB6CD--DEEPCONSENSUS_v1pt2/HG02698/raw_data/PacBio_HiFi/deepconsensus/v1pt2/HG02698.m64136_210514_184433.dc.q20.fastq.gz', 's3://human-pangenomics/submissions/02355F32-E75A-4279-A7B8-FCCEA70FB6CD--DEEPCONSENSUS_v1pt2/HG02698/raw_data/PacBio_HiFi/deepconsensus/v1pt2/HG02698.m64136_210517_184202.dc.q20.fastq.gz', 's3://human-pangenomics/submissions/67b71022-da25-40ef-b56f-52297e946b32--WUSTL_HPRC_HiFi_Year2_TopUp/HG02698/PacBio_HiFi/m84081_231105_021548_s2.hifi_reads.default.bam']","['s3://human-pangenomics/submissions/121956E8-5DBD-462C-858C-A5361777EC1D--UCSC_HPRC_ONT_Y2_GUPPY6/HG02698/07_20_21_R941_HG02698_1_Guppy_6.5.7_450bps_modbases_5mc_cg_sup_prom_pass.bam', 's3://human-pangenomics/submissions/121956E8-5DBD-462C-858C-A5361777EC1D--UCSC_HPRC_ONT_Y2_GUPPY6/HG02698/07_20_21_R941_HG02698_2_Guppy_6.5.7_450bps_modbases_5mc_cg_sup_prom_pass.bam', 's3://human-pangenomics/submissions/121956E8-5DBD-462C-858C-A5361777EC1D--UCSC_HPRC_ONT_Y2_GUPPY6/HG02698/07_20_21_R941_HG02698_3_Guppy_6.5.7_450bps_modbases_5mc_cg_sup_prom_pass.bam', 's3://human-pangenomics/submissions/121956E8-5DBD-462C-858C-A5361777EC1D--UCSC_HPRC_ONT_Y2_GUPPY6/HG02698/07_20_21_R941_HG02698_4_Guppy_6.5.7_450bps_modbases_5mc_cg_sup_prom_pass.bam', 's3://human-pangenomics/submissions/121956E8-5DBD-462C-858C-A5361777EC1D--UCSC_HPRC_ONT_Y2_GUPPY6/HG02698/07_20_21_R941_HG02698_5_Guppy_6.5.7_450bps_modbases_5mc_cg_sup_prom_pass.bam']",s3://human-pangenomics/submissions/325b4b1c-9f20-49be-b03a-596da89c466e--1000G_CHILDREN/HG02698/1000G_data/HG02698.final.cram,['s3://human-pangenomics/submissions/AD30A684-C7A8-4D24-89B2-040DFF021B0C--Y2_1000G_DATA/HG02698/Illumina/parents/HG02697/HG02697.final.cram'],['s3://human-pangenomics/submissions/AD30A684-C7A8-4D24-89B2-040DFF021B0C--Y2_1000G_DATA/HG02698/Illumina/parents/HG02696/HG02696.final.cram'],/private/groups/hprc/assembly/batch2/hifiasm_submit_logs/hifiasm_submit_HPRC-asm-batch1_1475795_1475780_15.log,/private/groups/hprc/assembly/batch2/HG02698/analysis/assembly/HG02697.yak,/private/groups/hprc/assembly/batch2/HG02698/analysis/assembly/HG02696.yak,/private/groups/hprc/assembly/batch2/HG02698/analysis/assembly/HG02698.binFiles.tar.gz,/private/groups/hprc/assembly/batch2/HG02698/analysis/assembly/HG02698.raw_unitig_gfa.tar.gz,/private/groups/hprc/assembly/batch2/HG02698/analysis/assembly/HG02698.mat.contig_gfa.tar.gz,/private/groups/hprc/assembly/batch2/HG02698/analysis/assembly/HG02698.pat.contig_gfa.tar.gz,/private/groups/hprc/assembly/batch2/HG02698/analysis/assembly/HG02698.mat.fa.gz,/private/groups/hprc/assembly/batch2/HG02698/analysis/assembly/HG02698.pat.fa.gz,/private/groups/patenlab/mira/hprc_polishing/data/DeepPolisher_models/checkpoint-665.tar.gz
HG03688,HG03885,HG03886,HPRC,61.95,male,STU,SAS,YR2,UW,"['s3://human-pangenomics/submissions/02355F32-E75A-4279-A7B8-FCCEA70FB6CD--DEEPCONSENSUS_v1pt2/HG03688/raw_data/PacBio_HiFi/deepconsensus/v1pt2/HG03688.m54329U_210608_221930.dc.q20.fastq.gz', 's3://human-pangenomics/submissions/02355F32-E75A-4279-A7B8-FCCEA70FB6CD--DEEPCONSENSUS_v1pt2/HG03688/raw_data/PacBio_HiFi/deepconsensus/v1pt2/HG03688.m54329U_210611_221457.dc.q20.fastq.gz', 's3://human-pangenomics/submissions/02355F32-E75A-4279-A7B8-FCCEA70FB6CD--DEEPCONSENSUS_v1pt2/HG03688/raw_data/PacBio_HiFi/deepconsensus/v1pt2/HG03688.m54329U_210618_202343.dc.q20.fastq.gz', 's3://human-pangenomics/submissions/02355F32-E75A-4279-A7B8-FCCEA70FB6CD--DEEPCONSENSUS_v1pt2/HG03688/raw_data/PacBio_HiFi/deepconsensus/v1pt2/HG03688.m64076_210610_224207.dc.q20.fastq.gz', 's3://human-pangenomics/submissions/4f8c8e63-dfd3-4f90-965f-8a8cf3ee4de9--UW_HPRC_HiFi_Y4_AND_Y3_Topoff/HG03688/m84046_230707_195504_s2.hifi_reads.default.bam']","['s3://human-pangenomics/submissions/121956E8-5DBD-462C-858C-A5361777EC1D--UCSC_HPRC_ONT_Y2_GUPPY6/HG03688/07_27_21_R941_HG03688_1_Guppy_6.5.7_450bps_modbases_5mc_cg_sup_prom_pass.bam', 's3://human-pangenomics/submissions/121956E8-5DBD-462C-858C-A5361777EC1D--UCSC_HPRC_ONT_Y2_GUPPY6/HG03688/07_27_21_R941_HG03688_2_Guppy_6.5.7_450bps_modbases_5mc_cg_sup_prom_pass.bam', 's3://human-pangenomics/submissions/121956E8-5DBD-462C-858C-A5361777EC1D--UCSC_HPRC_ONT_Y2_GUPPY6/HG03688/07_27_21_R941_HG03688_3_Guppy_6.5.7_450bps_modbases_5mc_cg_sup_prom_pass.bam']",s3://human-pangenomics/submissions/325b4b1c-9f20-49be-b03a-596da89c466e--1000G_CHILDREN/HG03688/1000G_data/HG03688.final.cram,['s3://human-pangenomics/submissions/AD30A684-C7A8-4D24-89B2-040DFF021B0C--Y2_1000G_DATA/HG03688/Illumina/parents/HG03886/HG03886.final.cram'],['s3://human-pangenomics/submissions/AD30A684-C7A8-4D24-89B2-040DFF021B0C--Y2_1000G_DATA/HG03688/Illumina/parents/HG03885/HG03885.final.cram'],/private/groups/hprc/assembly/batch2/hifiasm_submit_logs/hifiasm_submit_HPRC-asm-batch1_1459807_1459797_10.log,/private/groups/hprc/assembly/batch2/HG03688/analysis/assembly/HG03886.yak,/private/groups/hprc/assembly/batch2/HG03688/analysis/assembly/HG03885.yak,/private/groups/hprc/assembly/batch2/HG03688/analysis/assembly/HG03688.binFiles.tar.gz,/private/groups/hprc/assembly/batch2/HG03688/analysis/assembly/HG03688.raw_unitig_gfa.tar.gz,/private/groups/hprc/assembly/batch2/HG03688/analysis/assembly/HG03688.mat.contig_gfa.tar.gz,/private/groups/hprc/assembly/batch2/HG03688/analysis/assembly/HG03688.pat.contig_gfa.tar.gz,/private/groups/hprc/assembly/batch2/HG03688/analysis/assembly/HG03688.mat.fa.gz,/private/groups/hprc/assembly/batch2/HG03688/analysis/assembly/HG03688.pat.fa.gz,/private/groups/patenlab/mira/hprc_polishing/data/DeepPolisher_models/checkpoint-665.tar.gz
HG04199,HG04100,HG04099,HPRC,67.6,male,STU,SAS,YR2,UW,"['s3://human-pangenomics/submissions/02355F32-E75A-4279-A7B8-FCCEA70FB6CD--DEEPCONSENSUS_v1pt2/HG04199/raw_data/PacBio_HiFi/deepconsensus/v1pt2/HG04199.m54329U_210614_155303.dc.q20.fastq.gz', 's3://human-pangenomics/submissions/02355F32-E75A-4279-A7B8-FCCEA70FB6CD--DEEPCONSENSUS_v1pt2/HG04199/raw_data/PacBio_HiFi/deepconsensus/v1pt2/HG04199.m54329U_210620_071842.dc.q20.fastq.gz', 's3://human-pangenomics/submissions/02355F32-E75A-4279-A7B8-FCCEA70FB6CD--DEEPCONSENSUS_v1pt2/HG04199/raw_data/PacBio_HiFi/deepconsensus/v1pt2/HG04199.m54329U_210621_233920.dc.q20.fastq.gz', 's3://human-pangenomics/submissions/02355F32-E75A-4279-A7B8-FCCEA70FB6CD--DEEPCONSENSUS_v1pt2/HG04199/raw_data/PacBio_HiFi/deepconsensus/v1pt2/HG04199.m64076_210613_183806.dc.q20.fastq.gz', 's3://human-pangenomics/submissions/4f8c8e63-dfd3-4f90-965f-8a8cf3ee4de9--UW_HPRC_HiFi_Y4_AND_Y3_Topoff/HG04199/m84046_230703_225306_s4.hifi_reads.default.bam']","['s3://human-pangenomics/submissions/121956E8-5DBD-462C-858C-A5361777EC1D--UCSC_HPRC_ONT_Y2_GUPPY6/HG04199/08_10_21_R941_HG04199_1_Guppy_6.5.7_450bps_modbases_5mc_cg_sup_prom_pass.bam', 's3://human-pangenomics/submissions/121956E8-5DBD-462C-858C-A5361777EC1D--UCSC_HPRC_ONT_Y2_GUPPY6/HG04199/08_10_21_R941_HG04199_2_Guppy_6.5.7_450bps_modbases_5mc_cg_sup_prom_pass.bam', 's3://human-pangenomics/submissions/121956E8-5DBD-462C-858C-A5361777EC1D--UCSC_HPRC_ONT_Y2_GUPPY6/HG04199/08_10_21_R941_HG04199_3_Guppy_6.5.7_450bps_modbases_5mc_cg_sup_prom_pass.bam']",s3://human-pangenomics/submissions/325b4b1c-9f20-49be-b03a-596da89c466e--1000G_CHILDREN/HG04199/1000G_data/HG04199.final.cram,['s3://human-pangenomics/submissions/AD30A684-C7A8-4D24-89B2-040DFF021B0C--Y2_1000G_DATA/HG04199/Illumina/parents/HG04099/HG04099.final.cram'],['s3://human-pangenomics/submissions/AD30A684-C7A8-4D24-89B2-040DFF021B0C--Y2_1000G_DATA/HG04199/Illumina/parents/HG04100/HG04100.final.cram'],/private/groups/hprc/assembly/batch2/hifiasm_submit_logs/hifiasm_submit_HPRC-asm-batch1_1459808_1459797_11.log,/private/groups/hprc/assembly/batch2/HG04199/analysis/assembly/HG04099.yak,/private/groups/hprc/assembly/batch2/HG04199/analysis/assembly/HG04100.yak,/private/groups/hprc/assembly/batch2/HG04199/analysis/assembly/HG04199.binFiles.tar.gz,/private/groups/hprc/assembly/batch2/HG04199/analysis/assembly/HG04199.raw_unitig_gfa.tar.gz,/private/groups/hprc/assembly/batch2/HG04199/analysis/assembly/HG04199.mat.contig_gfa.tar.gz,/private/groups/hprc/assembly/batch2/HG04199/analysis/assembly/HG04199.pat.contig_gfa.tar.gz,/private/groups/hprc/assembly/batch2/HG04199/analysis/assembly/HG04199.mat.fa.gz,/private/groups/hprc/assembly/batch2/HG04199/analysis/assembly/HG04199.pat.fa.gz,/private/groups/patenlab/mira/hprc_polishing/data/DeepPolisher_models/checkpoint-665.tar.gz
HG04115,HG03896,HG03894,HPRC,69.0,male,STU,SAS,YR2,UW,"['s3://human-pangenomics/submissions/02355F32-E75A-4279-A7B8-FCCEA70FB6CD--DEEPCONSENSUS_v1pt2/HG04115/raw_data/PacBio_HiFi/deepconsensus/v1pt2/HG04115.m64076_210623_104349.dc.q20.fastq.gz', 's3://human-pangenomics/submissions/02355F32-E75A-4279-A7B8-FCCEA70FB6CD--DEEPCONSENSUS_v1pt2/HG04115/raw_data/PacBio_HiFi/deepconsensus/v1pt2/HG04115.m64076_210625_220013.dc.q20.fastq.gz', 's3://human-pangenomics/submissions/02355F32-E75A-4279-A7B8-FCCEA70FB6CD--DEEPCONSENSUS_v1pt2/HG04115/raw_data/PacBio_HiFi/deepconsensus/v1pt2/HG04115.m64076_210627_085544.dc.q20.fastq.gz', 's3://human-pangenomics/submissions/4f8c8e63-dfd3-4f90-965f-8a8cf3ee4de9--UW_HPRC_HiFi_Y4_AND_Y3_Topoff/HG04115/m84046_230624_201459_s3.hifi_reads.default.bam']","['s3://human-pangenomics/submissions/121956E8-5DBD-462C-858C-A5361777EC1D--UCSC_HPRC_ONT_Y2_GUPPY6/HG04115/07_27_21_R941_HG04115_1_Guppy_6.5.7_450bps_modbases_5mc_cg_sup_prom_pass.bam', 's3://human-pangenomics/submissions/121956E8-5DBD-462C-858C-A5361777EC1D--UCSC_HPRC_ONT_Y2_GUPPY6/HG04115/07_27_21_R941_HG04115_2_Guppy_6.5.7_450bps_modbases_5mc_cg_sup_prom_pass.bam', 's3://human-pangenomics/submissions/121956E8-5DBD-462C-858C-A5361777EC1D--UCSC_HPRC_ONT_Y2_GUPPY6/HG04115/07_27_21_R941_HG04115_3_Guppy_6.5.7_450bps_modbases_5mc_cg_sup_prom_pass.bam', 's3://human-pangenomics/submissions/121956E8-5DBD-462C-858C-A5361777EC1D--UCSC_HPRC_ONT_Y2_GUPPY6/HG04115/07_27_21_R941_HG04115_4_Guppy_6.5.7_450bps_modbases_5mc_cg_sup_prom_pass.bam', 's3://human-pangenomics/submissions/121956E8-5DBD-462C-858C-A5361777EC1D--UCSC_HPRC_ONT_Y2_GUPPY6/HG04115/07_27_21_R941_HG04115_5_Guppy_6.5.7_450bps_modbases_5mc_cg_sup_prom_pass.bam']",s3://human-pangenomics/submissions/325b4b1c-9f20-49be-b03a-596da89c466e--1000G_CHILDREN/HG04115/1000G_data/HG04115.final.cram,['s3://human-pangenomics/submissions/AD30A684-C7A8-4D24-89B2-040DFF021B0C--Y2_1000G_DATA/HG04115/Illumina/parents/HG03894/HG03894.final.cram'],['s3://human-pangenomics/submissions/AD30A684-C7A8-4D24-89B2-040DFF021B0C--Y2_1000G_DATA/HG04115/Illumina/parents/HG03896/HG03896.final.cram'],/private/groups/hprc/assembly/batch2/hifiasm_submit_logs/hifiasm_submit_HPRC-asm-batch1_1475798_1475780_18.log,/private/groups/hprc/assembly/batch2/HG04115/analysis/assembly/HG03894.yak,/private/groups/hprc/assembly/batch2/HG04115/analysis/assembly/HG03896.yak,/private/groups/hprc/assembly/batch2/HG04115/analysis/assembly/HG04115.binFiles.tar.gz,/private/groups/hprc/assembly/batch2/HG04115/analysis/assembly/HG04115.raw_unitig_gfa.tar.gz,/private/groups/hprc/assembly/batch2/HG04115/analysis/assembly/HG04115.mat.contig_gfa.tar.gz,/private/groups/hprc/assembly/batch2/HG04115/analysis/assembly/HG04115.pat.contig_gfa.tar.gz,/private/groups/hprc/assembly/batch2/HG04115/analysis/assembly/HG04115.mat.fa.gz,/private/groups/hprc/assembly/batch2/HG04115/analysis/assembly/HG04115.pat.fa.gz,/private/groups/patenlab/mira/hprc_polishing/data/DeepPolisher_models/checkpoint-665.tar.gz
HG03669,HG03667,HG03668,HPRC,71.85,female,PJL,SAS,YR2,WashU,"['s3://human-pangenomics/submissions/02355F32-E75A-4279-A7B8-FCCEA70FB6CD--DEEPCONSENSUS_v1pt2/HG03669/raw_data/PacBio_HiFi/deepconsensus/v1pt2/HG03669.m64043_210604_175624.dc.q20.fastq.gz', 's3://human-pangenomics/submissions/02355F32-E75A-4279-A7B8-FCCEA70FB6CD--DEEPCONSENSUS_v1pt2/HG03669/raw_data/PacBio_HiFi/deepconsensus/v1pt2/HG03669.m64043_210606_013256.dc.q20.fastq.gz', 's3://human-pangenomics/submissions/02355F32-E75A-4279-A7B8-FCCEA70FB6CD--DEEPCONSENSUS_v1pt2/HG03669/raw_data/PacBio_HiFi/deepconsensus/v1pt2/HG03669.m64043_210607_090252.dc.q20.fastq.gz', 's3://human-pangenomics/submissions/02355F32-E75A-4279-A7B8-FCCEA70FB6CD--DEEPCONSENSUS_v1pt2/HG03669/raw_data/PacBio_HiFi/deepconsensus/v1pt2/HG03669.m64043_210610_203329.dc.q20.fastq.gz', 's3://human-pangenomics/submissions/67b71022-da25-40ef-b56f-52297e946b32--WUSTL_HPRC_HiFi_Year2_TopUp/HG03669/PacBio_HiFi/m84081_231124_014115_s1.hifi_reads.default.bam', 's3://human-pangenomics/submissions/67b71022-da25-40ef-b56f-52297e946b32--WUSTL_HPRC_HiFi_Year2_TopUp/HG03669/PacBio_HiFi/m84081_231124_021221_s2.hifi_reads.default.bam', 's3://human-pangenomics/submissions/67b71022-da25-40ef-b56f-52297e946b32--WUSTL_HPRC_HiFi_Year2_TopUp/HG03669/PacBio_HiFi/m84081_231124_024327_s3.hifi_reads.default.bam']","['s3://human-pangenomics/submissions/121956E8-5DBD-462C-858C-A5361777EC1D--UCSC_HPRC_ONT_Y2_GUPPY6/HG03669/07_27_21_R941_HG03669_1_Guppy_6.5.7_450bps_modbases_5mc_cg_sup_prom_pass.bam', 's3://human-pangenomics/submissions/121956E8-5DBD-462C-858C-A5361777EC1D--UCSC_HPRC_ONT_Y2_GUPPY6/HG03669/07_27_21_R941_HG03669_2_Guppy_6.5.7_450bps_modbases_5mc_cg_sup_prom_pass.bam', 's3://human-pangenomics/submissions/121956E8-5DBD-462C-858C-A5361777EC1D--UCSC_HPRC_ONT_Y2_GUPPY6/HG03669/07_27_21_R941_HG03669_3_Guppy_6.5.7_450bps_modbases_5mc_cg_sup_prom_pass.bam', 's3://human-pangenomics/submissions/121956E8-5DBD-462C-858C-A5361777EC1D--UCSC_HPRC_ONT_Y2_GUPPY6/HG03669/07_27_21_R941_HG03669_4_Guppy_6.5.7_450bps_modbases_5mc_cg_sup_prom_pass.bam']",s3://human-pangenomics/submissions/AD30A684-C7A8-4D24-89B2-040DFF021B0C--Y2_1000G_DATA/HG03669/Illumina/child/HG03669.final.cram,['s3://human-pangenomics/submissions/AD30A684-C7A8-4D24-89B2-040DFF021B0C--Y2_1000G_DATA/HG03669/Illumina/parents/HG03668/HG03668.final.cram'],['s3://human-pangenomics/submissions/AD30A684-C7A8-4D24-89B2-040DFF021B0C--Y2_1000G_DATA/HG03669/Illumina/parents/HG03667/HG03667.final.cram'],/private/groups/hprc/assembly/batch2/hifiasm_submit_logs/hifiasm_submit_HPRC-asm-batch1_1459811_1459797_14.log,/private/groups/hprc/assembly/batch2/HG03669/analysis/assembly/HG03668.yak,/private/groups/hprc/assembly/batch2/HG03669/analysis/assembly/HG03667.yak,/private/groups/hprc/assembly/batch2/HG03669/analysis/assembly/HG03669.binFiles.tar.gz,/private/groups/hprc/assembly/batch2/HG03669/analysis/assembly/HG03669.raw_unitig_gfa.tar.gz,/private/groups/hprc/assembly/batch2/HG03669/analysis/assembly/HG03669.mat.contig_gfa.tar.gz,/private/groups/hprc/assembly/batch2/HG03669/analysis/assembly/HG03669.pat.contig_gfa.tar.gz,/private/groups/hprc/assembly/batch2/HG03669/analysis/assembly/HG03669.mat.fa.gz,/private/groups/hprc/assembly/batch2/HG03669/analysis/assembly/HG03669.pat.fa.gz,/private/groups/patenlab/mira/hprc_polishing/data/DeepPolisher_models/checkpoint-665.tar.gz
HG01255,HG01253,HG01254,HPRC,70.2,male,CLM,AMR,YR2,WashU,"['s3://human-pangenomics/submissions/02355F32-E75A-4279-A7B8-FCCEA70FB6CD--DEEPCONSENSUS_v1pt2/HG01255/raw_data/PacBio_HiFi/deepconsensus/v1pt2/HG01255.m64043_210520_180149.dc.q20.fastq.gz', 's3://human-pangenomics/submissions/02355F32-E75A-4279-A7B8-FCCEA70FB6CD--DEEPCONSENSUS_v1pt2/HG01255/raw_data/PacBio_HiFi/deepconsensus/v1pt2/HG01255.m64136_210516_022225.dc.q20.fastq.gz', 's3://human-pangenomics/submissions/02355F32-E75A-4279-A7B8-FCCEA70FB6CD--DEEPCONSENSUS_v1pt2/HG01255/raw_data/PacBio_HiFi/deepconsensus/v1pt2/HG01255.m64136_210519_033858.dc.q20.fastq.gz', 's3://human-pangenomics/submissions/67b71022-da25-40ef-b56f-52297e946b32--WUSTL_HPRC_HiFi_Year2_TopUp/HG01255/PacBio_HiFi/m84081_231105_024654_s3.hifi_reads.default.bam']","['s3://human-pangenomics/submissions/121956E8-5DBD-462C-858C-A5361777EC1D--UCSC_HPRC_ONT_Y2_GUPPY6/HG01255/07_13_21_R941_HG01255_1_Guppy_6.4.6_450bps_modbases_5mc_cg_sup_prom_pass.bam', 's3://human-pangenomics/submissions/121956E8-5DBD-462C-858C-A5361777EC1D--UCSC_HPRC_ONT_Y2_GUPPY6/HG01255/07_13_21_R941_HG01255_2_Guppy_6.4.6_450bps_modbases_5mc_cg_sup_prom_pass.bam', 's3://human-pangenomics/submissions/121956E8-5DBD-462C-858C-A5361777EC1D--UCSC_HPRC_ONT_Y2_GUPPY6/HG01255/07_13_21_R941_HG01255_3_Guppy_6.4.6_450bps_modbases_5mc_cg_sup_prom_pass.bam']",s3://human-pangenomics/submissions/AD30A684-C7A8-4D24-89B2-040DFF021B0C--Y2_1000G_DATA/HG01255/Illumina/child/HG01255.final.cram,['s3://human-pangenomics/submissions/AD30A684-C7A8-4D24-89B2-040DFF021B0C--Y2_1000G_DATA/HG01255/Illumina/parents/HG01254/HG01254.final.cram'],['s3://human-pangenomics/submissions/AD30A684-C7A8-4D24-89B2-040DFF021B0C--Y2_1000G_DATA/HG01255/Illumina/parents/HG01253/HG01253.final.cram'],/private/groups/hprc/assembly/batch2/hifiasm_submit_logs/hifiasm_submit_HPRC-asm-batch1_1459812_1459797_15.log,/private/groups/hprc/assembly/batch2/HG01255/analysis/assembly/HG01254.yak,/private/groups/hprc/assembly/batch2/HG01255/analysis/assembly/HG01253.yak,/private/groups/hprc/assembly/batch2/HG01255/analysis/assembly/HG01255.binFiles.tar.gz,/private/groups/hprc/assembly/batch2/HG01255/analysis/assembly/HG01255.raw_unitig_gfa.tar.gz,/private/groups/hprc/assembly/batch2/HG01255/analysis/assembly/HG01255.mat.contig_gfa.tar.gz,/private/groups/hprc/assembly/batch2/HG01255/analysis/assembly/HG01255.pat.contig_gfa.tar.gz,/private/groups/hprc/assembly/batch2/HG01255/analysis/assembly/HG01255.mat.fa.gz,/private/groups/hprc/assembly/batch2/HG01255/analysis/assembly/HG01255.pat.fa.gz,/private/groups/patenlab/mira/hprc_polishing/data/DeepPolisher_models/checkpoint-665.tar.gz
HG02615,HG02613,HG02614,HPRC,71.1,female,GWD,AFR,YR2,WashU,"['s3://human-pangenomics/submissions/02355F32-E75A-4279-A7B8-FCCEA70FB6CD--DEEPCONSENSUS_v1pt2/HG02615/raw_data/PacBio_HiFi/deepconsensus/v1pt2/HG02615.m64136_210528_171842.dc.q20.fastq.gz', 's3://human-pangenomics/submissions/02355F32-E75A-4279-A7B8-FCCEA70FB6CD--DEEPCONSENSUS_v1pt2/HG02615/raw_data/PacBio_HiFi/deepconsensus/v1pt2/HG02615.m64136_210530_004827.dc.q20.fastq.gz', 's3://human-pangenomics/submissions/02355F32-E75A-4279-A7B8-FCCEA70FB6CD--DEEPCONSENSUS_v1pt2/HG02615/raw_data/PacBio_HiFi/deepconsensus/v1pt2/HG02615.m64136_210531_083342.dc.q20.fastq.gz', 's3://human-pangenomics/submissions/67b71022-da25-40ef-b56f-52297e946b32--WUSTL_HPRC_HiFi_Year2_TopUp/HG02615/PacBio_HiFi/m84081_231105_031800_s4.hifi_reads.default.bam']","['s3://human-pangenomics/submissions/121956E8-5DBD-462C-858C-A5361777EC1D--UCSC_HPRC_ONT_Y2_GUPPY6/HG02615/07_20_21_R941_HG02615_1_Guppy_6.5.7_450bps_modbases_5mc_cg_sup_prom_pass.bam', 's3://human-pangenomics/submissions/121956E8-5DBD-462C-858C-A5361777EC1D--UCSC_HPRC_ONT_Y2_GUPPY6/HG02615/07_20_21_R941_HG02615_2_Guppy_6.5.7_450bps_modbases_5mc_cg_sup_prom_pass.bam', 's3://human-pangenomics/submissions/121956E8-5DBD-462C-858C-A5361777EC1D--UCSC_HPRC_ONT_Y2_GUPPY6/HG02615/07_20_21_R941_HG02615_3_Guppy_6.5.7_450bps_modbases_5mc_cg_sup_prom_pass.bam']",s3://human-pangenomics/submissions/AD30A684-C7A8-4D24-89B2-040DFF021B0C--Y2_1000G_DATA/HG02615/Illumina/child/HG02615.final.cram,['s3://human-pangenomics/submissions/AD30A684-C7A8-4D24-89B2-040DFF021B0C--Y2_1000G_DATA/HG02615/Illumina/parents/HG02614/HG02614.final.cram'],['s3://human-pangenomics/submissions/AD30A684-C7A8-4D24-89B2-040DFF021B0C--Y2_1000G_DATA/HG02615/Illumina/parents/HG02613/HG02613.final.cram'],/private/groups/hprc/assembly/batch2/hifiasm_submit_logs/hifiasm_submit_HPRC-asm-batch1_1459813_1459797_16.log,/private/groups/hprc/assembly/batch2/HG02615/analysis/assembly/HG02614.yak,/private/groups/hprc/assembly/batch2/HG02615/analysis/assembly/HG02613.yak,/private/groups/hprc/assembly/batch2/HG02615/analysis/assembly/HG02615.binFiles.tar.gz,/private/groups/hprc/assembly/batch2/HG02615/analysis/assembly/HG02615.raw_unitig_gfa.tar.gz,/private/groups/hprc/assembly/batch2/HG02615/analysis/assembly/HG02615.mat.contig_gfa.tar.gz,/private/groups/hprc/assembly/batch2/HG02615/analysis/assembly/HG02615.pat.contig_gfa.tar.gz,/private/groups/hprc/assembly/batch2/HG02615/analysis/assembly/HG02615.mat.fa.gz,/private/groups/hprc/assembly/batch2/HG02615/analysis/assembly/HG02615.pat.fa.gz,/private/groups/patenlab/mira/hprc_polishing/data/DeepPolisher_models/checkpoint-665.tar.gz
HG00738,HG00736,HG00737,HPRC,68.6,male,PUR,AMR,YR2,WashU,"['s3://human-pangenomics/submissions/02355F32-E75A-4279-A7B8-FCCEA70FB6CD--DEEPCONSENSUS_v1pt2/HG00738/raw_data/PacBio_HiFi/deepconsensus/v1pt2/HG00738.m64043_210530_003337.dc.q20.fastq.gz', 's3://human-pangenomics/submissions/02355F32-E75A-4279-A7B8-FCCEA70FB6CD--DEEPCONSENSUS_v1pt2/HG00738/raw_data/PacBio_HiFi/deepconsensus/v1pt2/HG00738.m64043_210531_080529.dc.q20.fastq.gz', 's3://human-pangenomics/submissions/02355F32-E75A-4279-A7B8-FCCEA70FB6CD--DEEPCONSENSUS_v1pt2/HG00738/raw_data/PacBio_HiFi/deepconsensus/v1pt2/HG00738.m64043_210601_160048.dc.q20.fastq.gz', 's3://human-pangenomics/submissions/02355F32-E75A-4279-A7B8-FCCEA70FB6CD--DEEPCONSENSUS_v1pt2/HG00738/raw_data/PacBio_HiFi/deepconsensus/v1pt2/HG00738.m64136_210602_151340.dc.q20.fastq.gz', 's3://human-pangenomics/submissions/67b71022-da25-40ef-b56f-52297e946b32--WUSTL_HPRC_HiFi_Year2_TopUp/HG00738/PacBio_HiFi/m84081_231112_034048_s4.hifi_reads.bc2079.bam']","['s3://human-pangenomics/submissions/121956E8-5DBD-462C-858C-A5361777EC1D--UCSC_HPRC_ONT_Y2_GUPPY6/HG00738/06_22_21_R941_HG00738_1_Guppy_6.4.6_450bps_modbases_5mc_cg_sup_prom_pass.bam', 's3://human-pangenomics/submissions/121956E8-5DBD-462C-858C-A5361777EC1D--UCSC_HPRC_ONT_Y2_GUPPY6/HG00738/07_13_21_R941_HG00738_2_Guppy_6.4.6_450bps_modbases_5mc_cg_sup_prom_pass.bam', 's3://human-pangenomics/submissions/121956E8-5DBD-462C-858C-A5361777EC1D--UCSC_HPRC_ONT_Y2_GUPPY6/HG00738/07_13_21_R941_HG00738_3_Guppy_6.4.6_450bps_modbases_5mc_cg_sup_prom_pass.bam']",s3://human-pangenomics/submissions/AD30A684-C7A8-4D24-89B2-040DFF021B0C--Y2_1000G_DATA/HG00738/Illumina/child/HG00738.final.cram,['s3://human-pangenomics/submissions/AD30A684-C7A8-4D24-89B2-040DFF021B0C--Y2_1000G_DATA/HG00738/Illumina/parents/HG00737/HG00737.final.cram'],['s3://human-pangenomics/submissions/AD30A684-C7A8-4D24-89B2-040DFF021B0C--Y2_1000G_DATA/HG00738/Illumina/parents/HG00736/HG00736.final.cram'],/private/groups/hprc/assembly/batch2/hifiasm_submit_logs/hifiasm_submit_HPRC-asm-batch1_1459814_1459797_17.log,/private/groups/hprc/assembly/batch2/HG00738/analysis/assembly/HG00737.yak,/private/groups/hprc/assembly/batch2/HG00738/analysis/assembly/HG00736.yak,/private/groups/hprc/assembly/batch2/HG00738/analysis/assembly/HG00738.binFiles.tar.gz,/private/groups/hprc/assembly/batch2/HG00738/analysis/assembly/HG00738.raw_unitig_gfa.tar.gz,/private/groups/hprc/assembly/batch2/HG00738/analysis/assembly/HG00738.mat.contig_gfa.tar.gz,/private/groups/hprc/assembly/batch2/HG00738/analysis/assembly/HG00738.pat.contig_gfa.tar.gz,/private/groups/hprc/assembly/batch2/HG00738/analysis/assembly/HG00738.mat.fa.gz,/private/groups/hprc/assembly/batch2/HG00738/analysis/assembly/HG00738.pat.fa.gz,/private/groups/patenlab/mira/hprc_polishing/data/DeepPolisher_models/checkpoint-665.tar.gz
HG03927,HG03926,HG03925,HPRC,60.01,female,BEB,SAS,YR2,UW,"['s3://human-pangenomics/submissions/02355F32-E75A-4279-A7B8-FCCEA70FB6CD--DEEPCONSENSUS_v1pt2/HG03927/raw_data/PacBio_HiFi/deepconsensus/v1pt2/HG03927.m54329U_210522_083046.dc.q20.fastq.gz', 's3://human-pangenomics/submissions/02355F32-E75A-4279-A7B8-FCCEA70FB6CD--DEEPCONSENSUS_v1pt2/HG03927/raw_data/PacBio_HiFi/deepconsensus/v1pt2/HG03927.m64076_210514_222349.dc.q20.fastq.gz', 's3://human-pangenomics/submissions/02355F32-E75A-4279-A7B8-FCCEA70FB6CD--DEEPCONSENSUS_v1pt2/HG03927/raw_data/PacBio_HiFi/deepconsensus/v1pt2/HG03927.m64076_210517_210115.dc.q20.fastq.gz', 's3://human-pangenomics/submissions/02355F32-E75A-4279-A7B8-FCCEA70FB6CD--DEEPCONSENSUS_v1pt2/HG03927/raw_data/PacBio_HiFi/deepconsensus/v1pt2/HG03927.m64076_210519_075634.dc.q20.fastq.gz', 's3://human-pangenomics/submissions/4f8c8e63-dfd3-4f90-965f-8a8cf3ee4de9--UW_HPRC_HiFi_Y4_AND_Y3_Topoff/HG03927/m84046_230628_213236_s2.hifi_reads.default.bam']","['s3://human-pangenomics/submissions/121956E8-5DBD-462C-858C-A5361777EC1D--UCSC_HPRC_ONT_Y2_GUPPY6/HG03927/08_10_21_R941_HG03927_1_Guppy_6.5.7_450bps_modbases_5mc_cg_sup_prom_pass.bam', 's3://human-pangenomics/submissions/121956E8-5DBD-462C-858C-A5361777EC1D--UCSC_HPRC_ONT_Y2_GUPPY6/HG03927/08_10_21_R941_HG03927_2_Guppy_6.5.7_450bps_modbases_5mc_cg_sup_prom_pass.bam', 's3://human-pangenomics/submissions/121956E8-5DBD-462C-858C-A5361777EC1D--UCSC_HPRC_ONT_Y2_GUPPY6/HG03927/08_10_21_R941_HG03927_3_Guppy_6.5.7_450bps_modbases_5mc_cg_sup_prom_pass.bam']",s3://human-pangenomics/submissions/AD30A684-C7A8-4D24-89B2-040DFF021B0C--Y2_1000G_DATA/HG03927/Illumina/child/HG03927.final.cram,['s3://human-pangenomics/submissions/AD30A684-C7A8-4D24-89B2-040DFF021B0C--Y2_1000G_DATA/HG03927/Illumina/parents/HG03925/HG03925.final.cram'],['s3://human-pangenomics/submissions/AD30A684-C7A8-4D24-89B2-040DFF021B0C--Y2_1000G_DATA/HG03927/Illumina/parents/HG03926/HG03926.final.cram'],/private/groups/hprc/assembly/batch2/hifiasm_submit_logs/hifiasm_submit_HPRC-asm-batch1_1459815_1459797_18.log,/private/groups/hprc/assembly/batch2/HG03927/analysis/assembly/HG03925.yak,/private/groups/hprc/assembly/batch2/HG03927/analysis/assembly/HG03926.yak,/private/groups/hprc/assembly/batch2/HG03927/analysis/assembly/HG03927.binFiles.tar.gz,/private/groups/hprc/assembly/batch2/HG03927/analysis/assembly/HG03927.raw_unitig_gfa.tar.gz,/private/groups/hprc/assembly/batch2/HG03927/analysis/assembly/HG03927.mat.contig_gfa.tar.gz,/private/groups/hprc/assembly/batch2/HG03927/analysis/assembly/HG03927.pat.contig_gfa.tar.gz,/private/groups/hprc/assembly/batch2/HG03927/analysis/assembly/HG03927.mat.fa.gz,/private/groups/hprc/assembly/batch2/HG03927/analysis/assembly/HG03927.pat.fa.gz,/private/groups/patenlab/mira/hprc_polishing/data/DeepPolisher_models/checkpoint-665.tar.gz
HG00642,HG00640,HG00641,HPRC,64.66,male,PUR,AMR,YR2,UW,"['s3://human-pangenomics/submissions/02355F32-E75A-4279-A7B8-FCCEA70FB6CD--DEEPCONSENSUS_v1pt2/HG00642/raw_data/PacBio_HiFi/deepconsensus/v1pt2/HG00642.m54329U_210524_174516.dc.q20.fastq.gz', 's3://human-pangenomics/submissions/02355F32-E75A-4279-A7B8-FCCEA70FB6CD--DEEPCONSENSUS_v1pt2/HG00642/raw_data/PacBio_HiFi/deepconsensus/v1pt2/HG00642.m64076_210516_091844.dc.q20.fastq.gz', 's3://human-pangenomics/submissions/02355F32-E75A-4279-A7B8-FCCEA70FB6CD--DEEPCONSENSUS_v1pt2/HG00642/raw_data/PacBio_HiFi/deepconsensus/v1pt2/HG00642.m64076_210520_213355.dc.q20.fastq.gz', 's3://human-pangenomics/submissions/02355F32-E75A-4279-A7B8-FCCEA70FB6CD--DEEPCONSENSUS_v1pt2/HG00642/raw_data/PacBio_HiFi/deepconsensus/v1pt2/HG00642.m64076_210522_082905.dc.q20.fastq.gz', 's3://human-pangenomics/submissions/4f8c8e63-dfd3-4f90-965f-8a8cf3ee4de9--UW_HPRC_HiFi_Y4_AND_Y3_Topoff/HG00642/m84046_230531_221339_s3.hifi_reads.default.bam']","['s3://human-pangenomics/submissions/121956E8-5DBD-462C-858C-A5361777EC1D--UCSC_HPRC_ONT_Y2_GUPPY6/HG00642/08_10_21_R941_HG00642_1_Guppy_6.4.6_450bps_modbases_5mc_cg_sup_prom_pass.bam', 's3://human-pangenomics/submissions/121956E8-5DBD-462C-858C-A5361777EC1D--UCSC_HPRC_ONT_Y2_GUPPY6/HG00642/08_10_21_R941_HG00642_2_Guppy_6.5.7_450bps_modbases_5mc_cg_sup_prom_pass.bam', 's3://human-pangenomics/submissions/121956E8-5DBD-462C-858C-A5361777EC1D--UCSC_HPRC_ONT_Y2_GUPPY6/HG00642/08_10_21_R941_HG00642_3_Guppy_6.5.7_450bps_modbases_5mc_cg_sup_prom_pass.bam']",s3://human-pangenomics/submissions/AD30A684-C7A8-4D24-89B2-040DFF021B0C--Y2_1000G_DATA/HG00642/Illumina/child/HG00642.final.cram,['s3://human-pangenomics/submissions/AD30A684-C7A8-4D24-89B2-040DFF021B0C--Y2_1000G_DATA/HG00642/Illumina/parents/HG00641/HG00641.final.cram'],['s3://human-pangenomics/submissions/AD30A684-C7A8-4D24-89B2-040DFF021B0C--Y2_1000G_DATA/HG00642/Illumina/parents/HG00640/HG00640.final.cram'],/private/groups/hprc/assembly/batch2/hifiasm_submit_logs/hifiasm_submit_HPRC-asm-batch1_1459816_1459797_19.log,/private/groups/hprc/assembly/batch2/HG00642/analysis/assembly/HG00641.yak,/private/groups/hprc/assembly/batch2/HG00642/analysis/assembly/HG00640.yak,/private/groups/hprc/assembly/batch2/HG00642/analysis/assembly/HG00642.binFiles.tar.gz,/private/groups/hprc/assembly/batch2/HG00642/analysis/assembly/HG00642.raw_unitig_gfa.tar.gz,/private/groups/hprc/assembly/batch2/HG00642/analysis/assembly/HG00642.mat.contig_gfa.tar.gz,/private/groups/hprc/assembly/batch2/HG00642/analysis/assembly/HG00642.pat.contig_gfa.tar.gz,/private/groups/hprc/assembly/batch2/HG00642/analysis/assembly/HG00642.mat.fa.gz,/private/groups/hprc/assembly/batch2/HG00642/analysis/assembly/HG00642.pat.fa.gz,/private/groups/patenlab/mira/hprc_polishing/data/DeepPolisher_models/checkpoint-665.tar.gz
HG01346,HG01344,HG01345,HPRC,67.63,female,CLM,AMR,YR2,UW,"['s3://human-pangenomics/submissions/02355F32-E75A-4279-A7B8-FCCEA70FB6CD--DEEPCONSENSUS_v1pt2/HG01346/raw_data/PacBio_HiFi/deepconsensus/v1pt2/HG01346.m54329U_210624_221223.dc.q20.fastq.gz', 's3://human-pangenomics/submissions/02355F32-E75A-4279-A7B8-FCCEA70FB6CD--DEEPCONSENSUS_v1pt2/HG01346/raw_data/PacBio_HiFi/deepconsensus/v1pt2/HG01346.m54329U_210629_024631.dc.q20.fastq.gz', 's3://human-pangenomics/submissions/02355F32-E75A-4279-A7B8-FCCEA70FB6CD--DEEPCONSENSUS_v1pt2/HG01346/raw_data/PacBio_HiFi/deepconsensus/v1pt2/HG01346.m64076_210526_105450.dc.q20.fastq.gz', 's3://human-pangenomics/submissions/02355F32-E75A-4279-A7B8-FCCEA70FB6CD--DEEPCONSENSUS_v1pt2/HG01346/raw_data/PacBio_HiFi/deepconsensus/v1pt2/HG01346.m64076_210621_234241.dc.q20.fastq.gz', 's3://human-pangenomics/submissions/4f8c8e63-dfd3-4f90-965f-8a8cf3ee4de9--UW_HPRC_HiFi_Y4_AND_Y3_Topoff/HG01346/m84046_230720_182350_s1.hifi_reads.bc2005.bam']","['s3://human-pangenomics/submissions/121956E8-5DBD-462C-858C-A5361777EC1D--UCSC_HPRC_ONT_Y2_GUPPY6/HG01346/08_17_21_R941_HG01346_1_Guppy_6.4.6_450bps_modbases_5mc_cg_sup_prom_pass.bam', 's3://human-pangenomics/submissions/121956E8-5DBD-462C-858C-A5361777EC1D--UCSC_HPRC_ONT_Y2_GUPPY6/HG01346/08_17_21_R941_HG01346_2_Guppy_6.4.6_450bps_modbases_5mc_cg_sup_prom_pass.bam', 's3://human-pangenomics/submissions/121956E8-5DBD-462C-858C-A5361777EC1D--UCSC_HPRC_ONT_Y2_GUPPY6/HG01346/08_17_21_R941_HG01346_3_Guppy_6.4.6_450bps_modbases_5mc_cg_sup_prom_pass.bam']",s3://human-pangenomics/submissions/AD30A684-C7A8-4D24-89B2-040DFF021B0C--Y2_1000G_DATA/HG01346/Illumina/child/HG01346.final.cram,['s3://human-pangenomics/submissions/AD30A684-C7A8-4D24-89B2-040DFF021B0C--Y2_1000G_DATA/HG01346/Illumina/parents/HG01345/HG01345.final.cram'],['s3://human-pangenomics/submissions/AD30A684-C7A8-4D24-89B2-040DFF021B0C--Y2_1000G_DATA/HG01346/Illumina/parents/HG01344/HG01344.final.cram'],/private/groups/hprc/assembly/batch2/hifiasm_submit_logs/hifiasm_submit_HPRC-asm-batch1_1459817_1459797_20.log,/private/groups/hprc/assembly/batch2/HG01346/analysis/assembly/HG01345.yak,/private/groups/hprc/assembly/batch2/HG01346/analysis/assembly/HG01344.yak,/private/groups/hprc/assembly/batch2/HG01346/analysis/assembly/HG01346.binFiles.tar.gz,/private/groups/hprc/assembly/batch2/HG01346/analysis/assembly/HG01346.raw_unitig_gfa.tar.gz,/private/groups/hprc/assembly/batch2/HG01346/analysis/assembly/HG01346.mat.contig_gfa.tar.gz,/private/groups/hprc/assembly/batch2/HG01346/analysis/assembly/HG01346.pat.contig_gfa.tar.gz,/private/groups/hprc/assembly/batch2/HG01346/analysis/assembly/HG01346.mat.fa.gz,/private/groups/hprc/assembly/batch2/HG01346/analysis/assembly/HG01346.pat.fa.gz,/private/groups/patenlab/mira/hprc_polishing/data/DeepPolisher_models/checkpoint-665.tar.gz
HG02647,HG02645,HG02646,HPRC,60.1,male,GWD,AFR,YR2,UW,"['s3://human-pangenomics/submissions/02355F32-E75A-4279-A7B8-FCCEA70FB6CD--DEEPCONSENSUS_v1pt2/HG02647/raw_data/PacBio_HiFi/deepconsensus/v1pt2/HG02647.m54329U_210604_200442.dc.q20.fastq.gz', 's3://human-pangenomics/submissions/02355F32-E75A-4279-A7B8-FCCEA70FB6CD--DEEPCONSENSUS_v1pt2/HG02647/raw_data/PacBio_HiFi/deepconsensus/v1pt2/HG02647.m64076_210527_231639.dc.q20.fastq.gz', 's3://human-pangenomics/submissions/02355F32-E75A-4279-A7B8-FCCEA70FB6CD--DEEPCONSENSUS_v1pt2/HG02647/raw_data/PacBio_HiFi/deepconsensus/v1pt2/HG02647.m64076_210530_192034.dc.q20.fastq.gz', 's3://human-pangenomics/submissions/02355F32-E75A-4279-A7B8-FCCEA70FB6CD--DEEPCONSENSUS_v1pt2/HG02647/raw_data/PacBio_HiFi/deepconsensus/v1pt2/HG02647.m64076_210601_061523.dc.q20.fastq.gz', 's3://human-pangenomics/submissions/4f8c8e63-dfd3-4f90-965f-8a8cf3ee4de9--UW_HPRC_HiFi_Y4_AND_Y3_Topoff/HG02647/m84046_230707_202610_s3.hifi_reads.bc2060.bam']","['s3://human-pangenomics/submissions/121956E8-5DBD-462C-858C-A5361777EC1D--UCSC_HPRC_ONT_Y2_GUPPY6/HG02647/08_10_21_R941_HG02647_1_Guppy_6.5.7_450bps_modbases_5mc_cg_sup_prom_pass.bam', 's3://human-pangenomics/submissions/121956E8-5DBD-462C-858C-A5361777EC1D--UCSC_HPRC_ONT_Y2_GUPPY6/HG02647/08_10_21_R941_HG02647_2_Guppy_6.5.7_450bps_modbases_5mc_cg_sup_prom_pass.bam', 's3://human-pangenomics/submissions/121956E8-5DBD-462C-858C-A5361777EC1D--UCSC_HPRC_ONT_Y2_GUPPY6/HG02647/08_10_21_R941_HG02647_3_Guppy_6.5.7_450bps_modbases_5mc_cg_sup_prom_pass.bam', 's3://human-pangenomics/submissions/121956E8-5DBD-462C-858C-A5361777EC1D--UCSC_HPRC_ONT_Y2_GUPPY6/HG02647/08_10_21_R941_HG02647_4_Guppy_6.5.7_450bps_modbases_5mc_cg_sup_prom_pass.bam']",s3://human-pangenomics/submissions/AD30A684-C7A8-4D24-89B2-040DFF021B0C--Y2_1000G_DATA/HG02647/Illumina/child/HG02647.final.cram,['s3://human-pangenomics/submissions/AD30A684-C7A8-4D24-89B2-040DFF021B0C--Y2_1000G_DATA/HG02647/Illumina/parents/HG02646/HG02646.final.cram'],['s3://human-pangenomics/submissions/AD30A684-C7A8-4D24-89B2-040DFF021B0C--Y2_1000G_DATA/HG02647/Illumina/parents/HG02645/HG02645.final.cram'],/private/groups/hprc/assembly/batch2/hifiasm_submit_logs/hifiasm_submit_HPRC-asm-batch1_1465284_1459797_21.log,/private/groups/hprc/assembly/batch2/HG02647/analysis/assembly/HG02646.yak,/private/groups/hprc/assembly/batch2/HG02647/analysis/assembly/HG02645.yak,/private/groups/hprc/assembly/batch2/HG02647/analysis/assembly/HG02647.binFiles.tar.gz,/private/groups/hprc/assembly/batch2/HG02647/analysis/assembly/HG02647.raw_unitig_gfa.tar.gz,/private/groups/hprc/assembly/batch2/HG02647/analysis/assembly/HG02647.mat.contig_gfa.tar.gz,/private/groups/hprc/assembly/batch2/HG02647/analysis/assembly/HG02647.pat.contig_gfa.tar.gz,/private/groups/hprc/assembly/batch2/HG02647/analysis/assembly/HG02647.mat.fa.gz,/private/groups/hprc/assembly/batch2/HG02647/analysis/assembly/HG02647.pat.fa.gz,/private/groups/patenlab/mira/hprc_polishing/data/DeepPolisher_models/checkpoint-665.tar.gz
HG03831,HG03830,HG03829,HPRC,76.34,female,BEB,SAS,YR2,WashU,"['s3://human-pangenomics/submissions/02355F32-E75A-4279-A7B8-FCCEA70FB6CD--DEEPCONSENSUS_v1pt2/HG03831/raw_data/PacBio_HiFi/deepconsensus/v1pt2/HG03831.m64136_210612_053350.dc.q20.fastq.gz', 's3://human-pangenomics/submissions/02355F32-E75A-4279-A7B8-FCCEA70FB6CD--DEEPCONSENSUS_v1pt2/HG03831/raw_data/PacBio_HiFi/deepconsensus/v1pt2/HG03831.m64136_210613_130744.dc.q20.fastq.gz', 's3://human-pangenomics/submissions/02355F32-E75A-4279-A7B8-FCCEA70FB6CD--DEEPCONSENSUS_v1pt2/HG03831/raw_data/PacBio_HiFi/deepconsensus/v1pt2/HG03831.m64136_210614_204240.dc.q20.fastq.gz', 's3://human-pangenomics/submissions/02355F32-E75A-4279-A7B8-FCCEA70FB6CD--DEEPCONSENSUS_v1pt2/HG03831/raw_data/PacBio_HiFi/deepconsensus/v1pt2/HG03831.m64136_210618_184849.dc.q20.fastq.gz', 's3://human-pangenomics/submissions/67b71022-da25-40ef-b56f-52297e946b32--WUSTL_HPRC_HiFi_Year2_TopUp/HG03831/PacBio_HiFi/m84081_231119_015049_s1.hifi_reads.bc2084.bam', 's3://human-pangenomics/submissions/67b71022-da25-40ef-b56f-52297e946b32--WUSTL_HPRC_HiFi_Year2_TopUp/HG03831/PacBio_HiFi/m84081_231119_022155_s2.hifi_reads.bc2084.bam', 's3://human-pangenomics/submissions/67b71022-da25-40ef-b56f-52297e946b32--WUSTL_HPRC_HiFi_Year2_TopUp/HG03831/PacBio_HiFi/m84081_231119_025301_s3.hifi_reads.bc2084.bam']","['s3://human-pangenomics/submissions/121956E8-5DBD-462C-858C-A5361777EC1D--UCSC_HPRC_ONT_Y2_GUPPY6/HG03831/08_10_21_R941_HG03831_1_Guppy_6.5.7_450bps_modbases_5mc_cg_sup_prom_pass.bam', 's3://human-pangenomics/submissions/121956E8-5DBD-462C-858C-A5361777EC1D--UCSC_HPRC_ONT_Y2_GUPPY6/HG03831/08_10_21_R941_HG03831_2_Guppy_6.5.7_450bps_modbases_5mc_cg_sup_prom_pass.bam', 's3://human-pangenomics/submissions/121956E8-5DBD-462C-858C-A5361777EC1D--UCSC_HPRC_ONT_Y2_GUPPY6/HG03831/08_10_21_R941_HG03831_3_Guppy_6.5.7_450bps_modbases_5mc_cg_sup_prom_pass.bam']",s3://human-pangenomics/submissions/AD30A684-C7A8-4D24-89B2-040DFF021B0C--Y2_1000G_DATA/HG03831/Illumina/child/HG03831.final.cram,['s3://human-pangenomics/submissions/AD30A684-C7A8-4D24-89B2-040DFF021B0C--Y2_1000G_DATA/HG03831/Illumina/parents/HG03829/HG03829.final.cram'],['s3://human-pangenomics/submissions/AD30A684-C7A8-4D24-89B2-040DFF021B0C--Y2_1000G_DATA/HG03831/Illumina/parents/HG03830/HG03830.final.cram'],/private/groups/hprc/assembly/batch2/hifiasm_submit_logs/hifiasm_submit_HPRC-asm-batch1_1475797_1475780_17.log,/private/groups/hprc/assembly/batch2/HG03831/analysis/assembly/HG03829.yak,/private/groups/hprc/assembly/batch2/HG03831/analysis/assembly/HG03830.yak,/private/groups/hprc/assembly/batch2/HG03831/analysis/assembly/HG03831.binFiles.tar.gz,/private/groups/hprc/assembly/batch2/HG03831/analysis/assembly/HG03831.raw_unitig_gfa.tar.gz,/private/groups/hprc/assembly/batch2/HG03831/analysis/assembly/HG03831.mat.contig_gfa.tar.gz,/private/groups/hprc/assembly/batch2/HG03831/analysis/assembly/HG03831.pat.contig_gfa.tar.gz,/private/groups/hprc/assembly/batch2/HG03831/analysis/assembly/HG03831.mat.fa.gz,/private/groups/hprc/assembly/batch2/HG03831/analysis/assembly/HG03831.pat.fa.gz,/private/groups/patenlab/mira/hprc_polishing/data/DeepPolisher_models/checkpoint-665.tar.gz
HG01993,HG01991,HG01992,HPRC,71.97,female,PEL,AMR,YR2,WashU,"['s3://human-pangenomics/submissions/02355F32-E75A-4279-A7B8-FCCEA70FB6CD--DEEPCONSENSUS_v1pt2/HG01993/raw_data/PacBio_HiFi/deepconsensus/v1pt2/HG01993.m64043_210620_041711.dc.q20.fastq.gz', 's3://human-pangenomics/submissions/02355F32-E75A-4279-A7B8-FCCEA70FB6CD--DEEPCONSENSUS_v1pt2/HG01993/raw_data/PacBio_HiFi/deepconsensus/v1pt2/HG01993.m64043_210622_163331.dc.q20.fastq.gz', 's3://human-pangenomics/submissions/02355F32-E75A-4279-A7B8-FCCEA70FB6CD--DEEPCONSENSUS_v1pt2/HG01993/raw_data/PacBio_HiFi/deepconsensus/v1pt2/HG01993.m64043_210624_032817.dc.q20.fastq.gz', 's3://human-pangenomics/submissions/67b71022-da25-40ef-b56f-52297e946b32--WUSTL_HPRC_HiFi_Year2_TopUp/HG01993/PacBio_HiFi/m84081_231119_015049_s1.hifi_reads.bc2085.bam', 's3://human-pangenomics/submissions/67b71022-da25-40ef-b56f-52297e946b32--WUSTL_HPRC_HiFi_Year2_TopUp/HG01993/PacBio_HiFi/m84081_231119_022155_s2.hifi_reads.bc2085.bam', 's3://human-pangenomics/submissions/67b71022-da25-40ef-b56f-52297e946b32--WUSTL_HPRC_HiFi_Year2_TopUp/HG01993/PacBio_HiFi/m84081_231119_025301_s3.hifi_reads.bc2085.bam']","['s3://human-pangenomics/submissions/121956E8-5DBD-462C-858C-A5361777EC1D--UCSC_HPRC_ONT_Y2_GUPPY6/HG01993/08_10_21_R941_HG01993_1_Guppy_6.4.6_450bps_modbases_5mc_cg_sup_prom_pass.bam', 's3://human-pangenomics/submissions/121956E8-5DBD-462C-858C-A5361777EC1D--UCSC_HPRC_ONT_Y2_GUPPY6/HG01993/08_10_21_R941_HG01993_2_Guppy_6.4.6_450bps_modbases_5mc_cg_sup_prom_pass.bam', 's3://human-pangenomics/submissions/121956E8-5DBD-462C-858C-A5361777EC1D--UCSC_HPRC_ONT_Y2_GUPPY6/HG01993/08_10_21_R941_HG01993_3_Guppy_6.4.6_450bps_modbases_5mc_cg_sup_prom_pass.bam']",s3://human-pangenomics/submissions/AD30A684-C7A8-4D24-89B2-040DFF021B0C--Y2_1000G_DATA/HG01993/Illumina/child/HG01993.final.cram,['s3://human-pangenomics/submissions/AD30A684-C7A8-4D24-89B2-040DFF021B0C--Y2_1000G_DATA/HG01993/Illumina/parents/HG01992/HG01992.final.cram'],['s3://human-pangenomics/submissions/AD30A684-C7A8-4D24-89B2-040DFF021B0C--Y2_1000G_DATA/HG01993/Illumina/parents/HG01991/HG01991.final.cram'],/private/groups/hprc/assembly/batch2/hifiasm_submit_logs/hifiasm_submit_HPRC-asm-batch1_1475787_1475780_7.log,/private/groups/hprc/assembly/batch2/HG01993/analysis/assembly/HG01992.yak,/private/groups/hprc/assembly/batch2/HG01993/analysis/assembly/HG01991.yak,/private/groups/hprc/assembly/batch2/HG01993/analysis/assembly/HG01993.binFiles.tar.gz,/private/groups/hprc/assembly/batch2/HG01993/analysis/assembly/HG01993.raw_unitig_gfa.tar.gz,/private/groups/hprc/assembly/batch2/HG01993/analysis/assembly/HG01993.mat.contig_gfa.tar.gz,/private/groups/hprc/assembly/batch2/HG01993/analysis/assembly/HG01993.pat.contig_gfa.tar.gz,/private/groups/hprc/assembly/batch2/HG01993/analysis/assembly/HG01993.mat.fa.gz,/private/groups/hprc/assembly/batch2/HG01993/analysis/assembly/HG01993.pat.fa.gz,/private/groups/patenlab/mira/hprc_polishing/data/DeepPolisher_models/checkpoint-665.tar.gz
HG01433,HG01431,HG01432,HPRC,68.02,male,CLM,AMR,YR2,WashU,"['s3://human-pangenomics/submissions/02355F32-E75A-4279-A7B8-FCCEA70FB6CD--DEEPCONSENSUS_v1pt2/HG01433/raw_data/PacBio_HiFi/deepconsensus/v1pt2/HG01433.m64136_210604_175856.dc.q20.fastq.gz', 's3://human-pangenomics/submissions/02355F32-E75A-4279-A7B8-FCCEA70FB6CD--DEEPCONSENSUS_v1pt2/HG01433/raw_data/PacBio_HiFi/deepconsensus/v1pt2/HG01433.m64136_210606_025622.dc.q20.fastq.gz', 's3://human-pangenomics/submissions/02355F32-E75A-4279-A7B8-FCCEA70FB6CD--DEEPCONSENSUS_v1pt2/HG01433/raw_data/PacBio_HiFi/deepconsensus/v1pt2/HG01433.m64136_210607_115559.dc.q20.fastq.gz', 's3://human-pangenomics/submissions/02355F32-E75A-4279-A7B8-FCCEA70FB6CD--DEEPCONSENSUS_v1pt2/HG01433/raw_data/PacBio_HiFi/deepconsensus/v1pt2/HG01433.m64136_210610_203618.dc.q20.fastq.gz', 's3://human-pangenomics/submissions/67b71022-da25-40ef-b56f-52297e946b32--WUSTL_HPRC_HiFi_Year2_TopUp/HG01433/PacBio_HiFi/m84081_230727_190726_s1.hifi_reads.default.bam', 's3://human-pangenomics/submissions/67b71022-da25-40ef-b56f-52297e946b32--WUSTL_HPRC_HiFi_Year2_TopUp/HG01433/PacBio_HiFi/m84081_230727_193748_s2.hifi_reads.default.bam']","['s3://human-pangenomics/submissions/121956E8-5DBD-462C-858C-A5361777EC1D--UCSC_HPRC_ONT_Y2_GUPPY6/HG01433/08_10_21_R941_HG01433_1_Guppy_6.4.6_450bps_modbases_5mc_cg_sup_prom_pass.bam', 's3://human-pangenomics/submissions/121956E8-5DBD-462C-858C-A5361777EC1D--UCSC_HPRC_ONT_Y2_GUPPY6/HG01433/08_10_21_R941_HG01433_2_Guppy_6.4.6_450bps_modbases_5mc_cg_sup_prom_pass.bam', 's3://human-pangenomics/submissions/121956E8-5DBD-462C-858C-A5361777EC1D--UCSC_HPRC_ONT_Y2_GUPPY6/HG01433/08_10_21_R941_HG01433_3_Guppy_6.4.6_450bps_modbases_5mc_cg_sup_prom_pass.bam']",s3://human-pangenomics/submissions/AD30A684-C7A8-4D24-89B2-040DFF021B0C--Y2_1000G_DATA/HG01433/Illumina/child/HG01433.final.cram,['s3://human-pangenomics/submissions/AD30A684-C7A8-4D24-89B2-040DFF021B0C--Y2_1000G_DATA/HG01433/Illumina/parents/HG01432/HG01432.final.cram'],['s3://human-pangenomics/submissions/AD30A684-C7A8-4D24-89B2-040DFF021B0C--Y2_1000G_DATA/HG01433/Illumina/parents/HG01431/HG01431.final.cram'],/private/groups/hprc/assembly/batch2/hifiasm_submit_logs/hifiasm_submit_HPRC-asm-batch1_1475784_1475780_4.log,/private/groups/hprc/assembly/batch2/HG01433/analysis/assembly/HG01432.yak,/private/groups/hprc/assembly/batch2/HG01433/analysis/assembly/HG01431.yak,/private/groups/hprc/assembly/batch2/HG01433/analysis/assembly/HG01433.binFiles.tar.gz,/private/groups/hprc/assembly/batch2/HG01433/analysis/assembly/HG01433.raw_unitig_gfa.tar.gz,/private/groups/hprc/assembly/batch2/HG01433/analysis/assembly/HG01433.mat.contig_gfa.tar.gz,/private/groups/hprc/assembly/batch2/HG01433/analysis/assembly/HG01433.pat.contig_gfa.tar.gz,/private/groups/hprc/assembly/batch2/HG01433/analysis/assembly/HG01433.mat.fa.gz,/private/groups/hprc/assembly/batch2/HG01433/analysis/assembly/HG01433.pat.fa.gz,/private/groups/patenlab/mira/hprc_polishing/data/DeepPolisher_models/checkpoint-665.tar.gz