sample_id,isMaleSample_x,mat_num_contigs,mat_total_len,mat_AUN,mat_full_sgl,mat_full_dup,mat_perc_sgl,mat_switch,mat_hamming,mat_qv,pat_num_contigs,pat_total_len,pat_AUN,pat_full_sgl,pat_full_dup,pat_perc_sgl,pat_switch,pat_hamming,pat_qv,asm_batch,biosample_accession,cohort,Production Year,Sex,isMaleSample_y,paternal_id,maternal_id,Subpopulation,Superpopulation,HiFi Prod Site,hifi,hifi_cov,nanopore,ont_cov_over100kb,hic,hic_cov,hic_r1,hic_r2,child_ilmn
HG01167,True,46.0,3.02 Gbp,148.8 Mbp,34724.0,107.0,98.38 %,,,56.91,71.0,2.96 Gbp,148.6 Mbp,34645.0,137.0,98.24 %,,,56.49,11,SAMN41021679,HPRC,YR4,male,True,,,PUR,AMR,RU,"['s3://human-pangenomics/working/HPRC/HG01167/raw_data/PacBio_HiFi/m84091_230725_164143_s3.hifi_reads.bc1012.bam', 's3://human-pangenomics/working/HPRC/HG01167/raw_data/PacBio_HiFi/m84091_230731_140439_s3.hifi_reads.bc1012.bam', 's3://human-pangenomics/working/HPRC/HG01167/raw_data/PacBio_HiFi/m84091_230817_153352_s4.hifi_reads.bc1012.bam']",62,"['s3://human-pangenomics/working/HPRC/HG01167/raw_data/nanopore/dorado0.6.0_sup4.3.0_5mCG_5hmCG/08_29_23_R1041_HPRC_HG01167_1_dorado0.6.0_sup4.3.0_5mCG_5hmCG.bam', 's3://human-pangenomics/working/HPRC/HG01167/raw_data/nanopore/dorado0.6.0_sup4.3.0_5mCG_5hmCG/08_29_23_R1041_HPRC_HG01167_2_dorado0.6.0_sup4.3.0_5mCG_5hmCG.bam', 's3://human-pangenomics/working/HPRC/HG01167/raw_data/nanopore/dorado0.6.0_sup4.3.0_5mCG_5hmCG/08_29_23_R1041_HPRC_HG01167_3_dorado0.6.0_sup4.3.0_5mCG_5hmCG.bam']",33,"['s3://human-pangenomics/submissions/1005B25C-EAFA-40A7-AD42-45759D174009--HIC_Y3_Y4_part2/HG01167/raw_data/hic/HG01167-1_FC1_S12_L001_R1_001.fastq.gz', 's3://human-pangenomics/submissions/1005B25C-EAFA-40A7-AD42-45759D174009--HIC_Y3_Y4_part2/HG01167/raw_data/hic/HG01167-1_FC2_S12_L001_R1_001.fastq.gz', 's3://human-pangenomics/submissions/1005B25C-EAFA-40A7-AD42-45759D174009--HIC_Y3_Y4_part2/HG01167/raw_data/hic/HG01167-2_FC1_S20_L001_R1_001.fastq.gz', 's3://human-pangenomics/submissions/1005B25C-EAFA-40A7-AD42-45759D174009--HIC_Y3_Y4_part2/HG01167/raw_data/hic/HG01167-2_FC2_S20_L001_R1_001.fastq.gz', 's3://human-pangenomics/submissions/1005B25C-EAFA-40A7-AD42-45759D174009--HIC_Y3_Y4_part2/HG01167/raw_data/hic/HG01167-1_FC1_S12_L001_R2_001.fastq.gz', 's3://human-pangenomics/submissions/1005B25C-EAFA-40A7-AD42-45759D174009--HIC_Y3_Y4_part2/HG01167/raw_data/hic/HG01167-1_FC2_S12_L001_R2_001.fastq.gz', 's3://human-pangenomics/submissions/1005B25C-EAFA-40A7-AD42-45759D174009--HIC_Y3_Y4_part2/HG01167/raw_data/hic/HG01167-2_FC1_S20_L001_R2_001.fastq.gz', 's3://human-pangenomics/submissions/1005B25C-EAFA-40A7-AD42-45759D174009--HIC_Y3_Y4_part2/HG01167/raw_data/hic/HG01167-2_FC2_S20_L001_R2_001.fastq.gz']",29.9,"['s3://human-pangenomics/submissions/1005B25C-EAFA-40A7-AD42-45759D174009--HIC_Y3_Y4_part2/HG01167/raw_data/hic/HG01167-1_FC1_S12_L001_R1_001.fastq.gz', 's3://human-pangenomics/submissions/1005B25C-EAFA-40A7-AD42-45759D174009--HIC_Y3_Y4_part2/HG01167/raw_data/hic/HG01167-1_FC2_S12_L001_R1_001.fastq.gz', 's3://human-pangenomics/submissions/1005B25C-EAFA-40A7-AD42-45759D174009--HIC_Y3_Y4_part2/HG01167/raw_data/hic/HG01167-2_FC1_S20_L001_R1_001.fastq.gz', 's3://human-pangenomics/submissions/1005B25C-EAFA-40A7-AD42-45759D174009--HIC_Y3_Y4_part2/HG01167/raw_data/hic/HG01167-2_FC2_S20_L001_R1_001.fastq.gz']","['s3://human-pangenomics/submissions/1005B25C-EAFA-40A7-AD42-45759D174009--HIC_Y3_Y4_part2/HG01167/raw_data/hic/HG01167-1_FC1_S12_L001_R2_001.fastq.gz', 's3://human-pangenomics/submissions/1005B25C-EAFA-40A7-AD42-45759D174009--HIC_Y3_Y4_part2/HG01167/raw_data/hic/HG01167-1_FC2_S12_L001_R2_001.fastq.gz', 's3://human-pangenomics/submissions/1005B25C-EAFA-40A7-AD42-45759D174009--HIC_Y3_Y4_part2/HG01167/raw_data/hic/HG01167-2_FC1_S20_L001_R2_001.fastq.gz', 's3://human-pangenomics/submissions/1005B25C-EAFA-40A7-AD42-45759D174009--HIC_Y3_Y4_part2/HG01167/raw_data/hic/HG01167-2_FC2_S20_L001_R2_001.fastq.gz']",['s3://human-pangenomics/submissions/59C50DDF-5FAF-4841-AC3E-6C02D636C57F--Y4_1000G_DATA/HG01167.final.cram']
NA19131,False,47.0,3.03 Gbp,144.7 Mbp,34600.0,150.0,98.15 %,,,55.93,50.0,3.05 Gbp,149.4 Mbp,34654.0,115.0,98.2 %,,,55.96,11,SAMN41021680,HPRC,YR4,female,False,,,YRI,AFR,RU,"['s3://human-pangenomics/working/HPRC/NA19131/raw_data/PacBio_HiFi/m84091_230725_171249_s4.hifi_reads.bc1015.bam', 's3://human-pangenomics/working/HPRC/NA19131/raw_data/PacBio_HiFi/m84091_230731_143545_s4.hifi_reads.bc1015.bam', 's3://human-pangenomics/working/HPRC/NA19131/raw_data/PacBio_HiFi/m84091_230817_153352_s4.hifi_reads.bc1015.bam']",64,"['s3://human-pangenomics/working/HPRC/NA19131/raw_data/nanopore/dorado0.6.0_sup4.3.0_5mCG_5hmCG/09_06_23_R1041_HPRC_NA19131_1_dorado0.6.0_sup4.3.0_5mCG_5hmCG.bam', 's3://human-pangenomics/working/HPRC/NA19131/raw_data/nanopore/dorado0.6.0_sup4.3.0_5mCG_5hmCG/09_06_23_R1041_HPRC_NA19131_2_dorado0.6.0_sup4.3.0_5mCG_5hmCG.bam', 's3://human-pangenomics/working/HPRC/NA19131/raw_data/nanopore/dorado0.6.0_sup4.3.0_5mCG_5hmCG/09_06_23_R1041_HPRC_NA19131_3_dorado0.6.0_sup4.3.0_5mCG_5hmCG.bam']",39,"['s3://human-pangenomics/submissions/1005B25C-EAFA-40A7-AD42-45759D174009--HIC_Y3_Y4_part2/NA19131/raw_data/hic/NA19131-1_FC1_S13_L001_R1_001.fastq.gz', 's3://human-pangenomics/submissions/1005B25C-EAFA-40A7-AD42-45759D174009--HIC_Y3_Y4_part2/NA19131/raw_data/hic/NA19131-1_FC2_S13_L001_R1_001.fastq.gz', 's3://human-pangenomics/submissions/1005B25C-EAFA-40A7-AD42-45759D174009--HIC_Y3_Y4_part2/NA19131/raw_data/hic/NA19131-2_FC1_S21_L001_R1_001.fastq.gz', 's3://human-pangenomics/submissions/1005B25C-EAFA-40A7-AD42-45759D174009--HIC_Y3_Y4_part2/NA19131/raw_data/hic/NA19131-2_FC2_S21_L001_R1_001.fastq.gz', 's3://human-pangenomics/submissions/1005B25C-EAFA-40A7-AD42-45759D174009--HIC_Y3_Y4_part2/NA19131/raw_data/hic/NA19131-1_FC1_S13_L001_R2_001.fastq.gz', 's3://human-pangenomics/submissions/1005B25C-EAFA-40A7-AD42-45759D174009--HIC_Y3_Y4_part2/NA19131/raw_data/hic/NA19131-1_FC2_S13_L001_R2_001.fastq.gz', 's3://human-pangenomics/submissions/1005B25C-EAFA-40A7-AD42-45759D174009--HIC_Y3_Y4_part2/NA19131/raw_data/hic/NA19131-2_FC1_S21_L001_R2_001.fastq.gz', 's3://human-pangenomics/submissions/1005B25C-EAFA-40A7-AD42-45759D174009--HIC_Y3_Y4_part2/NA19131/raw_data/hic/NA19131-2_FC2_S21_L001_R2_001.fastq.gz']",26.28,"['s3://human-pangenomics/submissions/1005B25C-EAFA-40A7-AD42-45759D174009--HIC_Y3_Y4_part2/NA19131/raw_data/hic/NA19131-1_FC1_S13_L001_R1_001.fastq.gz', 's3://human-pangenomics/submissions/1005B25C-EAFA-40A7-AD42-45759D174009--HIC_Y3_Y4_part2/NA19131/raw_data/hic/NA19131-1_FC2_S13_L001_R1_001.fastq.gz', 's3://human-pangenomics/submissions/1005B25C-EAFA-40A7-AD42-45759D174009--HIC_Y3_Y4_part2/NA19131/raw_data/hic/NA19131-2_FC1_S21_L001_R1_001.fastq.gz', 's3://human-pangenomics/submissions/1005B25C-EAFA-40A7-AD42-45759D174009--HIC_Y3_Y4_part2/NA19131/raw_data/hic/NA19131-2_FC2_S21_L001_R1_001.fastq.gz']","['s3://human-pangenomics/submissions/1005B25C-EAFA-40A7-AD42-45759D174009--HIC_Y3_Y4_part2/NA19131/raw_data/hic/NA19131-1_FC1_S13_L001_R2_001.fastq.gz', 's3://human-pangenomics/submissions/1005B25C-EAFA-40A7-AD42-45759D174009--HIC_Y3_Y4_part2/NA19131/raw_data/hic/NA19131-1_FC2_S13_L001_R2_001.fastq.gz', 's3://human-pangenomics/submissions/1005B25C-EAFA-40A7-AD42-45759D174009--HIC_Y3_Y4_part2/NA19131/raw_data/hic/NA19131-2_FC1_S21_L001_R2_001.fastq.gz', 's3://human-pangenomics/submissions/1005B25C-EAFA-40A7-AD42-45759D174009--HIC_Y3_Y4_part2/NA19131/raw_data/hic/NA19131-2_FC2_S21_L001_R2_001.fastq.gz']",['s3://human-pangenomics/submissions/59C50DDF-5FAF-4841-AC3E-6C02D636C57F--Y4_1000G_DATA/NA19131.final.cram']
HG00344,False,51.0,3.02 Gbp,151.4 Mbp,34802.0,108.0,98.6 %,,,55.89,70.0,3.06 Gbp,148.8 Mbp,34749.0,130.0,98.51 %,,,55.31,11,SAMN41021653,HPRC,YR4,female,False,,,FIN,EUR,UW,"['s3://human-pangenomics/working/HPRC/HG00344/raw_data/PacBio_HiFi/m84046_230715_060901_s1.hifi_reads.bc2083.bam', 's3://human-pangenomics/working/HPRC/HG00344/raw_data/PacBio_HiFi/m84046_230715_064007_s2.hifi_reads.bc2083.bam', 's3://human-pangenomics/working/HPRC/HG00344/raw_data/PacBio_HiFi/m84046_230718_233949_s3.hifi_reads.bc2083.bam']",65,"['s3://human-pangenomics/working/HPRC/HG00344/raw_data/nanopore/dorado0.6.0_sup4.3.0_5mCG_5hmCG/10_31_23_R1041_HPRC_HG00344_1_dorado0.6.0_sup4.3.0_5mCG_5hmCG.bam', 's3://human-pangenomics/working/HPRC/HG00344/raw_data/nanopore/dorado0.6.0_sup4.3.0_5mCG_5hmCG/10_31_23_R1041_HPRC_HG00344_2_dorado0.6.0_sup4.3.0_5mCG_5hmCG.bam', 's3://human-pangenomics/working/HPRC/HG00344/raw_data/nanopore/dorado0.6.0_sup4.3.0_5mCG_5hmCG/10_31_23_R1041_HPRC_HG00344_3_dorado0.6.0_sup4.3.0_5mCG_5hmCG.bam']",25,"['s3://human-pangenomics/submissions/1005B25C-EAFA-40A7-AD42-45759D174009--HIC_Y3_Y4_part2/HG00344/raw_data/hic/HG00344-1_FC1_S29_L002_R1_001.fastq.gz', 's3://human-pangenomics/submissions/1005B25C-EAFA-40A7-AD42-45759D174009--HIC_Y3_Y4_part2/HG00344/raw_data/hic/HG00344-1_FC2_S29_L002_R1_001.fastq.gz', 's3://human-pangenomics/submissions/1005B25C-EAFA-40A7-AD42-45759D174009--HIC_Y3_Y4_part2/HG00344/raw_data/hic/HG00344-2_FC1_S30_L002_R1_001.fastq.gz', 's3://human-pangenomics/submissions/1005B25C-EAFA-40A7-AD42-45759D174009--HIC_Y3_Y4_part2/HG00344/raw_data/hic/HG00344-2_FC2_S30_L002_R1_001.fastq.gz', 's3://human-pangenomics/submissions/1005B25C-EAFA-40A7-AD42-45759D174009--HIC_Y3_Y4_part2/HG00344/raw_data/hic/HG00344-1_FC1_S29_L002_R2_001.fastq.gz', 's3://human-pangenomics/submissions/1005B25C-EAFA-40A7-AD42-45759D174009--HIC_Y3_Y4_part2/HG00344/raw_data/hic/HG00344-1_FC2_S29_L002_R2_001.fastq.gz', 's3://human-pangenomics/submissions/1005B25C-EAFA-40A7-AD42-45759D174009--HIC_Y3_Y4_part2/HG00344/raw_data/hic/HG00344-2_FC1_S30_L002_R2_001.fastq.gz', 's3://human-pangenomics/submissions/1005B25C-EAFA-40A7-AD42-45759D174009--HIC_Y3_Y4_part2/HG00344/raw_data/hic/HG00344-2_FC2_S30_L002_R2_001.fastq.gz']",28.98,"['s3://human-pangenomics/submissions/1005B25C-EAFA-40A7-AD42-45759D174009--HIC_Y3_Y4_part2/HG00344/raw_data/hic/HG00344-1_FC1_S29_L002_R1_001.fastq.gz', 's3://human-pangenomics/submissions/1005B25C-EAFA-40A7-AD42-45759D174009--HIC_Y3_Y4_part2/HG00344/raw_data/hic/HG00344-1_FC2_S29_L002_R1_001.fastq.gz', 's3://human-pangenomics/submissions/1005B25C-EAFA-40A7-AD42-45759D174009--HIC_Y3_Y4_part2/HG00344/raw_data/hic/HG00344-2_FC1_S30_L002_R1_001.fastq.gz', 's3://human-pangenomics/submissions/1005B25C-EAFA-40A7-AD42-45759D174009--HIC_Y3_Y4_part2/HG00344/raw_data/hic/HG00344-2_FC2_S30_L002_R1_001.fastq.gz']","['s3://human-pangenomics/submissions/1005B25C-EAFA-40A7-AD42-45759D174009--HIC_Y3_Y4_part2/HG00344/raw_data/hic/HG00344-1_FC1_S29_L002_R2_001.fastq.gz', 's3://human-pangenomics/submissions/1005B25C-EAFA-40A7-AD42-45759D174009--HIC_Y3_Y4_part2/HG00344/raw_data/hic/HG00344-1_FC2_S29_L002_R2_001.fastq.gz', 's3://human-pangenomics/submissions/1005B25C-EAFA-40A7-AD42-45759D174009--HIC_Y3_Y4_part2/HG00344/raw_data/hic/HG00344-2_FC1_S30_L002_R2_001.fastq.gz', 's3://human-pangenomics/submissions/1005B25C-EAFA-40A7-AD42-45759D174009--HIC_Y3_Y4_part2/HG00344/raw_data/hic/HG00344-2_FC2_S30_L002_R2_001.fastq.gz']",['s3://human-pangenomics/submissions/59C50DDF-5FAF-4841-AC3E-6C02D636C57F--Y4_1000G_DATA/HG00344.final.cram']
HG00350,False,56.0,3.03 Gbp,130.8 Mbp,34777.0,111.0,98.54 %,,,56.24,59.0,3.02 Gbp,131.2 Mbp,34754.0,121.0,98.5 %,,,56.01,11,SAMN41021654,HPRC,YR4,female,False,,,FIN,EUR,UW,"['s3://human-pangenomics/working/HPRC/HG00350/raw_data/PacBio_HiFi/m84046_230701_000218_s4.hifi_reads.bc2048.bam', 's3://human-pangenomics/working/HPRC/HG00350/raw_data/PacBio_HiFi/m84046_230703_222200_s3.hifi_reads.bc2048.bam', 's3://human-pangenomics/working/HPRC/HG00350/raw_data/PacBio_HiFi/m84046_230712_231732_s2.hifi_reads.bc2048.bam']",66,"['s3://human-pangenomics/working/HPRC/HG00350/raw_data/nanopore/dorado0.6.0_sup4.3.0_5mCG_5hmCG/10_24_23_R1041_HPRC_HG00350_1_dorado0.6.0_sup4.3.0_5mCG_5hmCG.bam', 's3://human-pangenomics/working/HPRC/HG00350/raw_data/nanopore/dorado0.6.0_sup4.3.0_5mCG_5hmCG/10_24_23_R1041_HPRC_HG00350_2_dorado0.6.0_sup4.3.0_5mCG_5hmCG.bam', 's3://human-pangenomics/working/HPRC/HG00350/raw_data/nanopore/dorado0.6.0_sup4.3.0_5mCG_5hmCG/10_24_23_R1041_HPRC_HG00350_3_dorado0.6.0_sup4.3.0_5mCG_5hmCG.bam']",30,"['s3://human-pangenomics/submissions/1005B25C-EAFA-40A7-AD42-45759D174009--HIC_Y3_Y4_part2/HG00350/raw_data/hic/HG00350-1_FC1_S31_L002_R1_001.fastq.gz', 's3://human-pangenomics/submissions/1005B25C-EAFA-40A7-AD42-45759D174009--HIC_Y3_Y4_part2/HG00350/raw_data/hic/HG00350-1_FC2_S31_L002_R1_001.fastq.gz', 's3://human-pangenomics/submissions/1005B25C-EAFA-40A7-AD42-45759D174009--HIC_Y3_Y4_part2/HG00350/raw_data/hic/HG00350-2_FC1_S32_L002_R1_001.fastq.gz', 's3://human-pangenomics/submissions/1005B25C-EAFA-40A7-AD42-45759D174009--HIC_Y3_Y4_part2/HG00350/raw_data/hic/HG00350-2_FC2_S32_L002_R1_001.fastq.gz', 's3://human-pangenomics/submissions/1005B25C-EAFA-40A7-AD42-45759D174009--HIC_Y3_Y4_part2/HG00350/raw_data/hic/HG00350-1_FC1_S31_L002_R2_001.fastq.gz', 's3://human-pangenomics/submissions/1005B25C-EAFA-40A7-AD42-45759D174009--HIC_Y3_Y4_part2/HG00350/raw_data/hic/HG00350-1_FC2_S31_L002_R2_001.fastq.gz', 's3://human-pangenomics/submissions/1005B25C-EAFA-40A7-AD42-45759D174009--HIC_Y3_Y4_part2/HG00350/raw_data/hic/HG00350-2_FC1_S32_L002_R2_001.fastq.gz', 's3://human-pangenomics/submissions/1005B25C-EAFA-40A7-AD42-45759D174009--HIC_Y3_Y4_part2/HG00350/raw_data/hic/HG00350-2_FC2_S32_L002_R2_001.fastq.gz']",29.44,"['s3://human-pangenomics/submissions/1005B25C-EAFA-40A7-AD42-45759D174009--HIC_Y3_Y4_part2/HG00350/raw_data/hic/HG00350-1_FC1_S31_L002_R1_001.fastq.gz', 's3://human-pangenomics/submissions/1005B25C-EAFA-40A7-AD42-45759D174009--HIC_Y3_Y4_part2/HG00350/raw_data/hic/HG00350-1_FC2_S31_L002_R1_001.fastq.gz', 's3://human-pangenomics/submissions/1005B25C-EAFA-40A7-AD42-45759D174009--HIC_Y3_Y4_part2/HG00350/raw_data/hic/HG00350-2_FC1_S32_L002_R1_001.fastq.gz', 's3://human-pangenomics/submissions/1005B25C-EAFA-40A7-AD42-45759D174009--HIC_Y3_Y4_part2/HG00350/raw_data/hic/HG00350-2_FC2_S32_L002_R1_001.fastq.gz']","['s3://human-pangenomics/submissions/1005B25C-EAFA-40A7-AD42-45759D174009--HIC_Y3_Y4_part2/HG00350/raw_data/hic/HG00350-1_FC1_S31_L002_R2_001.fastq.gz', 's3://human-pangenomics/submissions/1005B25C-EAFA-40A7-AD42-45759D174009--HIC_Y3_Y4_part2/HG00350/raw_data/hic/HG00350-1_FC2_S31_L002_R2_001.fastq.gz', 's3://human-pangenomics/submissions/1005B25C-EAFA-40A7-AD42-45759D174009--HIC_Y3_Y4_part2/HG00350/raw_data/hic/HG00350-2_FC1_S32_L002_R2_001.fastq.gz', 's3://human-pangenomics/submissions/1005B25C-EAFA-40A7-AD42-45759D174009--HIC_Y3_Y4_part2/HG00350/raw_data/hic/HG00350-2_FC2_S32_L002_R2_001.fastq.gz']",['s3://human-pangenomics/submissions/59C50DDF-5FAF-4841-AC3E-6C02D636C57F--Y4_1000G_DATA/HG00350.final.cram']
HG00253,False,65.0,3.05 Gbp,119.9 Mbp,34637.0,211.0,98.43 %,,,55.5,63.0,3.03 Gbp,138.7 Mbp,34673.0,122.0,98.28 %,,,55.38,11,SAMN41021666,HPRC,YR4,female,False,,,GBR,EUR,RU,"['s3://human-pangenomics/working/HPRC/HG00253/raw_data/PacBio_HiFi/m84091_230721_134835_s1.hifi_reads.bc1003.bam', 's3://human-pangenomics/working/HPRC/HG00253/raw_data/PacBio_HiFi/m84091_230727_143029_s4.hifi_reads.bc1003.bam']",65,"['s3://human-pangenomics/working/HPRC/HG00253/raw_data/nanopore/dorado0.6.0_sup4.3.0_5mCG_5hmCG/01_16_24_R1041_HPRC_HG00253_1_dorado0.6.0_sup4.3.0_5mCG_5hmCG.bam', 's3://human-pangenomics/working/HPRC/HG00253/raw_data/nanopore/dorado0.6.0_sup4.3.0_5mCG_5hmCG/01_16_24_R1041_HPRC_HG00253_2_dorado0.6.0_sup4.3.0_5mCG_5hmCG.bam', 's3://human-pangenomics/working/HPRC/HG00253/raw_data/nanopore/dorado0.6.0_sup4.3.0_5mCG_5hmCG/01_16_24_R1041_HPRC_HG00253_3_dorado0.6.0_sup4.3.0_5mCG_5hmCG.bam', 's3://human-pangenomics/working/HPRC/HG00253/raw_data/nanopore/dorado0.6.0_sup4.3.0_5mCG_5hmCG/10_31_23_R1041_HPRC_HG00253_1_dorado0.6.0_sup4.3.0_5mCG_5hmCG.bam', 's3://human-pangenomics/working/HPRC/HG00253/raw_data/nanopore/dorado0.6.0_sup4.3.0_5mCG_5hmCG/10_31_23_R1041_HPRC_HG00253_2_dorado0.6.0_sup4.3.0_5mCG_5hmCG.bam', 's3://human-pangenomics/working/HPRC/HG00253/raw_data/nanopore/dorado0.6.0_sup4.3.0_5mCG_5hmCG/10_31_23_R1041_HPRC_HG00253_3_dorado0.6.0_sup4.3.0_5mCG_5hmCG.bam']",33,"['s3://human-pangenomics/submissions/1005B25C-EAFA-40A7-AD42-45759D174009--HIC_Y3_Y4_part2/HG00253/raw_data/hic/HG00253-1_FC1_S33_L002_R1_001.fastq.gz', 's3://human-pangenomics/submissions/1005B25C-EAFA-40A7-AD42-45759D174009--HIC_Y3_Y4_part2/HG00253/raw_data/hic/HG00253-1_FC2_S33_L002_R1_001.fastq.gz', 's3://human-pangenomics/submissions/1005B25C-EAFA-40A7-AD42-45759D174009--HIC_Y3_Y4_part2/HG00253/raw_data/hic/HG00253-2_FC1_S34_L002_R1_001.fastq.gz', 's3://human-pangenomics/submissions/1005B25C-EAFA-40A7-AD42-45759D174009--HIC_Y3_Y4_part2/HG00253/raw_data/hic/HG00253-2_FC2_S34_L002_R1_001.fastq.gz', 's3://human-pangenomics/submissions/1005B25C-EAFA-40A7-AD42-45759D174009--HIC_Y3_Y4_part2/HG00253/raw_data/hic/HG00253-1_FC1_S33_L002_R2_001.fastq.gz', 's3://human-pangenomics/submissions/1005B25C-EAFA-40A7-AD42-45759D174009--HIC_Y3_Y4_part2/HG00253/raw_data/hic/HG00253-1_FC2_S33_L002_R2_001.fastq.gz', 's3://human-pangenomics/submissions/1005B25C-EAFA-40A7-AD42-45759D174009--HIC_Y3_Y4_part2/HG00253/raw_data/hic/HG00253-2_FC1_S34_L002_R2_001.fastq.gz', 's3://human-pangenomics/submissions/1005B25C-EAFA-40A7-AD42-45759D174009--HIC_Y3_Y4_part2/HG00253/raw_data/hic/HG00253-2_FC2_S34_L002_R2_001.fastq.gz']",32.3,"['s3://human-pangenomics/submissions/1005B25C-EAFA-40A7-AD42-45759D174009--HIC_Y3_Y4_part2/HG00253/raw_data/hic/HG00253-1_FC1_S33_L002_R1_001.fastq.gz', 's3://human-pangenomics/submissions/1005B25C-EAFA-40A7-AD42-45759D174009--HIC_Y3_Y4_part2/HG00253/raw_data/hic/HG00253-1_FC2_S33_L002_R1_001.fastq.gz', 's3://human-pangenomics/submissions/1005B25C-EAFA-40A7-AD42-45759D174009--HIC_Y3_Y4_part2/HG00253/raw_data/hic/HG00253-2_FC1_S34_L002_R1_001.fastq.gz', 's3://human-pangenomics/submissions/1005B25C-EAFA-40A7-AD42-45759D174009--HIC_Y3_Y4_part2/HG00253/raw_data/hic/HG00253-2_FC2_S34_L002_R1_001.fastq.gz']","['s3://human-pangenomics/submissions/1005B25C-EAFA-40A7-AD42-45759D174009--HIC_Y3_Y4_part2/HG00253/raw_data/hic/HG00253-1_FC1_S33_L002_R2_001.fastq.gz', 's3://human-pangenomics/submissions/1005B25C-EAFA-40A7-AD42-45759D174009--HIC_Y3_Y4_part2/HG00253/raw_data/hic/HG00253-1_FC2_S33_L002_R2_001.fastq.gz', 's3://human-pangenomics/submissions/1005B25C-EAFA-40A7-AD42-45759D174009--HIC_Y3_Y4_part2/HG00253/raw_data/hic/HG00253-2_FC1_S34_L002_R2_001.fastq.gz', 's3://human-pangenomics/submissions/1005B25C-EAFA-40A7-AD42-45759D174009--HIC_Y3_Y4_part2/HG00253/raw_data/hic/HG00253-2_FC2_S34_L002_R2_001.fastq.gz']",['s3://human-pangenomics/submissions/59C50DDF-5FAF-4841-AC3E-6C02D636C57F--Y4_1000G_DATA/HG00253.final.cram']
NA21102,False,55.0,3.04 Gbp,148.1 Mbp,34729.0,118.0,98.42 %,,,57.66,61.0,3.05 Gbp,148.1 Mbp,34722.0,132.0,98.44 %,,,57.84,11,SAMN41021672,HPRC,YR4,female,False,,,GIH,SAS,WashU,"['s3://human-pangenomics/working/HPRC/NA21102/raw_data/PacBio_HiFi/m84081_230715_213648_s3.hifi_reads.bc2023.bam', 's3://human-pangenomics/working/HPRC/NA21102/raw_data/PacBio_HiFi/m84081_230715_220754_s4.hifi_reads.bc2023.bam', 's3://human-pangenomics/working/HPRC/NA21102/raw_data/PacBio_HiFi/m84081_230728_191731_s1.hifi_reads.bc2023.bam']",62,"['s3://human-pangenomics/working/HPRC/NA21102/raw_data/nanopore/dorado0.6.0_sup4.3.0_5mCG_5hmCG/01_23_24_R1041_HPRC_NA21102_1_dorado0.6.0_sup4.3.0_5mCG_5hmCG.bam', 's3://human-pangenomics/working/HPRC/NA21102/raw_data/nanopore/dorado0.6.0_sup4.3.0_5mCG_5hmCG/01_23_24_R1041_HPRC_NA21102_2_dorado0.6.0_sup4.3.0_5mCG_5hmCG.bam', 's3://human-pangenomics/working/HPRC/NA21102/raw_data/nanopore/dorado0.6.0_sup4.3.0_5mCG_5hmCG/10_17_23_R1041_HPRC_NA21102_1_dorado0.6.0_sup4.3.0_5mCG_5hmCG.bam', 's3://human-pangenomics/working/HPRC/NA21102/raw_data/nanopore/dorado0.6.0_sup4.3.0_5mCG_5hmCG/10_17_23_R1041_HPRC_NA21102_2_dorado0.6.0_sup4.3.0_5mCG_5hmCG.bam', 's3://human-pangenomics/working/HPRC/NA21102/raw_data/nanopore/dorado0.6.0_sup4.3.0_5mCG_5hmCG/10_17_23_R1041_HPRC_NA21102_3_dorado0.6.0_sup4.3.0_5mCG_5hmCG.bam']",28,"['s3://human-pangenomics/submissions/1005B25C-EAFA-40A7-AD42-45759D174009--HIC_Y3_Y4_part2/NA21102/raw_data/hic/NA21102-1_FC1_S11_L001_R1_001.fastq.gz', 's3://human-pangenomics/submissions/1005B25C-EAFA-40A7-AD42-45759D174009--HIC_Y3_Y4_part2/NA21102/raw_data/hic/NA21102-1_FC2_S11_L001_R1_001.fastq.gz', 's3://human-pangenomics/submissions/1005B25C-EAFA-40A7-AD42-45759D174009--HIC_Y3_Y4_part2/NA21102/raw_data/hic/NA21102-2_FC1_S19_L001_R1_001.fastq.gz', 's3://human-pangenomics/submissions/1005B25C-EAFA-40A7-AD42-45759D174009--HIC_Y3_Y4_part2/NA21102/raw_data/hic/NA21102-2_FC2_S19_L001_R1_001.fastq.gz', 's3://human-pangenomics/submissions/1005B25C-EAFA-40A7-AD42-45759D174009--HIC_Y3_Y4_part2/NA21102/raw_data/hic/NA21102-1_FC1_S11_L001_R2_001.fastq.gz', 's3://human-pangenomics/submissions/1005B25C-EAFA-40A7-AD42-45759D174009--HIC_Y3_Y4_part2/NA21102/raw_data/hic/NA21102-1_FC2_S11_L001_R2_001.fastq.gz', 's3://human-pangenomics/submissions/1005B25C-EAFA-40A7-AD42-45759D174009--HIC_Y3_Y4_part2/NA21102/raw_data/hic/NA21102-2_FC1_S19_L001_R2_001.fastq.gz', 's3://human-pangenomics/submissions/1005B25C-EAFA-40A7-AD42-45759D174009--HIC_Y3_Y4_part2/NA21102/raw_data/hic/NA21102-2_FC2_S19_L001_R2_001.fastq.gz']",32.58,"['s3://human-pangenomics/submissions/1005B25C-EAFA-40A7-AD42-45759D174009--HIC_Y3_Y4_part2/NA21102/raw_data/hic/NA21102-1_FC1_S11_L001_R1_001.fastq.gz', 's3://human-pangenomics/submissions/1005B25C-EAFA-40A7-AD42-45759D174009--HIC_Y3_Y4_part2/NA21102/raw_data/hic/NA21102-1_FC2_S11_L001_R1_001.fastq.gz', 's3://human-pangenomics/submissions/1005B25C-EAFA-40A7-AD42-45759D174009--HIC_Y3_Y4_part2/NA21102/raw_data/hic/NA21102-2_FC1_S19_L001_R1_001.fastq.gz', 's3://human-pangenomics/submissions/1005B25C-EAFA-40A7-AD42-45759D174009--HIC_Y3_Y4_part2/NA21102/raw_data/hic/NA21102-2_FC2_S19_L001_R1_001.fastq.gz']","['s3://human-pangenomics/submissions/1005B25C-EAFA-40A7-AD42-45759D174009--HIC_Y3_Y4_part2/NA21102/raw_data/hic/NA21102-1_FC1_S11_L001_R2_001.fastq.gz', 's3://human-pangenomics/submissions/1005B25C-EAFA-40A7-AD42-45759D174009--HIC_Y3_Y4_part2/NA21102/raw_data/hic/NA21102-1_FC2_S11_L001_R2_001.fastq.gz', 's3://human-pangenomics/submissions/1005B25C-EAFA-40A7-AD42-45759D174009--HIC_Y3_Y4_part2/NA21102/raw_data/hic/NA21102-2_FC1_S19_L001_R2_001.fastq.gz', 's3://human-pangenomics/submissions/1005B25C-EAFA-40A7-AD42-45759D174009--HIC_Y3_Y4_part2/NA21102/raw_data/hic/NA21102-2_FC2_S19_L001_R2_001.fastq.gz']",['s3://human-pangenomics/submissions/59C50DDF-5FAF-4841-AC3E-6C02D636C57F--Y4_1000G_DATA/NA21102.final.cram']
HG03521,True,74.0,3.1 Gbp,142.2 Mbp,34399.0,349.0,98.14 %,,,54.47,72.0,2.93 Gbp,140.7 Mbp,34549.0,182.0,98.1 %,,,55.84,11,SAMN41021651,HPRC,YR4,male,True,,,ESN,AFR,UW,"['s3://human-pangenomics/working/HPRC/HG03521/raw_data/PacBio_HiFi/m84046_230715_060901_s1.hifi_reads.bc2084.bam', 's3://human-pangenomics/working/HPRC/HG03521/raw_data/PacBio_HiFi/m84046_230715_064007_s2.hifi_reads.bc2084.bam', 's3://human-pangenomics/working/HPRC/HG03521/raw_data/PacBio_HiFi/m84046_230718_230843_s2.hifi_reads.bc2084.bam']",67,"['s3://human-pangenomics/working/HPRC/HG03521/raw_data/nanopore/dorado0.6.0_sup4.3.0_5mCG_5hmCG/10_24_23_R1041_HPRC_HG03521_1_dorado0.6.0_sup4.3.0_5mCG_5hmCG.bam', 's3://human-pangenomics/working/HPRC/HG03521/raw_data/nanopore/dorado0.6.0_sup4.3.0_5mCG_5hmCG/10_24_23_R1041_HPRC_HG03521_2_dorado0.6.0_sup4.3.0_5mCG_5hmCG.bam', 's3://human-pangenomics/working/HPRC/HG03521/raw_data/nanopore/dorado0.6.0_sup4.3.0_5mCG_5hmCG/10_24_23_R1041_HPRC_HG03521_3_dorado0.6.0_sup4.3.0_5mCG_5hmCG.bam']",32,"['s3://human-pangenomics/submissions/1005B25C-EAFA-40A7-AD42-45759D174009--HIC_Y3_Y4_part2/HG03521/raw_data/hic/HG03521-1_FC1_S25_L002_R1_001.fastq.gz', 's3://human-pangenomics/submissions/1005B25C-EAFA-40A7-AD42-45759D174009--HIC_Y3_Y4_part2/HG03521/raw_data/hic/HG03521-1_FC2_S25_L002_R1_001.fastq.gz', 's3://human-pangenomics/submissions/1005B25C-EAFA-40A7-AD42-45759D174009--HIC_Y3_Y4_part2/HG03521/raw_data/hic/HG03521-2_FC1_S26_L002_R1_001.fastq.gz', 's3://human-pangenomics/submissions/1005B25C-EAFA-40A7-AD42-45759D174009--HIC_Y3_Y4_part2/HG03521/raw_data/hic/HG03521-2_FC2_S26_L002_R1_001.fastq.gz', 's3://human-pangenomics/submissions/1005B25C-EAFA-40A7-AD42-45759D174009--HIC_Y3_Y4_part2/HG03521/raw_data/hic/HG03521-1_FC1_S25_L002_R2_001.fastq.gz', 's3://human-pangenomics/submissions/1005B25C-EAFA-40A7-AD42-45759D174009--HIC_Y3_Y4_part2/HG03521/raw_data/hic/HG03521-1_FC2_S25_L002_R2_001.fastq.gz', 's3://human-pangenomics/submissions/1005B25C-EAFA-40A7-AD42-45759D174009--HIC_Y3_Y4_part2/HG03521/raw_data/hic/HG03521-2_FC1_S26_L002_R2_001.fastq.gz', 's3://human-pangenomics/submissions/1005B25C-EAFA-40A7-AD42-45759D174009--HIC_Y3_Y4_part2/HG03521/raw_data/hic/HG03521-2_FC2_S26_L002_R2_001.fastq.gz']",37.6,"['s3://human-pangenomics/submissions/1005B25C-EAFA-40A7-AD42-45759D174009--HIC_Y3_Y4_part2/HG03521/raw_data/hic/HG03521-1_FC1_S25_L002_R1_001.fastq.gz', 's3://human-pangenomics/submissions/1005B25C-EAFA-40A7-AD42-45759D174009--HIC_Y3_Y4_part2/HG03521/raw_data/hic/HG03521-1_FC2_S25_L002_R1_001.fastq.gz', 's3://human-pangenomics/submissions/1005B25C-EAFA-40A7-AD42-45759D174009--HIC_Y3_Y4_part2/HG03521/raw_data/hic/HG03521-2_FC1_S26_L002_R1_001.fastq.gz', 's3://human-pangenomics/submissions/1005B25C-EAFA-40A7-AD42-45759D174009--HIC_Y3_Y4_part2/HG03521/raw_data/hic/HG03521-2_FC2_S26_L002_R1_001.fastq.gz']","['s3://human-pangenomics/submissions/1005B25C-EAFA-40A7-AD42-45759D174009--HIC_Y3_Y4_part2/HG03521/raw_data/hic/HG03521-1_FC1_S25_L002_R2_001.fastq.gz', 's3://human-pangenomics/submissions/1005B25C-EAFA-40A7-AD42-45759D174009--HIC_Y3_Y4_part2/HG03521/raw_data/hic/HG03521-1_FC2_S25_L002_R2_001.fastq.gz', 's3://human-pangenomics/submissions/1005B25C-EAFA-40A7-AD42-45759D174009--HIC_Y3_Y4_part2/HG03521/raw_data/hic/HG03521-2_FC1_S26_L002_R2_001.fastq.gz', 's3://human-pangenomics/submissions/1005B25C-EAFA-40A7-AD42-45759D174009--HIC_Y3_Y4_part2/HG03521/raw_data/hic/HG03521-2_FC2_S26_L002_R2_001.fastq.gz']",['s3://human-pangenomics/submissions/59C50DDF-5FAF-4841-AC3E-6C02D636C57F--Y4_1000G_DATA/HG03521.final.cram']
HG00235,False,50.0,3.04 Gbp,141.7 Mbp,34603.0,160.0,98.19 %,,,56.38,52.0,3.02 Gbp,141.4 Mbp,34672.0,197.0,98.49 %,,,55.62,11,SAMN41021667,HPRC,YR4,female,False,,,GBR,EUR,RU,"['s3://human-pangenomics/working/HPRC/HG00235/raw_data/PacBio_HiFi/m84091_230721_141900_s2.hifi_reads.bc1008.bam', 's3://human-pangenomics/working/HPRC/HG00235/raw_data/PacBio_HiFi/m84091_230724_170222_s4.hifi_reads.bc1008.bam']",62,"['s3://human-pangenomics/working/HPRC/HG00235/raw_data/nanopore/dorado0.6.0_sup4.3.0_5mCG_5hmCG/01_16_24_R1041_HPRC_HG00235_1_dorado0.6.0_sup4.3.0_5mCG_5hmCG.bam', 's3://human-pangenomics/working/HPRC/HG00235/raw_data/nanopore/dorado0.6.0_sup4.3.0_5mCG_5hmCG/01_16_24_R1041_HPRC_HG00235_2_dorado0.6.0_sup4.3.0_5mCG_5hmCG.bam', 's3://human-pangenomics/working/HPRC/HG00235/raw_data/nanopore/dorado0.6.0_sup4.3.0_5mCG_5hmCG/01_16_24_R1041_HPRC_HG00235_3_dorado0.6.0_sup4.3.0_5mCG_5hmCG.bam', 's3://human-pangenomics/working/HPRC/HG00235/raw_data/nanopore/dorado0.6.0_sup4.3.0_5mCG_5hmCG/01_16_24_R1041_HPRC_HG00235_4_dorado0.6.0_sup4.3.0_5mCG_5hmCG.bam', 's3://human-pangenomics/working/HPRC/HG00235/raw_data/nanopore/dorado0.6.0_sup4.3.0_5mCG_5hmCG/10_10_23_R1041_HPRC_HG00235_1_dorado0.6.0_sup4.3.0_5mCG_5hmCG.bam', 's3://human-pangenomics/working/HPRC/HG00235/raw_data/nanopore/dorado0.6.0_sup4.3.0_5mCG_5hmCG/10_10_23_R1041_HPRC_HG00235_2_dorado0.6.0_sup4.3.0_5mCG_5hmCG.bam', 's3://human-pangenomics/working/HPRC/HG00235/raw_data/nanopore/dorado0.6.0_sup4.3.0_5mCG_5hmCG/10_10_23_R1041_HPRC_HG00235_3_dorado0.6.0_sup4.3.0_5mCG_5hmCG.bam']",37,"['s3://human-pangenomics/submissions/1005B25C-EAFA-40A7-AD42-45759D174009--HIC_Y3_Y4_part2/HG00235/raw_data/hic/HG00235-1_FC1_S35_L002_R1_001.fastq.gz', 's3://human-pangenomics/submissions/1005B25C-EAFA-40A7-AD42-45759D174009--HIC_Y3_Y4_part2/HG00235/raw_data/hic/HG00235-1_FC2_S35_L002_R1_001.fastq.gz', 's3://human-pangenomics/submissions/1005B25C-EAFA-40A7-AD42-45759D174009--HIC_Y3_Y4_part2/HG00235/raw_data/hic/HG00235-2_FC1_S36_L002_R1_001.fastq.gz', 's3://human-pangenomics/submissions/1005B25C-EAFA-40A7-AD42-45759D174009--HIC_Y3_Y4_part2/HG00235/raw_data/hic/HG00235-2_FC2_S36_L002_R1_001.fastq.gz', 's3://human-pangenomics/submissions/1005B25C-EAFA-40A7-AD42-45759D174009--HIC_Y3_Y4_part2/HG00235/raw_data/hic/HG00235-1_FC1_S35_L002_R2_001.fastq.gz', 's3://human-pangenomics/submissions/1005B25C-EAFA-40A7-AD42-45759D174009--HIC_Y3_Y4_part2/HG00235/raw_data/hic/HG00235-1_FC2_S35_L002_R2_001.fastq.gz', 's3://human-pangenomics/submissions/1005B25C-EAFA-40A7-AD42-45759D174009--HIC_Y3_Y4_part2/HG00235/raw_data/hic/HG00235-2_FC1_S36_L002_R2_001.fastq.gz', 's3://human-pangenomics/submissions/1005B25C-EAFA-40A7-AD42-45759D174009--HIC_Y3_Y4_part2/HG00235/raw_data/hic/HG00235-2_FC2_S36_L002_R2_001.fastq.gz']",39.7,"['s3://human-pangenomics/submissions/1005B25C-EAFA-40A7-AD42-45759D174009--HIC_Y3_Y4_part2/HG00235/raw_data/hic/HG00235-1_FC1_S35_L002_R1_001.fastq.gz', 's3://human-pangenomics/submissions/1005B25C-EAFA-40A7-AD42-45759D174009--HIC_Y3_Y4_part2/HG00235/raw_data/hic/HG00235-1_FC2_S35_L002_R1_001.fastq.gz', 's3://human-pangenomics/submissions/1005B25C-EAFA-40A7-AD42-45759D174009--HIC_Y3_Y4_part2/HG00235/raw_data/hic/HG00235-2_FC1_S36_L002_R1_001.fastq.gz', 's3://human-pangenomics/submissions/1005B25C-EAFA-40A7-AD42-45759D174009--HIC_Y3_Y4_part2/HG00235/raw_data/hic/HG00235-2_FC2_S36_L002_R1_001.fastq.gz']","['s3://human-pangenomics/submissions/1005B25C-EAFA-40A7-AD42-45759D174009--HIC_Y3_Y4_part2/HG00235/raw_data/hic/HG00235-1_FC1_S35_L002_R2_001.fastq.gz', 's3://human-pangenomics/submissions/1005B25C-EAFA-40A7-AD42-45759D174009--HIC_Y3_Y4_part2/HG00235/raw_data/hic/HG00235-1_FC2_S35_L002_R2_001.fastq.gz', 's3://human-pangenomics/submissions/1005B25C-EAFA-40A7-AD42-45759D174009--HIC_Y3_Y4_part2/HG00235/raw_data/hic/HG00235-2_FC1_S36_L002_R2_001.fastq.gz', 's3://human-pangenomics/submissions/1005B25C-EAFA-40A7-AD42-45759D174009--HIC_Y3_Y4_part2/HG00235/raw_data/hic/HG00235-2_FC2_S36_L002_R2_001.fastq.gz']",['s3://human-pangenomics/submissions/59C50DDF-5FAF-4841-AC3E-6C02D636C57F--Y4_1000G_DATA/HG00235.final.cram']
HG03369,False,58.0,3.02 Gbp,131.0 Mbp,34574.0,176.0,98.15 %,,,56.15,54.0,3.04 Gbp,141.5 Mbp,34661.0,125.0,98.25 %,,,56.1,11,SAMN41021668,HPRC,YR4,female,False,,,ESN,AFR,RU,"['s3://human-pangenomics/working/HPRC/HG03369/raw_data/PacBio_HiFi/m84091_230721_145006_s3.hifi_reads.bc1009.bam', 's3://human-pangenomics/working/HPRC/HG03369/raw_data/PacBio_HiFi/m84091_230727_135923_s3.hifi_reads.bc1009.bam']",62,"['s3://human-pangenomics/working/HPRC/HG03369/raw_data/nanopore/dorado0.6.0_sup4.3.0_5mCG_5hmCG/10_10_23_R1041_HPRC_HG03369_1_dorado0.6.0_sup4.3.0_5mCG_5hmCG.bam', 's3://human-pangenomics/working/HPRC/HG03369/raw_data/nanopore/dorado0.6.0_sup4.3.0_5mCG_5hmCG/10_10_23_R1041_HPRC_HG03369_2_dorado0.6.0_sup4.3.0_5mCG_5hmCG.bam', 's3://human-pangenomics/working/HPRC/HG03369/raw_data/nanopore/dorado0.6.0_sup4.3.0_5mCG_5hmCG/10_10_23_R1041_HPRC_HG03369_3_dorado0.6.0_sup4.3.0_5mCG_5hmCG.bam']",28,"['s3://human-pangenomics/submissions/1005B25C-EAFA-40A7-AD42-45759D174009--HIC_Y3_Y4_part2/HG03369/raw_data/hic/HG03369-1_FC1_S37_L002_R1_001.fastq.gz', 's3://human-pangenomics/submissions/1005B25C-EAFA-40A7-AD42-45759D174009--HIC_Y3_Y4_part2/HG03369/raw_data/hic/HG03369-1_FC2_S37_L002_R1_001.fastq.gz', 's3://human-pangenomics/submissions/1005B25C-EAFA-40A7-AD42-45759D174009--HIC_Y3_Y4_part2/HG03369/raw_data/hic/HG03369-2_FC1_S38_L002_R1_001.fastq.gz', 's3://human-pangenomics/submissions/1005B25C-EAFA-40A7-AD42-45759D174009--HIC_Y3_Y4_part2/HG03369/raw_data/hic/HG03369-2_FC2_S38_L002_R1_001.fastq.gz', 's3://human-pangenomics/submissions/1005B25C-EAFA-40A7-AD42-45759D174009--HIC_Y3_Y4_part2/HG03369/raw_data/hic/HG03369-1_FC1_S37_L002_R2_001.fastq.gz', 's3://human-pangenomics/submissions/1005B25C-EAFA-40A7-AD42-45759D174009--HIC_Y3_Y4_part2/HG03369/raw_data/hic/HG03369-1_FC2_S37_L002_R2_001.fastq.gz', 's3://human-pangenomics/submissions/1005B25C-EAFA-40A7-AD42-45759D174009--HIC_Y3_Y4_part2/HG03369/raw_data/hic/HG03369-2_FC1_S38_L002_R2_001.fastq.gz', 's3://human-pangenomics/submissions/1005B25C-EAFA-40A7-AD42-45759D174009--HIC_Y3_Y4_part2/HG03369/raw_data/hic/HG03369-2_FC2_S38_L002_R2_001.fastq.gz']",39.6,"['s3://human-pangenomics/submissions/1005B25C-EAFA-40A7-AD42-45759D174009--HIC_Y3_Y4_part2/HG03369/raw_data/hic/HG03369-1_FC1_S37_L002_R1_001.fastq.gz', 's3://human-pangenomics/submissions/1005B25C-EAFA-40A7-AD42-45759D174009--HIC_Y3_Y4_part2/HG03369/raw_data/hic/HG03369-1_FC2_S37_L002_R1_001.fastq.gz', 's3://human-pangenomics/submissions/1005B25C-EAFA-40A7-AD42-45759D174009--HIC_Y3_Y4_part2/HG03369/raw_data/hic/HG03369-2_FC1_S38_L002_R1_001.fastq.gz', 's3://human-pangenomics/submissions/1005B25C-EAFA-40A7-AD42-45759D174009--HIC_Y3_Y4_part2/HG03369/raw_data/hic/HG03369-2_FC2_S38_L002_R1_001.fastq.gz']","['s3://human-pangenomics/submissions/1005B25C-EAFA-40A7-AD42-45759D174009--HIC_Y3_Y4_part2/HG03369/raw_data/hic/HG03369-1_FC1_S37_L002_R2_001.fastq.gz', 's3://human-pangenomics/submissions/1005B25C-EAFA-40A7-AD42-45759D174009--HIC_Y3_Y4_part2/HG03369/raw_data/hic/HG03369-1_FC2_S37_L002_R2_001.fastq.gz', 's3://human-pangenomics/submissions/1005B25C-EAFA-40A7-AD42-45759D174009--HIC_Y3_Y4_part2/HG03369/raw_data/hic/HG03369-2_FC1_S38_L002_R2_001.fastq.gz', 's3://human-pangenomics/submissions/1005B25C-EAFA-40A7-AD42-45759D174009--HIC_Y3_Y4_part2/HG03369/raw_data/hic/HG03369-2_FC2_S38_L002_R2_001.fastq.gz']",['s3://human-pangenomics/submissions/59C50DDF-5FAF-4841-AC3E-6C02D636C57F--Y4_1000G_DATA/HG03369.final.cram']
NA20809,True,78.0,3.0 Gbp,121.2 Mbp,34687.0,145.0,98.38 %,,,55.91,80.0,2.96 Gbp,121.1 Mbp,34704.0,144.0,98.43 %,,,56.9,11,SAMN41021671,HPRC,YR4,male,True,,,TSI,EUR,WashU,"['s3://human-pangenomics/working/HPRC/NA20809/raw_data/PacBio_HiFi/m84081_230715_203436_s1.hifi_reads.bc2022.bam', 's3://human-pangenomics/working/HPRC/NA20809/raw_data/PacBio_HiFi/m84081_230715_210542_s2.hifi_reads.bc2022.bam', 's3://human-pangenomics/working/HPRC/NA20809/raw_data/PacBio_HiFi/m84081_230728_191731_s1.hifi_reads.bc2022.bam']",59,"['s3://human-pangenomics/working/HPRC/NA20809/raw_data/nanopore/dorado0.6.0_sup4.3.0_5mCG_5hmCG/08_08_23_R1041_HPRC_NA20809_1_dorado0.6.0_sup4.3.0_5mCG_5hmCG.bam', 's3://human-pangenomics/working/HPRC/NA20809/raw_data/nanopore/dorado0.6.0_sup4.3.0_5mCG_5hmCG/08_08_23_R1041_HPRC_NA20809_2_dorado0.6.0_sup4.3.0_5mCG_5hmCG.bam', 's3://human-pangenomics/working/HPRC/NA20809/raw_data/nanopore/dorado0.6.0_sup4.3.0_5mCG_5hmCG/08_08_23_R1041_HPRC_NA20809_3_dorado0.6.0_sup4.3.0_5mCG_5hmCG.bam']",25,"['s3://human-pangenomics/submissions/1005B25C-EAFA-40A7-AD42-45759D174009--HIC_Y3_Y4_part2/NA20809/raw_data/hic/NA20809-1_FC1_S10_L001_R1_001.fastq.gz', 's3://human-pangenomics/submissions/1005B25C-EAFA-40A7-AD42-45759D174009--HIC_Y3_Y4_part2/NA20809/raw_data/hic/NA20809-1_FC2_S10_L001_R1_001.fastq.gz', 's3://human-pangenomics/submissions/1005B25C-EAFA-40A7-AD42-45759D174009--HIC_Y3_Y4_part2/NA20809/raw_data/hic/NA20809-2_FC1_S18_L001_R1_001.fastq.gz', 's3://human-pangenomics/submissions/1005B25C-EAFA-40A7-AD42-45759D174009--HIC_Y3_Y4_part2/NA20809/raw_data/hic/NA20809-2_FC2_S18_L001_R1_001.fastq.gz', 's3://human-pangenomics/submissions/1005B25C-EAFA-40A7-AD42-45759D174009--HIC_Y3_Y4_part2/NA20809/raw_data/hic/NA20809-1_FC1_S10_L001_R2_001.fastq.gz', 's3://human-pangenomics/submissions/1005B25C-EAFA-40A7-AD42-45759D174009--HIC_Y3_Y4_part2/NA20809/raw_data/hic/NA20809-1_FC2_S10_L001_R2_001.fastq.gz', 's3://human-pangenomics/submissions/1005B25C-EAFA-40A7-AD42-45759D174009--HIC_Y3_Y4_part2/NA20809/raw_data/hic/NA20809-2_FC1_S18_L001_R2_001.fastq.gz', 's3://human-pangenomics/submissions/1005B25C-EAFA-40A7-AD42-45759D174009--HIC_Y3_Y4_part2/NA20809/raw_data/hic/NA20809-2_FC2_S18_L001_R2_001.fastq.gz']",42.14,"['s3://human-pangenomics/submissions/1005B25C-EAFA-40A7-AD42-45759D174009--HIC_Y3_Y4_part2/NA20809/raw_data/hic/NA20809-1_FC1_S10_L001_R1_001.fastq.gz', 's3://human-pangenomics/submissions/1005B25C-EAFA-40A7-AD42-45759D174009--HIC_Y3_Y4_part2/NA20809/raw_data/hic/NA20809-1_FC2_S10_L001_R1_001.fastq.gz', 's3://human-pangenomics/submissions/1005B25C-EAFA-40A7-AD42-45759D174009--HIC_Y3_Y4_part2/NA20809/raw_data/hic/NA20809-2_FC1_S18_L001_R1_001.fastq.gz', 's3://human-pangenomics/submissions/1005B25C-EAFA-40A7-AD42-45759D174009--HIC_Y3_Y4_part2/NA20809/raw_data/hic/NA20809-2_FC2_S18_L001_R1_001.fastq.gz']","['s3://human-pangenomics/submissions/1005B25C-EAFA-40A7-AD42-45759D174009--HIC_Y3_Y4_part2/NA20809/raw_data/hic/NA20809-1_FC1_S10_L001_R2_001.fastq.gz', 's3://human-pangenomics/submissions/1005B25C-EAFA-40A7-AD42-45759D174009--HIC_Y3_Y4_part2/NA20809/raw_data/hic/NA20809-1_FC2_S10_L001_R2_001.fastq.gz', 's3://human-pangenomics/submissions/1005B25C-EAFA-40A7-AD42-45759D174009--HIC_Y3_Y4_part2/NA20809/raw_data/hic/NA20809-2_FC1_S18_L001_R2_001.fastq.gz', 's3://human-pangenomics/submissions/1005B25C-EAFA-40A7-AD42-45759D174009--HIC_Y3_Y4_part2/NA20809/raw_data/hic/NA20809-2_FC2_S18_L001_R2_001.fastq.gz']",['s3://human-pangenomics/submissions/59C50DDF-5FAF-4841-AC3E-6C02D636C57F--Y4_1000G_DATA/NA20809.final.cram']
NA18565,False,62.0,3.02 Gbp,133.3 Mbp,34737.0,136.0,98.5 %,,,55.24,66.0,3.03 Gbp,136.8 Mbp,34729.0,122.0,98.44 %,,,55.03,11,SAMN41021669,HPRC,YR4,female,False,,,CHB,EAS,WashU,"['s3://human-pangenomics/working/HPRC/NA18565/raw_data/PacBio_HiFi/m84081_230714_201817_s1.hifi_reads.bc2020.bam', 's3://human-pangenomics/working/HPRC/NA18565/raw_data/PacBio_HiFi/m84081_230714_205519_s2.hifi_reads.bc2020.bam', 's3://human-pangenomics/working/HPRC/NA18565/raw_data/PacBio_HiFi/m84081_230728_191731_s1.hifi_reads.bc2020.bam']",63,"['s3://human-pangenomics/working/HPRC/NA18565/raw_data/nanopore/dorado0.6.0_sup4.3.0_5mCG_5hmCG/10_10_23_R1041_HPRC_NA18565_1_dorado0.6.0_sup4.3.0_5mCG_5hmCG.bam', 's3://human-pangenomics/working/HPRC/NA18565/raw_data/nanopore/dorado0.6.0_sup4.3.0_5mCG_5hmCG/10_10_23_R1041_HPRC_NA18565_2_dorado0.6.0_sup4.3.0_5mCG_5hmCG.bam', 's3://human-pangenomics/working/HPRC/NA18565/raw_data/nanopore/dorado0.6.0_sup4.3.0_5mCG_5hmCG/10_10_23_R1041_HPRC_NA18565_3_dorado0.6.0_sup4.3.0_5mCG_5hmCG.bam', 's3://human-pangenomics/working/HPRC/NA18565/raw_data/nanopore/dorado0.6.0_sup4.3.0_5mCG_5hmCG/10_10_23_R1041_HPRC_NA18565_4_dorado0.6.0_sup4.3.0_5mCG_5hmCG.bam', 's3://human-pangenomics/working/HPRC/NA18565/raw_data/nanopore/dorado0.6.0_sup4.3.0_5mCG_5hmCG/10_10_23_R1041_HPRC_NA18565_5_dorado0.6.0_sup4.3.0_5mCG_5hmCG.bam', 's3://human-pangenomics/working/HPRC/NA18565/raw_data/nanopore/dorado0.6.0_sup4.3.0_5mCG_5hmCG/10_10_23_R1041_HPRC_NA18565_6_dorado0.6.0_sup4.3.0_5mCG_5hmCG.bam']",25,"['s3://human-pangenomics/submissions/1005B25C-EAFA-40A7-AD42-45759D174009--HIC_Y3_Y4_part2/NA18565/raw_data/hic/NA18565-1_FC1_S9_L001_R1_001.fastq.gz', 's3://human-pangenomics/submissions/1005B25C-EAFA-40A7-AD42-45759D174009--HIC_Y3_Y4_part2/NA18565/raw_data/hic/NA18565-1_FC2_S9_L001_R1_001.fastq.gz', 's3://human-pangenomics/submissions/1005B25C-EAFA-40A7-AD42-45759D174009--HIC_Y3_Y4_part2/NA18565/raw_data/hic/NA18565-2_FC1_S17_L001_R1_001.fastq.gz', 's3://human-pangenomics/submissions/1005B25C-EAFA-40A7-AD42-45759D174009--HIC_Y3_Y4_part2/NA18565/raw_data/hic/NA18565-2_FC2_S17_L001_R1_001.fastq.gz', 's3://human-pangenomics/submissions/1005B25C-EAFA-40A7-AD42-45759D174009--HIC_Y3_Y4_part2/NA18565/raw_data/hic/NA18565-1_FC1_S9_L001_R2_001.fastq.gz', 's3://human-pangenomics/submissions/1005B25C-EAFA-40A7-AD42-45759D174009--HIC_Y3_Y4_part2/NA18565/raw_data/hic/NA18565-1_FC2_S9_L001_R2_001.fastq.gz', 's3://human-pangenomics/submissions/1005B25C-EAFA-40A7-AD42-45759D174009--HIC_Y3_Y4_part2/NA18565/raw_data/hic/NA18565-2_FC1_S17_L001_R2_001.fastq.gz', 's3://human-pangenomics/submissions/1005B25C-EAFA-40A7-AD42-45759D174009--HIC_Y3_Y4_part2/NA18565/raw_data/hic/NA18565-2_FC2_S17_L001_R2_001.fastq.gz']",43.64,"['s3://human-pangenomics/submissions/1005B25C-EAFA-40A7-AD42-45759D174009--HIC_Y3_Y4_part2/NA18565/raw_data/hic/NA18565-1_FC1_S9_L001_R1_001.fastq.gz', 's3://human-pangenomics/submissions/1005B25C-EAFA-40A7-AD42-45759D174009--HIC_Y3_Y4_part2/NA18565/raw_data/hic/NA18565-1_FC2_S9_L001_R1_001.fastq.gz', 's3://human-pangenomics/submissions/1005B25C-EAFA-40A7-AD42-45759D174009--HIC_Y3_Y4_part2/NA18565/raw_data/hic/NA18565-2_FC1_S17_L001_R1_001.fastq.gz', 's3://human-pangenomics/submissions/1005B25C-EAFA-40A7-AD42-45759D174009--HIC_Y3_Y4_part2/NA18565/raw_data/hic/NA18565-2_FC2_S17_L001_R1_001.fastq.gz']","['s3://human-pangenomics/submissions/1005B25C-EAFA-40A7-AD42-45759D174009--HIC_Y3_Y4_part2/NA18565/raw_data/hic/NA18565-1_FC1_S9_L001_R2_001.fastq.gz', 's3://human-pangenomics/submissions/1005B25C-EAFA-40A7-AD42-45759D174009--HIC_Y3_Y4_part2/NA18565/raw_data/hic/NA18565-1_FC2_S9_L001_R2_001.fastq.gz', 's3://human-pangenomics/submissions/1005B25C-EAFA-40A7-AD42-45759D174009--HIC_Y3_Y4_part2/NA18565/raw_data/hic/NA18565-2_FC1_S17_L001_R2_001.fastq.gz', 's3://human-pangenomics/submissions/1005B25C-EAFA-40A7-AD42-45759D174009--HIC_Y3_Y4_part2/NA18565/raw_data/hic/NA18565-2_FC2_S17_L001_R2_001.fastq.gz']",['s3://human-pangenomics/submissions/59C50DDF-5FAF-4841-AC3E-6C02D636C57F--Y4_1000G_DATA/NA18565.final.cram']
NA20850,True,58.0,3.03 Gbp,145.3 Mbp,34687.0,120.0,98.31 %,,,57.01,66.0,2.93 Gbp,138.6 Mbp,34630.0,105.0,98.11 %,,,56.75,11,SAMN41021664,HPRC,YR4,male,True,,,GIH,SAS,UW,"['s3://human-pangenomics/working/HPRC/NA20850/raw_data/PacBio_HiFi/m84046_230721_175304_s3.hifi_reads.bc2092.bam', 's3://human-pangenomics/working/HPRC/NA20850/raw_data/PacBio_HiFi/m84046_230721_182333_s4.hifi_reads.bc2092.bam', 's3://human-pangenomics/working/HPRC/NA20850/raw_data/PacBio_HiFi/m84046_230721_185439_s1.hifi_reads.bc2092.bam']",61,"['s3://human-pangenomics/working/HPRC/NA20850/raw_data/nanopore/dorado0.6.0_sup4.3.0_5mCG_5hmCG/08_08_23_R1041_HPRC_NA20850_1_dorado0.6.0_sup4.3.0_5mCG_5hmCG.bam', 's3://human-pangenomics/working/HPRC/NA20850/raw_data/nanopore/dorado0.6.0_sup4.3.0_5mCG_5hmCG/08_08_23_R1041_HPRC_NA20850_2_dorado0.6.0_sup4.3.0_5mCG_5hmCG.bam', 's3://human-pangenomics/working/HPRC/NA20850/raw_data/nanopore/dorado0.6.0_sup4.3.0_5mCG_5hmCG/08_08_23_R1041_HPRC_NA20850_3_dorado0.6.0_sup4.3.0_5mCG_5hmCG.bam']",20,"['s3://human-pangenomics/submissions/1005B25C-EAFA-40A7-AD42-45759D174009--HIC_Y3_Y4_part2/NA20850/raw_data/hic/NA20850-1_FC1_S8_L001_R1_001.fastq.gz', 's3://human-pangenomics/submissions/1005B25C-EAFA-40A7-AD42-45759D174009--HIC_Y3_Y4_part2/NA20850/raw_data/hic/NA20850-1_FC2_S8_L001_R1_001.fastq.gz', 's3://human-pangenomics/submissions/1005B25C-EAFA-40A7-AD42-45759D174009--HIC_Y3_Y4_part2/NA20850/raw_data/hic/NA20850-2_FC1_S16_L001_R1_001.fastq.gz', 's3://human-pangenomics/submissions/1005B25C-EAFA-40A7-AD42-45759D174009--HIC_Y3_Y4_part2/NA20850/raw_data/hic/NA20850-2_FC2_S16_L001_R1_001.fastq.gz', 's3://human-pangenomics/submissions/1005B25C-EAFA-40A7-AD42-45759D174009--HIC_Y3_Y4_part2/NA20850/raw_data/hic/NA20850-1_FC1_S8_L001_R2_001.fastq.gz', 's3://human-pangenomics/submissions/1005B25C-EAFA-40A7-AD42-45759D174009--HIC_Y3_Y4_part2/NA20850/raw_data/hic/NA20850-1_FC2_S8_L001_R2_001.fastq.gz', 's3://human-pangenomics/submissions/1005B25C-EAFA-40A7-AD42-45759D174009--HIC_Y3_Y4_part2/NA20850/raw_data/hic/NA20850-2_FC1_S16_L001_R2_001.fastq.gz', 's3://human-pangenomics/submissions/1005B25C-EAFA-40A7-AD42-45759D174009--HIC_Y3_Y4_part2/NA20850/raw_data/hic/NA20850-2_FC2_S16_L001_R2_001.fastq.gz']",44.06,"['s3://human-pangenomics/submissions/1005B25C-EAFA-40A7-AD42-45759D174009--HIC_Y3_Y4_part2/NA20850/raw_data/hic/NA20850-1_FC1_S8_L001_R1_001.fastq.gz', 's3://human-pangenomics/submissions/1005B25C-EAFA-40A7-AD42-45759D174009--HIC_Y3_Y4_part2/NA20850/raw_data/hic/NA20850-1_FC2_S8_L001_R1_001.fastq.gz', 's3://human-pangenomics/submissions/1005B25C-EAFA-40A7-AD42-45759D174009--HIC_Y3_Y4_part2/NA20850/raw_data/hic/NA20850-2_FC1_S16_L001_R1_001.fastq.gz', 's3://human-pangenomics/submissions/1005B25C-EAFA-40A7-AD42-45759D174009--HIC_Y3_Y4_part2/NA20850/raw_data/hic/NA20850-2_FC2_S16_L001_R1_001.fastq.gz']","['s3://human-pangenomics/submissions/1005B25C-EAFA-40A7-AD42-45759D174009--HIC_Y3_Y4_part2/NA20850/raw_data/hic/NA20850-1_FC1_S8_L001_R2_001.fastq.gz', 's3://human-pangenomics/submissions/1005B25C-EAFA-40A7-AD42-45759D174009--HIC_Y3_Y4_part2/NA20850/raw_data/hic/NA20850-1_FC2_S8_L001_R2_001.fastq.gz', 's3://human-pangenomics/submissions/1005B25C-EAFA-40A7-AD42-45759D174009--HIC_Y3_Y4_part2/NA20850/raw_data/hic/NA20850-2_FC1_S16_L001_R2_001.fastq.gz', 's3://human-pangenomics/submissions/1005B25C-EAFA-40A7-AD42-45759D174009--HIC_Y3_Y4_part2/NA20850/raw_data/hic/NA20850-2_FC2_S16_L001_R2_001.fastq.gz']",['s3://human-pangenomics/submissions/59C50DDF-5FAF-4841-AC3E-6C02D636C57F--Y4_1000G_DATA/NA20850.final.cram']
NA18879,True,66.0,3.04 Gbp,160.2 Mbp,34535.0,216.0,98.15 %,,,54.78,73.0,2.96 Gbp,139.4 Mbp,34552.0,132.0,97.96 %,,,55.06,11,SAMN41021661,HPRC,YR4,male,True,,,YRI,AFR,UW,"['s3://human-pangenomics/working/HPRC/NA18879/raw_data/PacBio_HiFi/m84046_230727_225904_s1.hifi_reads.bc2089.bam', 's3://human-pangenomics/working/HPRC/NA18879/raw_data/PacBio_HiFi/m84046_230728_195023_s2.hifi_reads.bc2089.bam', 's3://human-pangenomics/working/HPRC/NA18879/raw_data/PacBio_HiFi/m84046_230728_202047_s3.hifi_reads.bc2089.bam', 's3://human-pangenomics/working/HPRC/NA18879/raw_data/PacBio_HiFi/m84046_230728_205153_s4.hifi_reads.bc2089.bam', 's3://human-pangenomics/working/HPRC/NA18879/raw_data/PacBio_HiFi/m84046_230731_200859_s2.hifi_reads.bc2089.bam']",64,"['s3://human-pangenomics/working/HPRC/NA18879/raw_data/nanopore/dorado0.6.0_sup4.3.0_5mCG_5hmCG/08_08_23_R1041_HPRC_NA18879_1_dorado0.6.0_sup4.3.0_5mCG_5hmCG.bam', 's3://human-pangenomics/working/HPRC/NA18879/raw_data/nanopore/dorado0.6.0_sup4.3.0_5mCG_5hmCG/08_08_23_R1041_HPRC_NA18879_2_dorado0.6.0_sup4.3.0_5mCG_5hmCG.bam', 's3://human-pangenomics/working/HPRC/NA18879/raw_data/nanopore/dorado0.6.0_sup4.3.0_5mCG_5hmCG/08_08_23_R1041_HPRC_NA18879_3_dorado0.6.0_sup4.3.0_5mCG_5hmCG.bam']",21,"['s3://human-pangenomics/submissions/1005B25C-EAFA-40A7-AD42-45759D174009--HIC_Y3_Y4_part2/NA18879/raw_data/hic/NA18879-1_FC1_S7_L001_R1_001.fastq.gz', 's3://human-pangenomics/submissions/1005B25C-EAFA-40A7-AD42-45759D174009--HIC_Y3_Y4_part2/NA18879/raw_data/hic/NA18879-1_FC2_S7_L001_R1_001.fastq.gz', 's3://human-pangenomics/submissions/1005B25C-EAFA-40A7-AD42-45759D174009--HIC_Y3_Y4_part2/NA18879/raw_data/hic/NA18879-2_FC1_S15_L001_R1_001.fastq.gz', 's3://human-pangenomics/submissions/1005B25C-EAFA-40A7-AD42-45759D174009--HIC_Y3_Y4_part2/NA18879/raw_data/hic/NA18879-2_FC2_S15_L001_R1_001.fastq.gz', 's3://human-pangenomics/submissions/1005B25C-EAFA-40A7-AD42-45759D174009--HIC_Y3_Y4_part2/NA18879/raw_data/hic/NA18879-1_FC1_S7_L001_R2_001.fastq.gz', 's3://human-pangenomics/submissions/1005B25C-EAFA-40A7-AD42-45759D174009--HIC_Y3_Y4_part2/NA18879/raw_data/hic/NA18879-1_FC2_S7_L001_R2_001.fastq.gz', 's3://human-pangenomics/submissions/1005B25C-EAFA-40A7-AD42-45759D174009--HIC_Y3_Y4_part2/NA18879/raw_data/hic/NA18879-2_FC1_S15_L001_R2_001.fastq.gz', 's3://human-pangenomics/submissions/1005B25C-EAFA-40A7-AD42-45759D174009--HIC_Y3_Y4_part2/NA18879/raw_data/hic/NA18879-2_FC2_S15_L001_R2_001.fastq.gz']",44.5,"['s3://human-pangenomics/submissions/1005B25C-EAFA-40A7-AD42-45759D174009--HIC_Y3_Y4_part2/NA18879/raw_data/hic/NA18879-1_FC1_S7_L001_R1_001.fastq.gz', 's3://human-pangenomics/submissions/1005B25C-EAFA-40A7-AD42-45759D174009--HIC_Y3_Y4_part2/NA18879/raw_data/hic/NA18879-1_FC2_S7_L001_R1_001.fastq.gz', 's3://human-pangenomics/submissions/1005B25C-EAFA-40A7-AD42-45759D174009--HIC_Y3_Y4_part2/NA18879/raw_data/hic/NA18879-2_FC1_S15_L001_R1_001.fastq.gz', 's3://human-pangenomics/submissions/1005B25C-EAFA-40A7-AD42-45759D174009--HIC_Y3_Y4_part2/NA18879/raw_data/hic/NA18879-2_FC2_S15_L001_R1_001.fastq.gz']","['s3://human-pangenomics/submissions/1005B25C-EAFA-40A7-AD42-45759D174009--HIC_Y3_Y4_part2/NA18879/raw_data/hic/NA18879-1_FC1_S7_L001_R2_001.fastq.gz', 's3://human-pangenomics/submissions/1005B25C-EAFA-40A7-AD42-45759D174009--HIC_Y3_Y4_part2/NA18879/raw_data/hic/NA18879-1_FC2_S7_L001_R2_001.fastq.gz', 's3://human-pangenomics/submissions/1005B25C-EAFA-40A7-AD42-45759D174009--HIC_Y3_Y4_part2/NA18879/raw_data/hic/NA18879-2_FC1_S15_L001_R2_001.fastq.gz', 's3://human-pangenomics/submissions/1005B25C-EAFA-40A7-AD42-45759D174009--HIC_Y3_Y4_part2/NA18879/raw_data/hic/NA18879-2_FC2_S15_L001_R2_001.fastq.gz']",['s3://human-pangenomics/submissions/59C50DDF-5FAF-4841-AC3E-6C02D636C57F--Y4_1000G_DATA/NA18879.final.cram']
HG04153,False,82.0,3.05 Gbp,129.9 Mbp,34745.0,138.0,98.53 %,,,56.75,63.0,3.03 Gbp,130.9 Mbp,34710.0,113.0,98.36 %,,,57.15,11,SAMN41021681,HPRC,YR4,female,False,,,BEB,SAS,RU,"['s3://human-pangenomics/working/HPRC/HG04153/raw_data/PacBio_HiFi/m84091_230727_125753_s1.hifi_reads.bc1016.bam', 's3://human-pangenomics/working/HPRC/HG04153/raw_data/PacBio_HiFi/m84091_230802_170158_s1.hifi_reads.bc1016.bam']",66,"['s3://human-pangenomics/working/HPRC/HG04153/raw_data/nanopore/dorado0.6.0_sup4.3.0_5mCG_5hmCG/09_06_23_R1041_HPRC_HG04153_1_dorado0.6.0_sup4.3.0_5mCG_5hmCG.bam', 's3://human-pangenomics/working/HPRC/HG04153/raw_data/nanopore/dorado0.6.0_sup4.3.0_5mCG_5hmCG/09_06_23_R1041_HPRC_HG04153_2_dorado0.6.0_sup4.3.0_5mCG_5hmCG.bam', 's3://human-pangenomics/working/HPRC/HG04153/raw_data/nanopore/dorado0.6.0_sup4.3.0_5mCG_5hmCG/09_06_23_R1041_HPRC_HG04153_3_dorado0.6.0_sup4.3.0_5mCG_5hmCG.bam']",21,"['s3://human-pangenomics/submissions/1005B25C-EAFA-40A7-AD42-45759D174009--HIC_Y3_Y4_part2/HG04153/raw_data/hic/HG04153-1_FC1_S14_L001_R1_001.fastq.gz', 's3://human-pangenomics/submissions/1005B25C-EAFA-40A7-AD42-45759D174009--HIC_Y3_Y4_part2/HG04153/raw_data/hic/HG04153-1_FC2_S14_L001_R1_001.fastq.gz', 's3://human-pangenomics/submissions/1005B25C-EAFA-40A7-AD42-45759D174009--HIC_Y3_Y4_part2/HG04153/raw_data/hic/HG04153-2_FC1_S22_L001_R1_001.fastq.gz', 's3://human-pangenomics/submissions/1005B25C-EAFA-40A7-AD42-45759D174009--HIC_Y3_Y4_part2/HG04153/raw_data/hic/HG04153-2_FC2_S22_L001_R1_001.fastq.gz', 's3://human-pangenomics/submissions/1005B25C-EAFA-40A7-AD42-45759D174009--HIC_Y3_Y4_part2/HG04153/raw_data/hic/HG04153-1_FC1_S14_L001_R2_001.fastq.gz', 's3://human-pangenomics/submissions/1005B25C-EAFA-40A7-AD42-45759D174009--HIC_Y3_Y4_part2/HG04153/raw_data/hic/HG04153-1_FC2_S14_L001_R2_001.fastq.gz', 's3://human-pangenomics/submissions/1005B25C-EAFA-40A7-AD42-45759D174009--HIC_Y3_Y4_part2/HG04153/raw_data/hic/HG04153-2_FC1_S22_L001_R2_001.fastq.gz', 's3://human-pangenomics/submissions/1005B25C-EAFA-40A7-AD42-45759D174009--HIC_Y3_Y4_part2/HG04153/raw_data/hic/HG04153-2_FC2_S22_L001_R2_001.fastq.gz']",46.72,"['s3://human-pangenomics/submissions/1005B25C-EAFA-40A7-AD42-45759D174009--HIC_Y3_Y4_part2/HG04153/raw_data/hic/HG04153-1_FC1_S14_L001_R1_001.fastq.gz', 's3://human-pangenomics/submissions/1005B25C-EAFA-40A7-AD42-45759D174009--HIC_Y3_Y4_part2/HG04153/raw_data/hic/HG04153-1_FC2_S14_L001_R1_001.fastq.gz', 's3://human-pangenomics/submissions/1005B25C-EAFA-40A7-AD42-45759D174009--HIC_Y3_Y4_part2/HG04153/raw_data/hic/HG04153-2_FC1_S22_L001_R1_001.fastq.gz', 's3://human-pangenomics/submissions/1005B25C-EAFA-40A7-AD42-45759D174009--HIC_Y3_Y4_part2/HG04153/raw_data/hic/HG04153-2_FC2_S22_L001_R1_001.fastq.gz']","['s3://human-pangenomics/submissions/1005B25C-EAFA-40A7-AD42-45759D174009--HIC_Y3_Y4_part2/HG04153/raw_data/hic/HG04153-1_FC1_S14_L001_R2_001.fastq.gz', 's3://human-pangenomics/submissions/1005B25C-EAFA-40A7-AD42-45759D174009--HIC_Y3_Y4_part2/HG04153/raw_data/hic/HG04153-1_FC2_S14_L001_R2_001.fastq.gz', 's3://human-pangenomics/submissions/1005B25C-EAFA-40A7-AD42-45759D174009--HIC_Y3_Y4_part2/HG04153/raw_data/hic/HG04153-2_FC1_S22_L001_R2_001.fastq.gz', 's3://human-pangenomics/submissions/1005B25C-EAFA-40A7-AD42-45759D174009--HIC_Y3_Y4_part2/HG04153/raw_data/hic/HG04153-2_FC2_S22_L001_R2_001.fastq.gz']",['s3://human-pangenomics/submissions/59C50DDF-5FAF-4841-AC3E-6C02D636C57F--Y4_1000G_DATA/HG04153.final.cram']
NA20282,False,58.0,3.02 Gbp,122.9 Mbp,34634.0,123.0,98.17 %,,,56.92,65.0,3.05 Gbp,133.3 Mbp,34694.0,114.0,98.31 %,,,56.08,11,SAMN41021608,HPRC,YR4,female,False,,,ASW,AFR,WashU,"['s3://human-pangenomics/working/HPRC/NA20282/raw_data/PacBio_HiFi/m84081_230516_191559_s1.hifi_reads.bc2004.bam', 's3://human-pangenomics/working/HPRC/NA20282/raw_data/PacBio_HiFi/m84081_230519_180923_s3.hifi_reads.bc2004.bam']",70,"['s3://human-pangenomics/working/HPRC/NA20282/raw_data/nanopore/dorado0.6.0_sup4.3.0_5mCG_5hmCG/12_12_23_R1041_HPRC_NA20282_1_dorado0.6.0_sup4.3.0_5mCG_5hmCG.bam', 's3://human-pangenomics/working/HPRC/NA20282/raw_data/nanopore/dorado0.6.0_sup4.3.0_5mCG_5hmCG/12_12_23_R1041_HPRC_NA20282_2_dorado0.6.0_sup4.3.0_5mCG_5hmCG.bam', 's3://human-pangenomics/working/HPRC/NA20282/raw_data/nanopore/dorado0.6.0_sup4.3.0_5mCG_5hmCG/12_12_23_R1041_HPRC_NA20282_3_dorado0.6.0_sup4.3.0_5mCG_5hmCG.bam']",26,"['s3://human-pangenomics/submissions/1005B25C-EAFA-40A7-AD42-45759D174009--HIC_Y3_Y4_part2/NA20282/raw_data/hic/NA20282-1_FC1_S58_L003_R1_001.fastq.gz', 's3://human-pangenomics/submissions/1005B25C-EAFA-40A7-AD42-45759D174009--HIC_Y3_Y4_part2/NA20282/raw_data/hic/NA20282-1_FC2_S58_L003_R1_001.fastq.gz', 's3://human-pangenomics/submissions/1005B25C-EAFA-40A7-AD42-45759D174009--HIC_Y3_Y4_part2/NA20282/raw_data/hic/NA20282-2_FC1_S61_L003_R1_001.fastq.gz', 's3://human-pangenomics/submissions/1005B25C-EAFA-40A7-AD42-45759D174009--HIC_Y3_Y4_part2/NA20282/raw_data/hic/NA20282-2_FC2_S61_L003_R1_001.fastq.gz', 's3://human-pangenomics/submissions/1005B25C-EAFA-40A7-AD42-45759D174009--HIC_Y3_Y4_part2/NA20282/raw_data/hic/NA20282-1_FC1_S58_L003_R2_001.fastq.gz', 's3://human-pangenomics/submissions/1005B25C-EAFA-40A7-AD42-45759D174009--HIC_Y3_Y4_part2/NA20282/raw_data/hic/NA20282-1_FC2_S58_L003_R2_001.fastq.gz', 's3://human-pangenomics/submissions/1005B25C-EAFA-40A7-AD42-45759D174009--HIC_Y3_Y4_part2/NA20282/raw_data/hic/NA20282-2_FC1_S61_L003_R2_001.fastq.gz', 's3://human-pangenomics/submissions/1005B25C-EAFA-40A7-AD42-45759D174009--HIC_Y3_Y4_part2/NA20282/raw_data/hic/NA20282-2_FC2_S61_L003_R2_001.fastq.gz']",48.56,"['s3://human-pangenomics/submissions/1005B25C-EAFA-40A7-AD42-45759D174009--HIC_Y3_Y4_part2/NA20282/raw_data/hic/NA20282-1_FC1_S58_L003_R1_001.fastq.gz', 's3://human-pangenomics/submissions/1005B25C-EAFA-40A7-AD42-45759D174009--HIC_Y3_Y4_part2/NA20282/raw_data/hic/NA20282-1_FC2_S58_L003_R1_001.fastq.gz', 's3://human-pangenomics/submissions/1005B25C-EAFA-40A7-AD42-45759D174009--HIC_Y3_Y4_part2/NA20282/raw_data/hic/NA20282-2_FC1_S61_L003_R1_001.fastq.gz', 's3://human-pangenomics/submissions/1005B25C-EAFA-40A7-AD42-45759D174009--HIC_Y3_Y4_part2/NA20282/raw_data/hic/NA20282-2_FC2_S61_L003_R1_001.fastq.gz']","['s3://human-pangenomics/submissions/1005B25C-EAFA-40A7-AD42-45759D174009--HIC_Y3_Y4_part2/NA20282/raw_data/hic/NA20282-1_FC1_S58_L003_R2_001.fastq.gz', 's3://human-pangenomics/submissions/1005B25C-EAFA-40A7-AD42-45759D174009--HIC_Y3_Y4_part2/NA20282/raw_data/hic/NA20282-1_FC2_S58_L003_R2_001.fastq.gz', 's3://human-pangenomics/submissions/1005B25C-EAFA-40A7-AD42-45759D174009--HIC_Y3_Y4_part2/NA20282/raw_data/hic/NA20282-2_FC1_S61_L003_R2_001.fastq.gz', 's3://human-pangenomics/submissions/1005B25C-EAFA-40A7-AD42-45759D174009--HIC_Y3_Y4_part2/NA20282/raw_data/hic/NA20282-2_FC2_S61_L003_R2_001.fastq.gz']",['s3://human-pangenomics/submissions/59C50DDF-5FAF-4841-AC3E-6C02D636C57F--Y4_1000G_DATA/NA20282.final.cram']
NA20346,True,78.0,3.05 Gbp,139.0 Mbp,34666.0,120.0,98.25 %,,,54.76,84.0,2.95 Gbp,120.6 Mbp,34624.0,150.0,98.22 %,,,55.62,11,SAMN41021609,HPRC,YR4,male,True,,,ASW,AFR,WashU,"['s3://human-pangenomics/working/HPRC/NA20346/raw_data/PacBio_HiFi/m84081_230523_184006_s2.hifi_reads.bc2006.bam', 's3://human-pangenomics/working/HPRC/NA20346/raw_data/PacBio_HiFi/m84081_230525_180017_s4.hifi_reads.bc2006.bam']",60,"['s3://human-pangenomics/working/HPRC/NA20346/raw_data/nanopore/dorado0.6.0_sup4.3.0_5mCG_5hmCG/11_28_23_R1041_HPRC_NA20346_1_dorado0.6.0_sup4.3.0_5mCG_5hmCG.bam', 's3://human-pangenomics/working/HPRC/NA20346/raw_data/nanopore/dorado0.6.0_sup4.3.0_5mCG_5hmCG/11_28_23_R1041_HPRC_NA20346_2_dorado0.6.0_sup4.3.0_5mCG_5hmCG.bam', 's3://human-pangenomics/working/HPRC/NA20346/raw_data/nanopore/dorado0.6.0_sup4.3.0_5mCG_5hmCG/11_28_23_R1041_HPRC_NA20346_3_dorado0.6.0_sup4.3.0_5mCG_5hmCG.bam', 's3://human-pangenomics/working/HPRC/NA20346/raw_data/nanopore/dorado0.6.0_sup4.3.0_5mCG_5hmCG/11_28_23_R1041_HPRC_NA20346_4_dorado0.6.0_sup4.3.0_5mCG_5hmCG.bam']",26,"['s3://human-pangenomics/submissions/1005B25C-EAFA-40A7-AD42-45759D174009--HIC_Y3_Y4_part2/NA20346/raw_data/hic/NA20346-1_FC1_S59_L003_R1_001.fastq.gz', 's3://human-pangenomics/submissions/1005B25C-EAFA-40A7-AD42-45759D174009--HIC_Y3_Y4_part2/NA20346/raw_data/hic/NA20346-1_FC2_S59_L003_R1_001.fastq.gz', 's3://human-pangenomics/submissions/1005B25C-EAFA-40A7-AD42-45759D174009--HIC_Y3_Y4_part2/NA20346/raw_data/hic/NA20346-2_FC1_S62_L003_R1_001.fastq.gz', 's3://human-pangenomics/submissions/1005B25C-EAFA-40A7-AD42-45759D174009--HIC_Y3_Y4_part2/NA20346/raw_data/hic/NA20346-2_FC2_S62_L003_R1_001.fastq.gz', 's3://human-pangenomics/submissions/1005B25C-EAFA-40A7-AD42-45759D174009--HIC_Y3_Y4_part2/NA20346/raw_data/hic/NA20346-1_FC1_S59_L003_R2_001.fastq.gz', 's3://human-pangenomics/submissions/1005B25C-EAFA-40A7-AD42-45759D174009--HIC_Y3_Y4_part2/NA20346/raw_data/hic/NA20346-1_FC2_S59_L003_R2_001.fastq.gz', 's3://human-pangenomics/submissions/1005B25C-EAFA-40A7-AD42-45759D174009--HIC_Y3_Y4_part2/NA20346/raw_data/hic/NA20346-2_FC1_S62_L003_R2_001.fastq.gz', 's3://human-pangenomics/submissions/1005B25C-EAFA-40A7-AD42-45759D174009--HIC_Y3_Y4_part2/NA20346/raw_data/hic/NA20346-2_FC2_S62_L003_R2_001.fastq.gz']",50.82,"['s3://human-pangenomics/submissions/1005B25C-EAFA-40A7-AD42-45759D174009--HIC_Y3_Y4_part2/NA20346/raw_data/hic/NA20346-1_FC1_S59_L003_R1_001.fastq.gz', 's3://human-pangenomics/submissions/1005B25C-EAFA-40A7-AD42-45759D174009--HIC_Y3_Y4_part2/NA20346/raw_data/hic/NA20346-1_FC2_S59_L003_R1_001.fastq.gz', 's3://human-pangenomics/submissions/1005B25C-EAFA-40A7-AD42-45759D174009--HIC_Y3_Y4_part2/NA20346/raw_data/hic/NA20346-2_FC1_S62_L003_R1_001.fastq.gz', 's3://human-pangenomics/submissions/1005B25C-EAFA-40A7-AD42-45759D174009--HIC_Y3_Y4_part2/NA20346/raw_data/hic/NA20346-2_FC2_S62_L003_R1_001.fastq.gz']","['s3://human-pangenomics/submissions/1005B25C-EAFA-40A7-AD42-45759D174009--HIC_Y3_Y4_part2/NA20346/raw_data/hic/NA20346-1_FC1_S59_L003_R2_001.fastq.gz', 's3://human-pangenomics/submissions/1005B25C-EAFA-40A7-AD42-45759D174009--HIC_Y3_Y4_part2/NA20346/raw_data/hic/NA20346-1_FC2_S59_L003_R2_001.fastq.gz', 's3://human-pangenomics/submissions/1005B25C-EAFA-40A7-AD42-45759D174009--HIC_Y3_Y4_part2/NA20346/raw_data/hic/NA20346-2_FC1_S62_L003_R2_001.fastq.gz', 's3://human-pangenomics/submissions/1005B25C-EAFA-40A7-AD42-45759D174009--HIC_Y3_Y4_part2/NA20346/raw_data/hic/NA20346-2_FC2_S62_L003_R2_001.fastq.gz']",['s3://human-pangenomics/submissions/59C50DDF-5FAF-4841-AC3E-6C02D636C57F--Y4_1000G_DATA/NA20346.final.cram']
HG00329,True,61.0,3.05 Gbp,124.9 Mbp,34713.0,152.0,98.47 %,,,54.97,58.0,2.93 Gbp,125.0 Mbp,34708.0,117.0,98.36 %,,,54.33,11,SAMN41021646,HPRC,YR4,male,True,,,FIN,EUR,RU,"['s3://human-pangenomics/working/HPRC/HG00329/raw_data/PacBio_HiFi/m84091_230712_173338_s3.hifi_reads.bc1019.bam', 's3://human-pangenomics/working/HPRC/HG00329/raw_data/PacBio_HiFi/m84091_230719_165228_s3.hifi_reads.bc1019.bam']",62,"['s3://human-pangenomics/working/HPRC/HG00329/raw_data/nanopore/dorado0.6.0_sup4.3.0_5mCG_5hmCG/10_24_23_R1041_HPRC_HG00329_1_dorado0.6.0_sup4.3.0_5mCG_5hmCG.bam', 's3://human-pangenomics/working/HPRC/HG00329/raw_data/nanopore/dorado0.6.0_sup4.3.0_5mCG_5hmCG/10_24_23_R1041_HPRC_HG00329_2_dorado0.6.0_sup4.3.0_5mCG_5hmCG.bam', 's3://human-pangenomics/working/HPRC/HG00329/raw_data/nanopore/dorado0.6.0_sup4.3.0_5mCG_5hmCG/10_24_23_R1041_HPRC_HG00329_3_dorado0.6.0_sup4.3.0_5mCG_5hmCG.bam']",26,"['s3://human-pangenomics/submissions/1005B25C-EAFA-40A7-AD42-45759D174009--HIC_Y3_Y4_part2/HG00329/raw_data/hic/HG00329-1_FC1_S39_L002_R1_001.fastq.gz', 's3://human-pangenomics/submissions/1005B25C-EAFA-40A7-AD42-45759D174009--HIC_Y3_Y4_part2/HG00329/raw_data/hic/HG00329-1_FC2_S39_L002_R1_001.fastq.gz', 's3://human-pangenomics/submissions/1005B25C-EAFA-40A7-AD42-45759D174009--HIC_Y3_Y4_part2/HG00329/raw_data/hic/HG00329-2_FC1_S40_L002_R1_001.fastq.gz', 's3://human-pangenomics/submissions/1005B25C-EAFA-40A7-AD42-45759D174009--HIC_Y3_Y4_part2/HG00329/raw_data/hic/HG00329-2_FC2_S40_L002_R1_001.fastq.gz', 's3://human-pangenomics/submissions/1005B25C-EAFA-40A7-AD42-45759D174009--HIC_Y3_Y4_part2/HG00329/raw_data/hic/HG00329-1_FC1_S39_L002_R2_001.fastq.gz', 's3://human-pangenomics/submissions/1005B25C-EAFA-40A7-AD42-45759D174009--HIC_Y3_Y4_part2/HG00329/raw_data/hic/HG00329-1_FC2_S39_L002_R2_001.fastq.gz', 's3://human-pangenomics/submissions/1005B25C-EAFA-40A7-AD42-45759D174009--HIC_Y3_Y4_part2/HG00329/raw_data/hic/HG00329-2_FC1_S40_L002_R2_001.fastq.gz', 's3://human-pangenomics/submissions/1005B25C-EAFA-40A7-AD42-45759D174009--HIC_Y3_Y4_part2/HG00329/raw_data/hic/HG00329-2_FC2_S40_L002_R2_001.fastq.gz']",62.14,"['s3://human-pangenomics/submissions/1005B25C-EAFA-40A7-AD42-45759D174009--HIC_Y3_Y4_part2/HG00329/raw_data/hic/HG00329-1_FC1_S39_L002_R1_001.fastq.gz', 's3://human-pangenomics/submissions/1005B25C-EAFA-40A7-AD42-45759D174009--HIC_Y3_Y4_part2/HG00329/raw_data/hic/HG00329-1_FC2_S39_L002_R1_001.fastq.gz', 's3://human-pangenomics/submissions/1005B25C-EAFA-40A7-AD42-45759D174009--HIC_Y3_Y4_part2/HG00329/raw_data/hic/HG00329-2_FC1_S40_L002_R1_001.fastq.gz', 's3://human-pangenomics/submissions/1005B25C-EAFA-40A7-AD42-45759D174009--HIC_Y3_Y4_part2/HG00329/raw_data/hic/HG00329-2_FC2_S40_L002_R1_001.fastq.gz']","['s3://human-pangenomics/submissions/1005B25C-EAFA-40A7-AD42-45759D174009--HIC_Y3_Y4_part2/HG00329/raw_data/hic/HG00329-1_FC1_S39_L002_R2_001.fastq.gz', 's3://human-pangenomics/submissions/1005B25C-EAFA-40A7-AD42-45759D174009--HIC_Y3_Y4_part2/HG00329/raw_data/hic/HG00329-1_FC2_S39_L002_R2_001.fastq.gz', 's3://human-pangenomics/submissions/1005B25C-EAFA-40A7-AD42-45759D174009--HIC_Y3_Y4_part2/HG00329/raw_data/hic/HG00329-2_FC1_S40_L002_R2_001.fastq.gz', 's3://human-pangenomics/submissions/1005B25C-EAFA-40A7-AD42-45759D174009--HIC_Y3_Y4_part2/HG00329/raw_data/hic/HG00329-2_FC2_S40_L002_R2_001.fastq.gz']",['s3://human-pangenomics/submissions/59C50DDF-5FAF-4841-AC3E-6C02D636C57F--Y4_1000G_DATA/HG00329.final.cram']
HG00272,False,57.0,3.04 Gbp,149.8 Mbp,34704.0,166.0,98.49 %,,,56.06,57.0,3.04 Gbp,150.9 Mbp,34686.0,154.0,98.4 %,,,56.42,11,SAMN41021659,HPRC,YR4,female,False,,,FIN,EUR,UW,"['s3://human-pangenomics/working/HPRC/HG00272/raw_data/PacBio_HiFi/m84046_230716_051716_s3.hifi_reads.bc2087.bam', 's3://human-pangenomics/working/HPRC/HG00272/raw_data/PacBio_HiFi/m84046_230716_054822_s4.hifi_reads.bc2087.bam', 's3://human-pangenomics/working/HPRC/HG00272/raw_data/PacBio_HiFi/m84046_230718_223822_s1.hifi_reads.bc2087.bam', 's3://human-pangenomics/working/HPRC/HG00272/raw_data/PacBio_HiFi/m84046_230719_001055_s4.hifi_reads.bc2087.bam']",68,"['s3://human-pangenomics/working/HPRC/HG00272/raw_data/nanopore/dorado0.6.0_sup4.3.0_5mCG_5hmCG/08_08_23_R1041_HPRC_HG00272_1_dorado0.6.0_sup4.3.0_5mCG_5hmCG.bam', 's3://human-pangenomics/working/HPRC/HG00272/raw_data/nanopore/dorado0.6.0_sup4.3.0_5mCG_5hmCG/08_08_23_R1041_HPRC_HG00272_2_dorado0.6.0_sup4.3.0_5mCG_5hmCG.bam', 's3://human-pangenomics/working/HPRC/HG00272/raw_data/nanopore/dorado0.6.0_sup4.3.0_5mCG_5hmCG/08_08_23_R1041_HPRC_HG00272_3_dorado0.6.0_sup4.3.0_5mCG_5hmCG.bam']",24,"['s3://human-pangenomics/submissions/1005B25C-EAFA-40A7-AD42-45759D174009--HIC_Y3_Y4_part2/HG00272/raw_data/hic/HG00272-1_FC1_S3_L001_R1_001.fastq.gz', 's3://human-pangenomics/submissions/1005B25C-EAFA-40A7-AD42-45759D174009--HIC_Y3_Y4_part2/HG00272/raw_data/hic/HG00272-1_FC2_S3_L001_R1_001.fastq.gz', 's3://human-pangenomics/submissions/1005B25C-EAFA-40A7-AD42-45759D174009--HIC_Y3_Y4_part2/HG00272/raw_data/hic/HG00272-2_FC1_S4_L001_R1_001.fastq.gz', 's3://human-pangenomics/submissions/1005B25C-EAFA-40A7-AD42-45759D174009--HIC_Y3_Y4_part2/HG00272/raw_data/hic/HG00272-2_FC2_S4_L001_R1_001.fastq.gz', 's3://human-pangenomics/submissions/1005B25C-EAFA-40A7-AD42-45759D174009--HIC_Y3_Y4_part2/HG00272/raw_data/hic/HG00272-1_FC1_S3_L001_R2_001.fastq.gz', 's3://human-pangenomics/submissions/1005B25C-EAFA-40A7-AD42-45759D174009--HIC_Y3_Y4_part2/HG00272/raw_data/hic/HG00272-1_FC2_S3_L001_R2_001.fastq.gz', 's3://human-pangenomics/submissions/1005B25C-EAFA-40A7-AD42-45759D174009--HIC_Y3_Y4_part2/HG00272/raw_data/hic/HG00272-2_FC1_S4_L001_R2_001.fastq.gz', 's3://human-pangenomics/submissions/1005B25C-EAFA-40A7-AD42-45759D174009--HIC_Y3_Y4_part2/HG00272/raw_data/hic/HG00272-2_FC2_S4_L001_R2_001.fastq.gz']",64.82,"['s3://human-pangenomics/submissions/1005B25C-EAFA-40A7-AD42-45759D174009--HIC_Y3_Y4_part2/HG00272/raw_data/hic/HG00272-1_FC1_S3_L001_R1_001.fastq.gz', 's3://human-pangenomics/submissions/1005B25C-EAFA-40A7-AD42-45759D174009--HIC_Y3_Y4_part2/HG00272/raw_data/hic/HG00272-1_FC2_S3_L001_R1_001.fastq.gz', 's3://human-pangenomics/submissions/1005B25C-EAFA-40A7-AD42-45759D174009--HIC_Y3_Y4_part2/HG00272/raw_data/hic/HG00272-2_FC1_S4_L001_R1_001.fastq.gz', 's3://human-pangenomics/submissions/1005B25C-EAFA-40A7-AD42-45759D174009--HIC_Y3_Y4_part2/HG00272/raw_data/hic/HG00272-2_FC2_S4_L001_R1_001.fastq.gz']","['s3://human-pangenomics/submissions/1005B25C-EAFA-40A7-AD42-45759D174009--HIC_Y3_Y4_part2/HG00272/raw_data/hic/HG00272-1_FC1_S3_L001_R2_001.fastq.gz', 's3://human-pangenomics/submissions/1005B25C-EAFA-40A7-AD42-45759D174009--HIC_Y3_Y4_part2/HG00272/raw_data/hic/HG00272-1_FC2_S3_L001_R2_001.fastq.gz', 's3://human-pangenomics/submissions/1005B25C-EAFA-40A7-AD42-45759D174009--HIC_Y3_Y4_part2/HG00272/raw_data/hic/HG00272-2_FC1_S4_L001_R2_001.fastq.gz', 's3://human-pangenomics/submissions/1005B25C-EAFA-40A7-AD42-45759D174009--HIC_Y3_Y4_part2/HG00272/raw_data/hic/HG00272-2_FC2_S4_L001_R2_001.fastq.gz']",['s3://human-pangenomics/submissions/59C50DDF-5FAF-4841-AC3E-6C02D636C57F--Y4_1000G_DATA/HG00272.final.cram']
HG03784,False,66.0,3.03 Gbp,134.9 Mbp,34754.0,114.0,98.48 %,,,56.34,70.0,3.05 Gbp,138.1 Mbp,34729.0,128.0,98.45 %,,,55.84,11,SAMN41021647,HPRC,YR4,female,False,,,ITU,SAS,WashU,"['s3://human-pangenomics/working/HPRC/HG03784/raw_data/PacBio_HiFi/m84081_230624_213331_s3.hifi_reads.bc2017.bam', 's3://human-pangenomics/working/HPRC/HG03784/raw_data/PacBio_HiFi/m84081_230624_220437_s4.hifi_reads.bc2017.bam']",62,"['s3://human-pangenomics/working/HPRC/HG03784/raw_data/nanopore/dorado0.6.0_sup4.3.0_5mCG_5hmCG/10_17_23_R1041_HPRC_HG03784_1_dorado0.6.0_sup4.3.0_5mCG_5hmCG.bam', 's3://human-pangenomics/working/HPRC/HG03784/raw_data/nanopore/dorado0.6.0_sup4.3.0_5mCG_5hmCG/10_17_23_R1041_HPRC_HG03784_2_dorado0.6.0_sup4.3.0_5mCG_5hmCG.bam', 's3://human-pangenomics/working/HPRC/HG03784/raw_data/nanopore/dorado0.6.0_sup4.3.0_5mCG_5hmCG/10_17_23_R1041_HPRC_HG03784_3_dorado0.6.0_sup4.3.0_5mCG_5hmCG.bam']",24,"['s3://human-pangenomics/submissions/1005B25C-EAFA-40A7-AD42-45759D174009--HIC_Y3_Y4_part2/HG03784/raw_data/hic/HG03784-1_FC1_S41_L002_R1_001.fastq.gz', 's3://human-pangenomics/submissions/1005B25C-EAFA-40A7-AD42-45759D174009--HIC_Y3_Y4_part2/HG03784/raw_data/hic/HG03784-1_FC2_S41_L002_R1_001.fastq.gz', 's3://human-pangenomics/submissions/1005B25C-EAFA-40A7-AD42-45759D174009--HIC_Y3_Y4_part2/HG03784/raw_data/hic/HG03784-2_FC1_S42_L002_R1_001.fastq.gz', 's3://human-pangenomics/submissions/1005B25C-EAFA-40A7-AD42-45759D174009--HIC_Y3_Y4_part2/HG03784/raw_data/hic/HG03784-2_FC2_S42_L002_R1_001.fastq.gz', 's3://human-pangenomics/submissions/1005B25C-EAFA-40A7-AD42-45759D174009--HIC_Y3_Y4_part2/HG03784/raw_data/hic/HG03784-1_FC1_S41_L002_R2_001.fastq.gz', 's3://human-pangenomics/submissions/1005B25C-EAFA-40A7-AD42-45759D174009--HIC_Y3_Y4_part2/HG03784/raw_data/hic/HG03784-1_FC2_S41_L002_R2_001.fastq.gz', 's3://human-pangenomics/submissions/1005B25C-EAFA-40A7-AD42-45759D174009--HIC_Y3_Y4_part2/HG03784/raw_data/hic/HG03784-2_FC1_S42_L002_R2_001.fastq.gz', 's3://human-pangenomics/submissions/1005B25C-EAFA-40A7-AD42-45759D174009--HIC_Y3_Y4_part2/HG03784/raw_data/hic/HG03784-2_FC2_S42_L002_R2_001.fastq.gz']",69.98,"['s3://human-pangenomics/submissions/1005B25C-EAFA-40A7-AD42-45759D174009--HIC_Y3_Y4_part2/HG03784/raw_data/hic/HG03784-1_FC1_S41_L002_R1_001.fastq.gz', 's3://human-pangenomics/submissions/1005B25C-EAFA-40A7-AD42-45759D174009--HIC_Y3_Y4_part2/HG03784/raw_data/hic/HG03784-1_FC2_S41_L002_R1_001.fastq.gz', 's3://human-pangenomics/submissions/1005B25C-EAFA-40A7-AD42-45759D174009--HIC_Y3_Y4_part2/HG03784/raw_data/hic/HG03784-2_FC1_S42_L002_R1_001.fastq.gz', 's3://human-pangenomics/submissions/1005B25C-EAFA-40A7-AD42-45759D174009--HIC_Y3_Y4_part2/HG03784/raw_data/hic/HG03784-2_FC2_S42_L002_R1_001.fastq.gz']","['s3://human-pangenomics/submissions/1005B25C-EAFA-40A7-AD42-45759D174009--HIC_Y3_Y4_part2/HG03784/raw_data/hic/HG03784-1_FC1_S41_L002_R2_001.fastq.gz', 's3://human-pangenomics/submissions/1005B25C-EAFA-40A7-AD42-45759D174009--HIC_Y3_Y4_part2/HG03784/raw_data/hic/HG03784-1_FC2_S41_L002_R2_001.fastq.gz', 's3://human-pangenomics/submissions/1005B25C-EAFA-40A7-AD42-45759D174009--HIC_Y3_Y4_part2/HG03784/raw_data/hic/HG03784-2_FC1_S42_L002_R2_001.fastq.gz', 's3://human-pangenomics/submissions/1005B25C-EAFA-40A7-AD42-45759D174009--HIC_Y3_Y4_part2/HG03784/raw_data/hic/HG03784-2_FC2_S42_L002_R2_001.fastq.gz']",['s3://human-pangenomics/submissions/59C50DDF-5FAF-4841-AC3E-6C02D636C57F--Y4_1000G_DATA/HG03784.final.cram']
NA19682,True,,nan Gbp,nan Mbp,,,nan %,,,,,nan Gbp,nan Mbp,,,nan %,,,,11,SAMN41021611,HPRC,YR4,male,True,,,MXL,AMR,UW,"['s3://human-pangenomics/working/HPRC/NA19682/raw_data/PacBio_HiFi/m84046_230428_231421_s3.hifi_reads.bc2090.bam', 's3://human-pangenomics/working/HPRC/NA19682/raw_data/PacBio_HiFi/m84046_230504_195327_s1.hifi_reads.bc2090.bam', 's3://human-pangenomics/working/HPRC/NA19682/raw_data/PacBio_HiFi/m84046_230504_202347_s2.hifi_reads.bc2090.bam', 's3://human-pangenomics/working/HPRC/NA19682/raw_data/PacBio_HiFi/m84046_230508_193709_s3.hifi_reads.bc2090.bam']",63,"['s3://human-pangenomics/working/HPRC/NA19682/raw_data/nanopore/dorado0.6.0_sup4.3.0_5mCG_5hmCG/11_28_23_R1041_HPRC_NA19682_1_dorado0.6.0_sup4.3.0_5mCG_5hmCG.bam', 's3://human-pangenomics/working/HPRC/NA19682/raw_data/nanopore/dorado0.6.0_sup4.3.0_5mCG_5hmCG/11_28_23_R1041_HPRC_NA19682_2_dorado0.6.0_sup4.3.0_5mCG_5hmCG.bam', 's3://human-pangenomics/working/HPRC/NA19682/raw_data/nanopore/dorado0.6.0_sup4.3.0_5mCG_5hmCG/11_28_23_R1041_HPRC_NA19682_3_dorado0.6.0_sup4.3.0_5mCG_5hmCG.bam', 's3://human-pangenomics/working/HPRC/NA19682/raw_data/nanopore/dorado0.6.0_sup4.3.0_5mCG_5hmCG/11_28_23_R1041_HPRC_NA19682_4_dorado0.6.0_sup4.3.0_5mCG_5hmCG.bam']",28,"['s3://human-pangenomics/submissions/1005B25C-EAFA-40A7-AD42-45759D174009--HIC_Y3_Y4_part2/NA19682/raw_data/hic/NA19682-1_FC1_S55_L003_R1_001.fastq.gz', 's3://human-pangenomics/submissions/1005B25C-EAFA-40A7-AD42-45759D174009--HIC_Y3_Y4_part2/NA19682/raw_data/hic/NA19682-1_FC2_S55_L003_R1_001.fastq.gz', 's3://human-pangenomics/submissions/1005B25C-EAFA-40A7-AD42-45759D174009--HIC_Y3_Y4_part2/NA19682/raw_data/hic/NA19682-2_FC1_S57_L003_R1_001.fastq.gz', 's3://human-pangenomics/submissions/1005B25C-EAFA-40A7-AD42-45759D174009--HIC_Y3_Y4_part2/NA19682/raw_data/hic/NA19682-2_FC2_S57_L003_R1_001.fastq.gz', 's3://human-pangenomics/submissions/1005B25C-EAFA-40A7-AD42-45759D174009--HIC_Y3_Y4_part2/NA19682/raw_data/hic/NA19682-1_FC1_S55_L003_R2_001.fastq.gz', 's3://human-pangenomics/submissions/1005B25C-EAFA-40A7-AD42-45759D174009--HIC_Y3_Y4_part2/NA19682/raw_data/hic/NA19682-1_FC2_S55_L003_R2_001.fastq.gz', 's3://human-pangenomics/submissions/1005B25C-EAFA-40A7-AD42-45759D174009--HIC_Y3_Y4_part2/NA19682/raw_data/hic/NA19682-2_FC1_S57_L003_R2_001.fastq.gz', 's3://human-pangenomics/submissions/1005B25C-EAFA-40A7-AD42-45759D174009--HIC_Y3_Y4_part2/NA19682/raw_data/hic/NA19682-2_FC2_S57_L003_R2_001.fastq.gz']",77.06,"['s3://human-pangenomics/submissions/1005B25C-EAFA-40A7-AD42-45759D174009--HIC_Y3_Y4_part2/NA19682/raw_data/hic/NA19682-1_FC1_S55_L003_R1_001.fastq.gz', 's3://human-pangenomics/submissions/1005B25C-EAFA-40A7-AD42-45759D174009--HIC_Y3_Y4_part2/NA19682/raw_data/hic/NA19682-1_FC2_S55_L003_R1_001.fastq.gz', 's3://human-pangenomics/submissions/1005B25C-EAFA-40A7-AD42-45759D174009--HIC_Y3_Y4_part2/NA19682/raw_data/hic/NA19682-2_FC1_S57_L003_R1_001.fastq.gz', 's3://human-pangenomics/submissions/1005B25C-EAFA-40A7-AD42-45759D174009--HIC_Y3_Y4_part2/NA19682/raw_data/hic/NA19682-2_FC2_S57_L003_R1_001.fastq.gz']","['s3://human-pangenomics/submissions/1005B25C-EAFA-40A7-AD42-45759D174009--HIC_Y3_Y4_part2/NA19682/raw_data/hic/NA19682-1_FC1_S55_L003_R2_001.fastq.gz', 's3://human-pangenomics/submissions/1005B25C-EAFA-40A7-AD42-45759D174009--HIC_Y3_Y4_part2/NA19682/raw_data/hic/NA19682-1_FC2_S55_L003_R2_001.fastq.gz', 's3://human-pangenomics/submissions/1005B25C-EAFA-40A7-AD42-45759D174009--HIC_Y3_Y4_part2/NA19682/raw_data/hic/NA19682-2_FC1_S57_L003_R2_001.fastq.gz', 's3://human-pangenomics/submissions/1005B25C-EAFA-40A7-AD42-45759D174009--HIC_Y3_Y4_part2/NA19682/raw_data/hic/NA19682-2_FC2_S57_L003_R2_001.fastq.gz']",['s3://human-pangenomics/submissions/59C50DDF-5FAF-4841-AC3E-6C02D636C57F--Y4_1000G_DATA/NA19682.final.cram']
NA19909,False,64.0,3.04 Gbp,129.1 Mbp,34658.0,127.0,98.25 %,,,55.51,55.0,3.04 Gbp,125.5 Mbp,34610.0,132.0,98.13 %,,,54.61,11,SAMN41021607,HPRC,YR4,female,False,,,ASW,AFR,WashU,"['s3://human-pangenomics/working/HPRC/NA19909/raw_data/PacBio_HiFi/m84081_230523_180945_s1.hifi_reads.bc2005.bam', 's3://human-pangenomics/working/HPRC/NA19909/raw_data/PacBio_HiFi/m84081_230525_172954_s3.hifi_reads.bc2005.bam']",64,"['s3://human-pangenomics/working/HPRC/NA19909/raw_data/nanopore/dorado0.6.0_sup4.3.0_5mCG_5hmCG/11_14_23_R1041_HPRC_NA19909_1_dorado0.6.0_sup4.3.0_5mCG_5hmCG.bam', 's3://human-pangenomics/working/HPRC/NA19909/raw_data/nanopore/dorado0.6.0_sup4.3.0_5mCG_5hmCG/11_14_23_R1041_HPRC_NA19909_2_dorado0.6.0_sup4.3.0_5mCG_5hmCG.bam', 's3://human-pangenomics/working/HPRC/NA19909/raw_data/nanopore/dorado0.6.0_sup4.3.0_5mCG_5hmCG/11_14_23_R1041_HPRC_NA19909_3_dorado0.6.0_sup4.3.0_5mCG_5hmCG.bam']",27,"['s3://human-pangenomics/submissions/1005B25C-EAFA-40A7-AD42-45759D174009--HIC_Y3_Y4_part2/NA19909/raw_data/hic/NA19909-1_FC1_S54_L003_R1_001.fastq.gz', 's3://human-pangenomics/submissions/1005B25C-EAFA-40A7-AD42-45759D174009--HIC_Y3_Y4_part2/NA19909/raw_data/hic/NA19909-1_FC2_S54_L003_R1_001.fastq.gz', 's3://human-pangenomics/submissions/1005B25C-EAFA-40A7-AD42-45759D174009--HIC_Y3_Y4_part2/NA19909/raw_data/hic/NA19909-2_FC1_S56_L003_R1_001.fastq.gz', 's3://human-pangenomics/submissions/1005B25C-EAFA-40A7-AD42-45759D174009--HIC_Y3_Y4_part2/NA19909/raw_data/hic/NA19909-2_FC2_S56_L003_R1_001.fastq.gz', 's3://human-pangenomics/submissions/1005B25C-EAFA-40A7-AD42-45759D174009--HIC_Y3_Y4_part2/NA19909/raw_data/hic/NA19909-1_FC1_S54_L003_R2_001.fastq.gz', 's3://human-pangenomics/submissions/1005B25C-EAFA-40A7-AD42-45759D174009--HIC_Y3_Y4_part2/NA19909/raw_data/hic/NA19909-1_FC2_S54_L003_R2_001.fastq.gz', 's3://human-pangenomics/submissions/1005B25C-EAFA-40A7-AD42-45759D174009--HIC_Y3_Y4_part2/NA19909/raw_data/hic/NA19909-2_FC1_S56_L003_R2_001.fastq.gz', 's3://human-pangenomics/submissions/1005B25C-EAFA-40A7-AD42-45759D174009--HIC_Y3_Y4_part2/NA19909/raw_data/hic/NA19909-2_FC2_S56_L003_R2_001.fastq.gz']",76.92,"['s3://human-pangenomics/submissions/1005B25C-EAFA-40A7-AD42-45759D174009--HIC_Y3_Y4_part2/NA19909/raw_data/hic/NA19909-1_FC1_S54_L003_R1_001.fastq.gz', 's3://human-pangenomics/submissions/1005B25C-EAFA-40A7-AD42-45759D174009--HIC_Y3_Y4_part2/NA19909/raw_data/hic/NA19909-1_FC2_S54_L003_R1_001.fastq.gz', 's3://human-pangenomics/submissions/1005B25C-EAFA-40A7-AD42-45759D174009--HIC_Y3_Y4_part2/NA19909/raw_data/hic/NA19909-2_FC1_S56_L003_R1_001.fastq.gz', 's3://human-pangenomics/submissions/1005B25C-EAFA-40A7-AD42-45759D174009--HIC_Y3_Y4_part2/NA19909/raw_data/hic/NA19909-2_FC2_S56_L003_R1_001.fastq.gz']","['s3://human-pangenomics/submissions/1005B25C-EAFA-40A7-AD42-45759D174009--HIC_Y3_Y4_part2/NA19909/raw_data/hic/NA19909-1_FC1_S54_L003_R2_001.fastq.gz', 's3://human-pangenomics/submissions/1005B25C-EAFA-40A7-AD42-45759D174009--HIC_Y3_Y4_part2/NA19909/raw_data/hic/NA19909-1_FC2_S54_L003_R2_001.fastq.gz', 's3://human-pangenomics/submissions/1005B25C-EAFA-40A7-AD42-45759D174009--HIC_Y3_Y4_part2/NA19909/raw_data/hic/NA19909-2_FC1_S56_L003_R2_001.fastq.gz', 's3://human-pangenomics/submissions/1005B25C-EAFA-40A7-AD42-45759D174009--HIC_Y3_Y4_part2/NA19909/raw_data/hic/NA19909-2_FC2_S56_L003_R2_001.fastq.gz']",['s3://human-pangenomics/submissions/59C50DDF-5FAF-4841-AC3E-6C02D636C57F--Y4_1000G_DATA/NA19909.final.cram']
NA21144,False,60.0,3.02 Gbp,150.1 Mbp,34739.0,102.0,98.41 %,,,55.73,60.0,3.04 Gbp,152.1 Mbp,34743.0,100.0,98.41 %,,,55.78,11,SAMN41021649,HPRC,YR4,female,False,,,GIH,SAS,WashU,"['s3://human-pangenomics/working/HPRC/NA21144/raw_data/PacBio_HiFi/m84081_230629_184915_s1.hifi_reads.bc2018.bam', 's3://human-pangenomics/working/HPRC/NA21144/raw_data/PacBio_HiFi/m84081_230629_192021_s2.hifi_reads.bc2018.bam']",77,"['s3://human-pangenomics/working/HPRC/NA21144/raw_data/nanopore/dorado0.6.0_sup4.3.0_5mCG_5hmCG/01_23_24_R1041_HPRC_NA21144_1_dorado0.6.0_sup4.3.0_5mCG_5hmCG.bam', 's3://human-pangenomics/working/HPRC/NA21144/raw_data/nanopore/dorado0.6.0_sup4.3.0_5mCG_5hmCG/01_23_24_R1041_HPRC_NA21144_2_dorado0.6.0_sup4.3.0_5mCG_5hmCG.bam', 's3://human-pangenomics/working/HPRC/NA21144/raw_data/nanopore/dorado0.6.0_sup4.3.0_5mCG_5hmCG/12_05_23_R1041_HPRC_NA21144_1_dorado0.6.0_sup4.3.0_5mCG_5hmCG.bam', 's3://human-pangenomics/working/HPRC/NA21144/raw_data/nanopore/dorado0.6.0_sup4.3.0_5mCG_5hmCG/12_05_23_R1041_HPRC_NA21144_2_dorado0.6.0_sup4.3.0_5mCG_5hmCG.bam', 's3://human-pangenomics/working/HPRC/NA21144/raw_data/nanopore/dorado0.6.0_sup4.3.0_5mCG_5hmCG/12_05_23_R1041_HPRC_NA21144_3_dorado0.6.0_sup4.3.0_5mCG_5hmCG.bam']",35,"['s3://human-pangenomics/submissions/1005B25C-EAFA-40A7-AD42-45759D174009--HIC_Y3_Y4_part2/NA21144/raw_data/hic/NA21144-1_FC1_S45_L002_R1_001.fastq.gz', 's3://human-pangenomics/submissions/1005B25C-EAFA-40A7-AD42-45759D174009--HIC_Y3_Y4_part2/NA21144/raw_data/hic/NA21144-1_FC2_S45_L002_R1_001.fastq.gz', 's3://human-pangenomics/submissions/1005B25C-EAFA-40A7-AD42-45759D174009--HIC_Y3_Y4_part2/NA21144/raw_data/hic/NA21144-2_FC1_S46_L002_R1_001.fastq.gz', 's3://human-pangenomics/submissions/1005B25C-EAFA-40A7-AD42-45759D174009--HIC_Y3_Y4_part2/NA21144/raw_data/hic/NA21144-2_FC2_S46_L002_R1_001.fastq.gz', 's3://human-pangenomics/submissions/1005B25C-EAFA-40A7-AD42-45759D174009--HIC_Y3_Y4_part2/NA21144/raw_data/hic/NA21144-1_FC1_S45_L002_R2_001.fastq.gz', 's3://human-pangenomics/submissions/1005B25C-EAFA-40A7-AD42-45759D174009--HIC_Y3_Y4_part2/NA21144/raw_data/hic/NA21144-1_FC2_S45_L002_R2_001.fastq.gz', 's3://human-pangenomics/submissions/1005B25C-EAFA-40A7-AD42-45759D174009--HIC_Y3_Y4_part2/NA21144/raw_data/hic/NA21144-2_FC1_S46_L002_R2_001.fastq.gz', 's3://human-pangenomics/submissions/1005B25C-EAFA-40A7-AD42-45759D174009--HIC_Y3_Y4_part2/NA21144/raw_data/hic/NA21144-2_FC2_S46_L002_R2_001.fastq.gz']",88.54,"['s3://human-pangenomics/submissions/1005B25C-EAFA-40A7-AD42-45759D174009--HIC_Y3_Y4_part2/NA21144/raw_data/hic/NA21144-1_FC1_S45_L002_R1_001.fastq.gz', 's3://human-pangenomics/submissions/1005B25C-EAFA-40A7-AD42-45759D174009--HIC_Y3_Y4_part2/NA21144/raw_data/hic/NA21144-1_FC2_S45_L002_R1_001.fastq.gz', 's3://human-pangenomics/submissions/1005B25C-EAFA-40A7-AD42-45759D174009--HIC_Y3_Y4_part2/NA21144/raw_data/hic/NA21144-2_FC1_S46_L002_R1_001.fastq.gz', 's3://human-pangenomics/submissions/1005B25C-EAFA-40A7-AD42-45759D174009--HIC_Y3_Y4_part2/NA21144/raw_data/hic/NA21144-2_FC2_S46_L002_R1_001.fastq.gz']","['s3://human-pangenomics/submissions/1005B25C-EAFA-40A7-AD42-45759D174009--HIC_Y3_Y4_part2/NA21144/raw_data/hic/NA21144-1_FC1_S45_L002_R2_001.fastq.gz', 's3://human-pangenomics/submissions/1005B25C-EAFA-40A7-AD42-45759D174009--HIC_Y3_Y4_part2/NA21144/raw_data/hic/NA21144-1_FC2_S45_L002_R2_001.fastq.gz', 's3://human-pangenomics/submissions/1005B25C-EAFA-40A7-AD42-45759D174009--HIC_Y3_Y4_part2/NA21144/raw_data/hic/NA21144-2_FC1_S46_L002_R2_001.fastq.gz', 's3://human-pangenomics/submissions/1005B25C-EAFA-40A7-AD42-45759D174009--HIC_Y3_Y4_part2/NA21144/raw_data/hic/NA21144-2_FC2_S46_L002_R2_001.fastq.gz']",['s3://human-pangenomics/submissions/59C50DDF-5FAF-4841-AC3E-6C02D636C57F--Y4_1000G_DATA/NA21144.final.cram']
HG00097,False,,nan Gbp,nan Mbp,,,nan %,,,,,nan Gbp,nan Mbp,,,nan %,,,,11,SAMN41021660,HPRC,YR4,female,False,,,GBR,EUR,UW,"['s3://human-pangenomics/working/HPRC/HG00097/raw_data/PacBio_HiFi/m84046_230716_051716_s3.hifi_reads.bc2086.bam', 's3://human-pangenomics/working/HPRC/HG00097/raw_data/PacBio_HiFi/m84046_230716_054822_s4.hifi_reads.bc2086.bam', 's3://human-pangenomics/working/HPRC/HG00097/raw_data/PacBio_HiFi/m84046_230718_223822_s1.hifi_reads.bc2086.bam']",64,"['s3://human-pangenomics/working/HPRC/HG00097/raw_data/nanopore/dorado0.6.0_sup4.3.0_5mCG_5hmCG/10_31_23_R1041_HPRC_HG00097_1_dorado0.6.0_sup4.3.0_5mCG_5hmCG.bam', 's3://human-pangenomics/working/HPRC/HG00097/raw_data/nanopore/dorado0.6.0_sup4.3.0_5mCG_5hmCG/10_31_23_R1041_HPRC_HG00097_2_dorado0.6.0_sup4.3.0_5mCG_5hmCG.bam', 's3://human-pangenomics/working/HPRC/HG00097/raw_data/nanopore/dorado0.6.0_sup4.3.0_5mCG_5hmCG/10_31_23_R1041_HPRC_HG00097_3_dorado0.6.0_sup4.3.0_5mCG_5hmCG.bam']",25,"['s3://human-pangenomics/submissions/1005B25C-EAFA-40A7-AD42-45759D174009--HIC_Y3_Y4_part2/HG00097/raw_data/hic/HG00097-1_FC1_S5_L001_R1_001.fastq.gz', 's3://human-pangenomics/submissions/1005B25C-EAFA-40A7-AD42-45759D174009--HIC_Y3_Y4_part2/HG00097/raw_data/hic/HG00097-1_FC2_S5_L001_R1_001.fastq.gz', 's3://human-pangenomics/submissions/1005B25C-EAFA-40A7-AD42-45759D174009--HIC_Y3_Y4_part2/HG00097/raw_data/hic/HG00097-2_FC1_S6_L001_R1_001.fastq.gz', 's3://human-pangenomics/submissions/1005B25C-EAFA-40A7-AD42-45759D174009--HIC_Y3_Y4_part2/HG00097/raw_data/hic/HG00097-2_FC2_S6_L001_R1_001.fastq.gz', 's3://human-pangenomics/submissions/1005B25C-EAFA-40A7-AD42-45759D174009--HIC_Y3_Y4_part2/HG00097/raw_data/hic/HG00097-1_FC1_S5_L001_R2_001.fastq.gz', 's3://human-pangenomics/submissions/1005B25C-EAFA-40A7-AD42-45759D174009--HIC_Y3_Y4_part2/HG00097/raw_data/hic/HG00097-1_FC2_S5_L001_R2_001.fastq.gz', 's3://human-pangenomics/submissions/1005B25C-EAFA-40A7-AD42-45759D174009--HIC_Y3_Y4_part2/HG00097/raw_data/hic/HG00097-2_FC1_S6_L001_R2_001.fastq.gz', 's3://human-pangenomics/submissions/1005B25C-EAFA-40A7-AD42-45759D174009--HIC_Y3_Y4_part2/HG00097/raw_data/hic/HG00097-2_FC2_S6_L001_R2_001.fastq.gz']",87.12,"['s3://human-pangenomics/submissions/1005B25C-EAFA-40A7-AD42-45759D174009--HIC_Y3_Y4_part2/HG00097/raw_data/hic/HG00097-1_FC1_S5_L001_R1_001.fastq.gz', 's3://human-pangenomics/submissions/1005B25C-EAFA-40A7-AD42-45759D174009--HIC_Y3_Y4_part2/HG00097/raw_data/hic/HG00097-1_FC2_S5_L001_R1_001.fastq.gz', 's3://human-pangenomics/submissions/1005B25C-EAFA-40A7-AD42-45759D174009--HIC_Y3_Y4_part2/HG00097/raw_data/hic/HG00097-2_FC1_S6_L001_R1_001.fastq.gz', 's3://human-pangenomics/submissions/1005B25C-EAFA-40A7-AD42-45759D174009--HIC_Y3_Y4_part2/HG00097/raw_data/hic/HG00097-2_FC2_S6_L001_R1_001.fastq.gz']","['s3://human-pangenomics/submissions/1005B25C-EAFA-40A7-AD42-45759D174009--HIC_Y3_Y4_part2/HG00097/raw_data/hic/HG00097-1_FC1_S5_L001_R2_001.fastq.gz', 's3://human-pangenomics/submissions/1005B25C-EAFA-40A7-AD42-45759D174009--HIC_Y3_Y4_part2/HG00097/raw_data/hic/HG00097-1_FC2_S5_L001_R2_001.fastq.gz', 's3://human-pangenomics/submissions/1005B25C-EAFA-40A7-AD42-45759D174009--HIC_Y3_Y4_part2/HG00097/raw_data/hic/HG00097-2_FC1_S6_L001_R2_001.fastq.gz', 's3://human-pangenomics/submissions/1005B25C-EAFA-40A7-AD42-45759D174009--HIC_Y3_Y4_part2/HG00097/raw_data/hic/HG00097-2_FC2_S6_L001_R2_001.fastq.gz']",['s3://human-pangenomics/submissions/59C50DDF-5FAF-4841-AC3E-6C02D636C57F--Y4_1000G_DATA/HG00097.final.cram']
NA19776,False,,nan Gbp,nan Mbp,,,nan %,,,,,nan Gbp,nan Mbp,,,nan %,,,,11,SAMN41021610,HPRC,YR4,female,False,,,MXL,AMR,UW,"['s3://human-pangenomics/working/HPRC/NA19776/raw_data/PacBio_HiFi/m84046_230513_215634_s1.hifi_reads.bc2014.bam', 's3://human-pangenomics/working/HPRC/NA19776/raw_data/PacBio_HiFi/m84046_230516_205603_s2.hifi_reads.bc2014.bam', 's3://human-pangenomics/working/HPRC/NA19776/raw_data/PacBio_HiFi/m84046_230516_212709_s3.hifi_reads.bc2014.bam']",62,"['s3://human-pangenomics/working/HPRC/NA19776/raw_data/nanopore/dorado0.6.0_sup4.3.0_5mCG_5hmCG/10_24_23_R1041_HPRC_NA19776_1_dorado0.6.0_sup4.3.0_5mCG_5hmCG.bam', 's3://human-pangenomics/working/HPRC/NA19776/raw_data/nanopore/dorado0.6.0_sup4.3.0_5mCG_5hmCG/10_24_23_R1041_HPRC_NA19776_2_dorado0.6.0_sup4.3.0_5mCG_5hmCG.bam', 's3://human-pangenomics/working/HPRC/NA19776/raw_data/nanopore/dorado0.6.0_sup4.3.0_5mCG_5hmCG/10_24_23_R1041_HPRC_NA19776_3_dorado0.6.0_sup4.3.0_5mCG_5hmCG.bam']",34,"['s3://human-pangenomics/submissions/1005B25C-EAFA-40A7-AD42-45759D174009--HIC_Y3_Y4_part2/NA19776/raw_data/hic/NA19776-1_FC1_S60_L003_R1_001.fastq.gz', 's3://human-pangenomics/submissions/1005B25C-EAFA-40A7-AD42-45759D174009--HIC_Y3_Y4_part2/NA19776/raw_data/hic/NA19776-1_FC2_S60_L003_R1_001.fastq.gz', 's3://human-pangenomics/submissions/1005B25C-EAFA-40A7-AD42-45759D174009--HIC_Y3_Y4_part2/NA19776/raw_data/hic/NA19776-2_FC1_S63_L003_R1_001.fastq.gz', 's3://human-pangenomics/submissions/1005B25C-EAFA-40A7-AD42-45759D174009--HIC_Y3_Y4_part2/NA19776/raw_data/hic/NA19776-2_FC2_S63_L003_R1_001.fastq.gz', 's3://human-pangenomics/submissions/1005B25C-EAFA-40A7-AD42-45759D174009--HIC_Y3_Y4_part2/NA19776/raw_data/hic/NA19776-1_FC1_S60_L003_R2_001.fastq.gz', 's3://human-pangenomics/submissions/1005B25C-EAFA-40A7-AD42-45759D174009--HIC_Y3_Y4_part2/NA19776/raw_data/hic/NA19776-1_FC2_S60_L003_R2_001.fastq.gz', 's3://human-pangenomics/submissions/1005B25C-EAFA-40A7-AD42-45759D174009--HIC_Y3_Y4_part2/NA19776/raw_data/hic/NA19776-2_FC1_S63_L003_R2_001.fastq.gz', 's3://human-pangenomics/submissions/1005B25C-EAFA-40A7-AD42-45759D174009--HIC_Y3_Y4_part2/NA19776/raw_data/hic/NA19776-2_FC2_S63_L003_R2_001.fastq.gz']",92.28,"['s3://human-pangenomics/submissions/1005B25C-EAFA-40A7-AD42-45759D174009--HIC_Y3_Y4_part2/NA19776/raw_data/hic/NA19776-1_FC1_S60_L003_R1_001.fastq.gz', 's3://human-pangenomics/submissions/1005B25C-EAFA-40A7-AD42-45759D174009--HIC_Y3_Y4_part2/NA19776/raw_data/hic/NA19776-1_FC2_S60_L003_R1_001.fastq.gz', 's3://human-pangenomics/submissions/1005B25C-EAFA-40A7-AD42-45759D174009--HIC_Y3_Y4_part2/NA19776/raw_data/hic/NA19776-2_FC1_S63_L003_R1_001.fastq.gz', 's3://human-pangenomics/submissions/1005B25C-EAFA-40A7-AD42-45759D174009--HIC_Y3_Y4_part2/NA19776/raw_data/hic/NA19776-2_FC2_S63_L003_R1_001.fastq.gz']","['s3://human-pangenomics/submissions/1005B25C-EAFA-40A7-AD42-45759D174009--HIC_Y3_Y4_part2/NA19776/raw_data/hic/NA19776-1_FC1_S60_L003_R2_001.fastq.gz', 's3://human-pangenomics/submissions/1005B25C-EAFA-40A7-AD42-45759D174009--HIC_Y3_Y4_part2/NA19776/raw_data/hic/NA19776-1_FC2_S60_L003_R2_001.fastq.gz', 's3://human-pangenomics/submissions/1005B25C-EAFA-40A7-AD42-45759D174009--HIC_Y3_Y4_part2/NA19776/raw_data/hic/NA19776-2_FC1_S63_L003_R2_001.fastq.gz', 's3://human-pangenomics/submissions/1005B25C-EAFA-40A7-AD42-45759D174009--HIC_Y3_Y4_part2/NA19776/raw_data/hic/NA19776-2_FC2_S63_L003_R2_001.fastq.gz']",['s3://human-pangenomics/submissions/59C50DDF-5FAF-4841-AC3E-6C02D636C57F--Y4_1000G_DATA/NA19776.final.cram']
NA19835,False,,nan Gbp,nan Mbp,,,nan %,,,,,nan Gbp,nan Mbp,,,nan %,,,,11,SAMN41021665,HPRC,YR4,female,False,,,ASW,AFR,RU,"['s3://human-pangenomics/working/HPRC/NA19835/raw_data/PacBio_HiFi/m84091_230718_164204_s3.hifi_reads.bc1001.bam', 's3://human-pangenomics/working/HPRC/NA19835/raw_data/PacBio_HiFi/m84091_230724_160010_s2.hifi_reads.bc1001.bam', 's3://human-pangenomics/working/HPRC/NA19835/raw_data/PacBio_HiFi/m84091_230731_133332_s2.hifi_reads.bc1001.bam']",62,"['s3://human-pangenomics/working/HPRC/NA19835/raw_data/nanopore/dorado0.6.0_sup4.3.0_5mCG_5hmCG/10_31_23_R1041_HPRC_NA19835_1_dorado0.6.0_sup4.3.0_5mCG_5hmCG.bam', 's3://human-pangenomics/working/HPRC/NA19835/raw_data/nanopore/dorado0.6.0_sup4.3.0_5mCG_5hmCG/10_31_23_R1041_HPRC_NA19835_2_dorado0.6.0_sup4.3.0_5mCG_5hmCG.bam', 's3://human-pangenomics/working/HPRC/NA19835/raw_data/nanopore/dorado0.6.0_sup4.3.0_5mCG_5hmCG/10_31_23_R1041_HPRC_NA19835_3_dorado0.6.0_sup4.3.0_5mCG_5hmCG.bam']",37,"['s3://human-pangenomics/submissions/1005B25C-EAFA-40A7-AD42-45759D174009--HIC_Y3_Y4_part2/NA19835/raw_data/hic/NA19835-1_FC1_S1_L001_R1_001.fastq.gz', 's3://human-pangenomics/submissions/1005B25C-EAFA-40A7-AD42-45759D174009--HIC_Y3_Y4_part2/NA19835/raw_data/hic/NA19835-1_FC2_S1_L001_R1_001.fastq.gz', 's3://human-pangenomics/submissions/1005B25C-EAFA-40A7-AD42-45759D174009--HIC_Y3_Y4_part2/NA19835/raw_data/hic/NA19835-2_FC1_S2_L001_R1_001.fastq.gz', 's3://human-pangenomics/submissions/1005B25C-EAFA-40A7-AD42-45759D174009--HIC_Y3_Y4_part2/NA19835/raw_data/hic/NA19835-2_FC2_S2_L001_R1_001.fastq.gz', 's3://human-pangenomics/submissions/1005B25C-EAFA-40A7-AD42-45759D174009--HIC_Y3_Y4_part2/NA19835/raw_data/hic/NA19835-1_FC1_S1_L001_R2_001.fastq.gz', 's3://human-pangenomics/submissions/1005B25C-EAFA-40A7-AD42-45759D174009--HIC_Y3_Y4_part2/NA19835/raw_data/hic/NA19835-1_FC2_S1_L001_R2_001.fastq.gz', 's3://human-pangenomics/submissions/1005B25C-EAFA-40A7-AD42-45759D174009--HIC_Y3_Y4_part2/NA19835/raw_data/hic/NA19835-2_FC1_S2_L001_R2_001.fastq.gz', 's3://human-pangenomics/submissions/1005B25C-EAFA-40A7-AD42-45759D174009--HIC_Y3_Y4_part2/NA19835/raw_data/hic/NA19835-2_FC2_S2_L001_R2_001.fastq.gz']",98.92,"['s3://human-pangenomics/submissions/1005B25C-EAFA-40A7-AD42-45759D174009--HIC_Y3_Y4_part2/NA19835/raw_data/hic/NA19835-1_FC1_S1_L001_R1_001.fastq.gz', 's3://human-pangenomics/submissions/1005B25C-EAFA-40A7-AD42-45759D174009--HIC_Y3_Y4_part2/NA19835/raw_data/hic/NA19835-1_FC2_S1_L001_R1_001.fastq.gz', 's3://human-pangenomics/submissions/1005B25C-EAFA-40A7-AD42-45759D174009--HIC_Y3_Y4_part2/NA19835/raw_data/hic/NA19835-2_FC1_S2_L001_R1_001.fastq.gz', 's3://human-pangenomics/submissions/1005B25C-EAFA-40A7-AD42-45759D174009--HIC_Y3_Y4_part2/NA19835/raw_data/hic/NA19835-2_FC2_S2_L001_R1_001.fastq.gz']","['s3://human-pangenomics/submissions/1005B25C-EAFA-40A7-AD42-45759D174009--HIC_Y3_Y4_part2/NA19835/raw_data/hic/NA19835-1_FC1_S1_L001_R2_001.fastq.gz', 's3://human-pangenomics/submissions/1005B25C-EAFA-40A7-AD42-45759D174009--HIC_Y3_Y4_part2/NA19835/raw_data/hic/NA19835-1_FC2_S1_L001_R2_001.fastq.gz', 's3://human-pangenomics/submissions/1005B25C-EAFA-40A7-AD42-45759D174009--HIC_Y3_Y4_part2/NA19835/raw_data/hic/NA19835-2_FC1_S2_L001_R2_001.fastq.gz', 's3://human-pangenomics/submissions/1005B25C-EAFA-40A7-AD42-45759D174009--HIC_Y3_Y4_part2/NA19835/raw_data/hic/NA19835-2_FC2_S2_L001_R2_001.fastq.gz']",['s3://human-pangenomics/submissions/59C50DDF-5FAF-4841-AC3E-6C02D636C57F--Y4_1000G_DATA/NA19835.final.cram']
