sample_id,asm_hap1,asm_hap2,cenSatAnnotations_hap1,cenSatAnnotations_hap2,censat_diploid_bed,additional_annotations_array,read_files_downsampled,number_of_read_files_downsampled,total_coverage_downsampled,number_of_cores_per_task_downsampled,mapper_preset,kmer_size,read_files,number_of_read_files,total_coverage,coverage,number_of_cores_per_task,sequencing_chemistry,hmm_flagger_window_size,hmm_flagger_alpha_tsv,suffix_mapping
NA18522,s3://human-pangenomics/submissions/DC27718F-5F38-43B0-9A78-270F395F13E8--INT_ASM_PRODUCTION/NA18522/assemblies/freeze_2/NA18522_hap1_hprc_r2_v1.fa.gz,s3://human-pangenomics/submissions/DC27718F-5F38-43B0-9A78-270F395F13E8--INT_ASM_PRODUCTION/NA18522/assemblies/freeze_2/NA18522_hap2_hprc_r2_v1.fa.gz,/private/groups/hprc/qc/batch1/censat/NA18522_hap1/analysis/centromereAnnotation_outputs/5353d895-46c9-43a4-a462-f196a20a0436/NA18522_hap1_hprc_r2_v1.cenSat.bed,/private/groups/hprc/qc/batch1/censat/NA18522_hap2/analysis/centromereAnnotation_outputs/f74e6cca-3987-43aa-aed6-7af291237611/NA18522_hap2_hprc_r2_v1.cenSat.bed,/private/groups/hprc/qc_hmm_flagger/hprc_intermediate_assembly/assembly_qc/batch1/hmm_flagger/diploid_censat_beds/NA18522_dip_hprc_r2_v1.cenSat.bed,['/private/groups/hprc/qc_hmm_flagger/hprc_intermediate_assembly/assembly_qc/batch1/hmm_flagger/diploid_censat_beds/NA18522_dip_hprc_r2_v1.cenSat.rDNA.bed'],"['s3://human-pangenomics/working/HPRC/NA18522/raw_data/nanopore/guppy_6/05_17_22_R941_GM18522_2_Guppy_6.5.7_450bps_modbases_5mc_cg_sup_prom_pass.bam', 's3://human-pangenomics/working/HPRC/NA18522/raw_data/nanopore/guppy_6/05_17_22_R941_GM18522_1_Guppy_6.5.7_450bps_modbases_5mc_cg_sup_prom_pass.bam', 's3://human-pangenomics/working/HPRC/NA18522/raw_data/nanopore/guppy_6/05_17_22_R941_GM18522_3_Guppy_6.5.7_450bps_modbases_5mc_cg_sup_prom_pass.bam']",3,69.01,21,map-ont,15,"['s3://human-pangenomics/working/HPRC/NA18522/raw_data/nanopore/guppy_6/05_17_22_R941_GM18522_1_Guppy_6.5.7_450bps_modbases_5mc_cg_sup_prom_pass.bam', 's3://human-pangenomics/working/HPRC/NA18522/raw_data/nanopore/guppy_6/05_17_22_R941_GM18522_2_Guppy_6.5.7_450bps_modbases_5mc_cg_sup_prom_pass.bam', 's3://human-pangenomics/working/HPRC/NA18522/raw_data/nanopore/guppy_6/05_17_22_R941_GM18522_3_Guppy_6.5.7_450bps_modbases_5mc_cg_sup_prom_pass.bam']",3,69.01,"[23.22, 29.67, 16.12]",21,R941,16000,https://raw.githubusercontent.com/mobinasri/flagger/refs/heads/main/misc/alpha_tsv/ONT_R941_Guppy6.3.7/alpha_optimum_trunc_exp_gaussian_w_16000_n_50.ONT_R941_Guppy6.3.7_DEC_2024.v1.1.0.tsv,R941_minimap2_2.28
NA18747,s3://human-pangenomics/submissions/DC27718F-5F38-43B0-9A78-270F395F13E8--INT_ASM_PRODUCTION/NA18747/assemblies/freeze_2/NA18747_hap1_hprc_r2_v1.fa.gz,s3://human-pangenomics/submissions/DC27718F-5F38-43B0-9A78-270F395F13E8--INT_ASM_PRODUCTION/NA18747/assemblies/freeze_2/NA18747_hap2_hprc_r2_v1.fa.gz,/private/groups/hprc/qc/batch1/censat/NA18747_hap1/analysis/centromereAnnotation_outputs/9c392661-e1d8-43b9-aba9-fb58b83e9bd8/NA18747_hap1_hprc_r2_v1.cenSat.bed,/private/groups/hprc/qc/batch1/censat/NA18747_hap2/analysis/centromereAnnotation_outputs/a2432719-acc8-4192-981a-0dd094547619/NA18747_hap2_hprc_r2_v1.cenSat.bed,/private/groups/hprc/qc_hmm_flagger/hprc_intermediate_assembly/assembly_qc/batch1/hmm_flagger/diploid_censat_beds/NA18747_dip_hprc_r2_v1.cenSat.bed,['/private/groups/hprc/qc_hmm_flagger/hprc_intermediate_assembly/assembly_qc/batch1/hmm_flagger/diploid_censat_beds/NA18747_dip_hprc_r2_v1.cenSat.rDNA.bed'],"['s3://human-pangenomics/working/HPRC/NA18747/raw_data/nanopore/guppy_6/06_28_22_R941_GM18747_3_Guppy_6.5.7_450bps_modbases_5mc_cg_sup_prom_pass.bam', 's3://human-pangenomics/working/HPRC/NA18747/raw_data/nanopore/guppy_6/06_28_22_R941_GM18747_1_Guppy_6.5.7_450bps_modbases_5mc_cg_sup_prom_pass.bam', 's3://human-pangenomics/working/HPRC/NA18747/raw_data/nanopore/guppy_6/06_28_22_R941_GM18747_2_Guppy_6.5.7_450bps_modbases_5mc_cg_sup_prom_pass.bam']",3,75.12,21,map-ont,15,"['s3://human-pangenomics/working/HPRC/NA18747/raw_data/nanopore/guppy_6/06_28_22_R941_GM18747_2_Guppy_6.5.7_450bps_modbases_5mc_cg_sup_prom_pass.bam', 's3://human-pangenomics/working/HPRC/NA18747/raw_data/nanopore/guppy_6/06_28_22_R941_GM18747_3_Guppy_6.5.7_450bps_modbases_5mc_cg_sup_prom_pass.bam', 's3://human-pangenomics/working/HPRC/NA18747/raw_data/nanopore/guppy_6/06_28_22_R941_GM18747_1_Guppy_6.5.7_450bps_modbases_5mc_cg_sup_prom_pass.bam']",3,75.12,"[24.51, 26.08, 24.53]",21,R941,16000,https://raw.githubusercontent.com/mobinasri/flagger/refs/heads/main/misc/alpha_tsv/ONT_R941_Guppy6.3.7/alpha_optimum_trunc_exp_gaussian_w_16000_n_50.ONT_R941_Guppy6.3.7_DEC_2024.v1.1.0.tsv,R941_minimap2_2.28
NA18971,s3://human-pangenomics/submissions/DC27718F-5F38-43B0-9A78-270F395F13E8--INT_ASM_PRODUCTION/NA18971/assemblies/freeze_2/NA18971_hap1_hprc_r2_v1.fa.gz,s3://human-pangenomics/submissions/DC27718F-5F38-43B0-9A78-270F395F13E8--INT_ASM_PRODUCTION/NA18971/assemblies/freeze_2/NA18971_hap2_hprc_r2_v1.fa.gz,/private/groups/hprc/qc/batch1/censat/NA18971_hap1/analysis/centromereAnnotation_outputs/78c7cade-7072-4e4d-ab99-1f2bb1a8ece9/NA18971_hap1_hprc_r2_v1.cenSat.bed,/private/groups/hprc/qc/batch1/censat/NA18971_hap2/analysis/centromereAnnotation_outputs/a7d2b224-c94b-4048-8e69-211c4d528daa/NA18971_hap2_hprc_r2_v1.cenSat.bed,/private/groups/hprc/qc_hmm_flagger/hprc_intermediate_assembly/assembly_qc/batch1/hmm_flagger/diploid_censat_beds/NA18971_dip_hprc_r2_v1.cenSat.bed,['/private/groups/hprc/qc_hmm_flagger/hprc_intermediate_assembly/assembly_qc/batch1/hmm_flagger/diploid_censat_beds/NA18971_dip_hprc_r2_v1.cenSat.rDNA.bed'],"['s3://human-pangenomics/working/HPRC/NA18971/raw_data/nanopore/guppy_6/06_28_22_R941_GM18971_2_Guppy_6.5.7_450bps_modbases_5mc_cg_sup_prom_pass.bam', 's3://human-pangenomics/working/HPRC/NA18971/raw_data/nanopore/guppy_6/06_28_22_R941_GM18971_3_Guppy_6.5.7_450bps_modbases_5mc_cg_sup_prom_pass.bam', 's3://human-pangenomics/working/HPRC/NA18971/raw_data/nanopore/guppy_6/06_28_22_R941_GM18971_1_Guppy_6.5.7_450bps_modbases_5mc_cg_sup_prom_pass.bam']",3,79.88,21,map-ont,15,"['s3://human-pangenomics/working/HPRC/NA18971/raw_data/nanopore/guppy_6/06_28_22_R941_GM18971_1_Guppy_6.5.7_450bps_modbases_5mc_cg_sup_prom_pass.bam', 's3://human-pangenomics/working/HPRC/NA18971/raw_data/nanopore/guppy_6/06_28_22_R941_GM18971_2_Guppy_6.5.7_450bps_modbases_5mc_cg_sup_prom_pass.bam', 's3://human-pangenomics/working/HPRC/NA18971/raw_data/nanopore/guppy_6/06_28_22_R941_GM18971_3_Guppy_6.5.7_450bps_modbases_5mc_cg_sup_prom_pass.bam']",3,79.88,"[24.8, 28.49, 26.59]",21,R941,16000,https://raw.githubusercontent.com/mobinasri/flagger/refs/heads/main/misc/alpha_tsv/ONT_R941_Guppy6.3.7/alpha_optimum_trunc_exp_gaussian_w_16000_n_50.ONT_R941_Guppy6.3.7_DEC_2024.v1.1.0.tsv,R941_minimap2_2.28
NA18983,s3://human-pangenomics/submissions/DC27718F-5F38-43B0-9A78-270F395F13E8--INT_ASM_PRODUCTION/NA18983/assemblies/freeze_2/NA18983_hap1_hprc_r2_v1.fa.gz,s3://human-pangenomics/submissions/DC27718F-5F38-43B0-9A78-270F395F13E8--INT_ASM_PRODUCTION/NA18983/assemblies/freeze_2/NA18983_hap2_hprc_r2_v1.fa.gz,/private/groups/hprc/qc/batch1/censat/NA18983_hap1/analysis/centromereAnnotation_outputs/01a565fb-463f-4c5f-a845-c47a13b8af30/NA18983_hap1_hprc_r2_v1.cenSat.bed,/private/groups/hprc/qc/batch1/censat/NA18983_hap2/analysis/centromereAnnotation_outputs/c8fba9d3-81b1-456d-aa72-498e75cd574a/NA18983_hap2_hprc_r2_v1.cenSat.bed,/private/groups/hprc/qc_hmm_flagger/hprc_intermediate_assembly/assembly_qc/batch1/hmm_flagger/diploid_censat_beds/NA18983_dip_hprc_r2_v1.cenSat.bed,['/private/groups/hprc/qc_hmm_flagger/hprc_intermediate_assembly/assembly_qc/batch1/hmm_flagger/diploid_censat_beds/NA18983_dip_hprc_r2_v1.cenSat.rDNA.bed'],"['s3://human-pangenomics/working/HPRC/NA18983/raw_data/nanopore/guppy_6/06_28_22_R941_GM18983_3_Guppy_6.5.7_450bps_modbases_5mc_cg_sup_prom_pass.bam', 's3://human-pangenomics/working/HPRC/NA18983/raw_data/nanopore/guppy_6/06_28_22_R941_GM18983_2_Guppy_6.5.7_450bps_modbases_5mc_cg_sup_prom_pass.bam', 's3://human-pangenomics/working/HPRC/NA18983/raw_data/nanopore/guppy_6/06_28_22_R941_GM18983_1_Guppy_6.5.7_450bps_modbases_5mc_cg_sup_prom_pass.bam']",3,68.1,21,map-ont,15,"['s3://human-pangenomics/working/HPRC/NA18983/raw_data/nanopore/guppy_6/06_28_22_R941_GM18983_1_Guppy_6.5.7_450bps_modbases_5mc_cg_sup_prom_pass.bam', 's3://human-pangenomics/working/HPRC/NA18983/raw_data/nanopore/guppy_6/06_28_22_R941_GM18983_2_Guppy_6.5.7_450bps_modbases_5mc_cg_sup_prom_pass.bam', 's3://human-pangenomics/working/HPRC/NA18983/raw_data/nanopore/guppy_6/06_28_22_R941_GM18983_3_Guppy_6.5.7_450bps_modbases_5mc_cg_sup_prom_pass.bam']",3,68.1,"[18.63, 24.7, 24.77]",21,R941,16000,https://raw.githubusercontent.com/mobinasri/flagger/refs/heads/main/misc/alpha_tsv/ONT_R941_Guppy6.3.7/alpha_optimum_trunc_exp_gaussian_w_16000_n_50.ONT_R941_Guppy6.3.7_DEC_2024.v1.1.0.tsv,R941_minimap2_2.28
NA19043,s3://human-pangenomics/submissions/DC27718F-5F38-43B0-9A78-270F395F13E8--INT_ASM_PRODUCTION/NA19043/assemblies/freeze_2/NA19043_hap1_hprc_r2_v1.fa.gz,s3://human-pangenomics/submissions/DC27718F-5F38-43B0-9A78-270F395F13E8--INT_ASM_PRODUCTION/NA19043/assemblies/freeze_2/NA19043_hap2_hprc_r2_v1.fa.gz,/private/groups/hprc/qc/batch1/censat/NA19043_hap1/analysis/centromereAnnotation_outputs/76d4257b-fd93-4ade-bb8f-9d1b6f2f9789/NA19043_hap1_hprc_r2_v1.cenSat.bed,/private/groups/hprc/qc/batch1/censat/NA19043_hap2/analysis/centromereAnnotation_outputs/f3e4fe4f-dd7a-428b-abac-896dbfc30224/NA19043_hap2_hprc_r2_v1.cenSat.bed,/private/groups/hprc/qc_hmm_flagger/hprc_intermediate_assembly/assembly_qc/batch1/hmm_flagger/diploid_censat_beds/NA19043_dip_hprc_r2_v1.cenSat.bed,['/private/groups/hprc/qc_hmm_flagger/hprc_intermediate_assembly/assembly_qc/batch1/hmm_flagger/diploid_censat_beds/NA19043_dip_hprc_r2_v1.cenSat.rDNA.bed'],"['s3://human-pangenomics/working/HPRC/NA19043/raw_data/nanopore/guppy_6/09_27_2022_R941_GM19043_2_Guppy_6.5.7_450bps_modbases_5mc_cg_sup_prom_pass.bam', 's3://human-pangenomics/working/HPRC/NA19043/raw_data/nanopore/guppy_6/09_27_2022_R941_GM19043_3_Guppy_6.5.7_450bps_modbases_5mc_cg_sup_prom_pass.bam', 's3://human-pangenomics/working/HPRC/NA19043/raw_data/nanopore/guppy_6/09_27_2022_R941_GM19043_4_Guppy_6.5.7_450bps_modbases_5mc_cg_sup_prom_pass.bam']",3,60.08,21,map-ont,15,"['s3://human-pangenomics/working/HPRC/NA19043/raw_data/nanopore/guppy_6/09_27_2022_R941_GM19043_1_Guppy_6.5.7_450bps_modbases_5mc_cg_sup_prom_pass.bam', 's3://human-pangenomics/working/HPRC/NA19043/raw_data/nanopore/guppy_6/09_27_2022_R941_GM19043_2_Guppy_6.5.7_450bps_modbases_5mc_cg_sup_prom_pass.bam', 's3://human-pangenomics/working/HPRC/NA19043/raw_data/nanopore/guppy_6/09_27_2022_R941_GM19043_3_Guppy_6.5.7_450bps_modbases_5mc_cg_sup_prom_pass.bam', 's3://human-pangenomics/working/HPRC/NA19043/raw_data/nanopore/guppy_6/09_27_2022_R941_GM19043_4_Guppy_6.5.7_450bps_modbases_5mc_cg_sup_prom_pass.bam']",4,62.45,"[2.37, 21.36, 20.83, 17.89]",16,R941,16000,https://raw.githubusercontent.com/mobinasri/flagger/refs/heads/main/misc/alpha_tsv/ONT_R941_Guppy6.3.7/alpha_optimum_trunc_exp_gaussian_w_16000_n_50.ONT_R941_Guppy6.3.7_DEC_2024.v1.1.0.tsv,R941_minimap2_2.28
NA20905,s3://human-pangenomics/submissions/DC27718F-5F38-43B0-9A78-270F395F13E8--INT_ASM_PRODUCTION/NA20905/assemblies/freeze_2/NA20905_hap1_hprc_r2_v1.fa.gz,s3://human-pangenomics/submissions/DC27718F-5F38-43B0-9A78-270F395F13E8--INT_ASM_PRODUCTION/NA20905/assemblies/freeze_2/NA20905_hap2_hprc_r2_v1.fa.gz,/private/groups/hprc/qc/batch1/censat/NA20905_hap1/analysis/centromereAnnotation_outputs/b93f1862-2823-47c6-a17e-f7abc72847bd/NA20905_hap1_hprc_r2_v1.cenSat.bed,/private/groups/hprc/qc/batch1/censat/NA20905_hap2/analysis/centromereAnnotation_outputs/2cbc9acb-030f-4f1d-ba03-0a1730808daf/NA20905_hap2_hprc_r2_v1.cenSat.bed,/private/groups/hprc/qc_hmm_flagger/hprc_intermediate_assembly/assembly_qc/batch1/hmm_flagger/diploid_censat_beds/NA20905_dip_hprc_r2_v1.cenSat.bed,['/private/groups/hprc/qc_hmm_flagger/hprc_intermediate_assembly/assembly_qc/batch1/hmm_flagger/diploid_censat_beds/NA20905_dip_hprc_r2_v1.cenSat.rDNA.bed'],"['s3://human-pangenomics/working/HPRC/NA20905/raw_data/nanopore/guppy_6/09_27_2022_R941_GM20905_1_Guppy_6.5.7_450bps_modbases_5mc_cg_sup_prom_pass.bam', 's3://human-pangenomics/working/HPRC/NA20905/raw_data/nanopore/guppy_6/09_27_2022_R941_GM20905_3_Guppy_6.5.7_450bps_modbases_5mc_cg_sup_prom_pass.bam', 's3://human-pangenomics/working/HPRC/NA20905/raw_data/nanopore/guppy_6/09_27_2022_R941_GM20905_2_Guppy_6.5.7_450bps_modbases_5mc_cg_sup_prom_pass.bam']",3,60.55,21,map-ont,15,"['s3://human-pangenomics/working/HPRC/NA20905/raw_data/nanopore/guppy_6/09_27_2022_R941_GM20905_1_Guppy_6.5.7_450bps_modbases_5mc_cg_sup_prom_pass.bam', 's3://human-pangenomics/working/HPRC/NA20905/raw_data/nanopore/guppy_6/09_27_2022_R941_GM20905_2_Guppy_6.5.7_450bps_modbases_5mc_cg_sup_prom_pass.bam', 's3://human-pangenomics/working/HPRC/NA20905/raw_data/nanopore/guppy_6/09_27_2022_R941_GM20905_3_Guppy_6.5.7_450bps_modbases_5mc_cg_sup_prom_pass.bam']",3,60.55,"[21.22, 19.23, 20.1]",21,R941,16000,https://raw.githubusercontent.com/mobinasri/flagger/refs/heads/main/misc/alpha_tsv/ONT_R941_Guppy6.3.7/alpha_optimum_trunc_exp_gaussian_w_16000_n_50.ONT_R941_Guppy6.3.7_DEC_2024.v1.1.0.tsv,R941_minimap2_2.28
NA18570,s3://human-pangenomics/submissions/DC27718F-5F38-43B0-9A78-270F395F13E8--INT_ASM_PRODUCTION/NA18570/assemblies/freeze_2/NA18570_hap1_hprc_r2_v1.fa.gz,s3://human-pangenomics/submissions/DC27718F-5F38-43B0-9A78-270F395F13E8--INT_ASM_PRODUCTION/NA18570/assemblies/freeze_2/NA18570_hap2_hprc_r2_v1.fa.gz,/private/groups/hprc/qc/batch1/censat/NA18570_hap1/analysis/centromereAnnotation_outputs/6cb6f116-2b8b-4191-99ac-a41e858f1149/NA18570_hap1_hprc_r2_v1.cenSat.bed,/private/groups/hprc/qc/batch1/censat/NA18570_hap2/analysis/centromereAnnotation_outputs/2015503f-e8db-4865-bc49-142e6bf89a61/NA18570_hap2_hprc_r2_v1.cenSat.bed,/private/groups/hprc/qc_hmm_flagger/hprc_intermediate_assembly/assembly_qc/batch1/hmm_flagger/diploid_censat_beds/NA18570_dip_hprc_r2_v1.cenSat.bed,['/private/groups/hprc/qc_hmm_flagger/hprc_intermediate_assembly/assembly_qc/batch1/hmm_flagger/diploid_censat_beds/NA18570_dip_hprc_r2_v1.cenSat.rDNA.bed'],"['s3://human-pangenomics/working/HPRC/NA18570/raw_data/nanopore/guppy_6/08_10_22_R941_GM18570_2_Guppy_6.5.7_450bps_modbases_5mc_cg_sup_prom_pass.bam', 's3://human-pangenomics/working/HPRC/NA18570/raw_data/nanopore/guppy_6/08_10_22_R941_GM18570_1_Guppy_6.5.7_450bps_modbases_5mc_cg_sup_prom_pass.bam', 's3://human-pangenomics/working/HPRC/NA18570/raw_data/nanopore/guppy_6/08_10_22_R941_GM18570_3_Guppy_6.5.7_450bps_modbases_5mc_cg_sup_prom_pass.bam']",3,66.22,21,map-ont,15,"['s3://human-pangenomics/working/HPRC/NA18570/raw_data/nanopore/guppy_6/08_10_22_R941_GM18570_1_Guppy_6.5.7_450bps_modbases_5mc_cg_sup_prom_pass.bam', 's3://human-pangenomics/working/HPRC/NA18570/raw_data/nanopore/guppy_6/08_10_22_R941_GM18570_2_Guppy_6.5.7_450bps_modbases_5mc_cg_sup_prom_pass.bam', 's3://human-pangenomics/working/HPRC/NA18570/raw_data/nanopore/guppy_6/08_10_22_R941_GM18570_3_Guppy_6.5.7_450bps_modbases_5mc_cg_sup_prom_pass.bam']",3,66.22,"[23.54, 23.88, 18.8]",21,R941,16000,https://raw.githubusercontent.com/mobinasri/flagger/refs/heads/main/misc/alpha_tsv/ONT_R941_Guppy6.3.7/alpha_optimum_trunc_exp_gaussian_w_16000_n_50.ONT_R941_Guppy6.3.7_DEC_2024.v1.1.0.tsv,R941_minimap2_2.28
NA19087,s3://human-pangenomics/submissions/DC27718F-5F38-43B0-9A78-270F395F13E8--INT_ASM_PRODUCTION/NA19087/assemblies/freeze_2/NA19087_hap1_hprc_r2_v1.fa.gz,s3://human-pangenomics/submissions/DC27718F-5F38-43B0-9A78-270F395F13E8--INT_ASM_PRODUCTION/NA19087/assemblies/freeze_2/NA19087_hap2_hprc_r2_v1.fa.gz,/private/groups/hprc/qc/batch1/censat/NA19087_hap1/analysis/centromereAnnotation_outputs/d0d7241b-b0ef-45f7-a0dd-3b0d32bb0a34/NA19087_hap1_hprc_r2_v1.cenSat.bed,/private/groups/hprc/qc/batch1/censat/NA19087_hap2/analysis/centromereAnnotation_outputs/b585caef-1a7b-4d5e-a2a8-e6bb5b81a8dd/NA19087_hap2_hprc_r2_v1.cenSat.bed,/private/groups/hprc/qc_hmm_flagger/hprc_intermediate_assembly/assembly_qc/batch1/hmm_flagger/diploid_censat_beds/NA19087_dip_hprc_r2_v1.cenSat.bed,['/private/groups/hprc/qc_hmm_flagger/hprc_intermediate_assembly/assembly_qc/batch1/hmm_flagger/diploid_censat_beds/NA19087_dip_hprc_r2_v1.cenSat.rDNA.bed'],"['s3://human-pangenomics/working/HPRC/NA19087/raw_data/nanopore/guppy_6/09_14_22_R941_GM19087_3_Guppy_6.5.7_450bps_modbases_5mc_cg_sup_prom_pass.bam', 's3://human-pangenomics/working/HPRC/NA19087/raw_data/nanopore/guppy_6/09_14_22_R941_GM19087_1_Guppy_6.5.7_450bps_modbases_5mc_cg_sup_prom_pass.bam', 's3://human-pangenomics/working/HPRC/NA19087/raw_data/nanopore/guppy_6/09_14_22_R941_GM19087_2_Guppy_6.5.7_450bps_modbases_5mc_cg_sup_prom_pass.bam']",3,72.01,21,map-ont,15,"['s3://human-pangenomics/working/HPRC/NA19087/raw_data/nanopore/guppy_6/09_14_22_R941_GM19087_1_Guppy_6.5.7_450bps_modbases_5mc_cg_sup_prom_pass.bam', 's3://human-pangenomics/working/HPRC/NA19087/raw_data/nanopore/guppy_6/09_14_22_R941_GM19087_2_Guppy_6.5.7_450bps_modbases_5mc_cg_sup_prom_pass.bam', 's3://human-pangenomics/working/HPRC/NA19087/raw_data/nanopore/guppy_6/09_14_22_R941_GM19087_3_Guppy_6.5.7_450bps_modbases_5mc_cg_sup_prom_pass.bam']",3,72.01,"[23.91, 22.89, 25.21]",21,R941,16000,https://raw.githubusercontent.com/mobinasri/flagger/refs/heads/main/misc/alpha_tsv/ONT_R941_Guppy6.3.7/alpha_optimum_trunc_exp_gaussian_w_16000_n_50.ONT_R941_Guppy6.3.7_DEC_2024.v1.1.0.tsv,R941_minimap2_2.28
NA19185,s3://human-pangenomics/submissions/DC27718F-5F38-43B0-9A78-270F395F13E8--INT_ASM_PRODUCTION/NA19185/assemblies/freeze_2/NA19185_hap1_hprc_r2_v1.fa.gz,s3://human-pangenomics/submissions/DC27718F-5F38-43B0-9A78-270F395F13E8--INT_ASM_PRODUCTION/NA19185/assemblies/freeze_2/NA19185_hap2_hprc_r2_v1.fa.gz,/private/groups/hprc/qc/batch1/censat/NA19185_hap1/analysis/centromereAnnotation_outputs/89ed2ad0-9a77-4303-9696-d53e2bb97055/NA19185_hap1_hprc_r2_v1.cenSat.bed,/private/groups/hprc/qc/batch1/censat/NA19185_hap2/analysis/centromereAnnotation_outputs/376d84e9-c4b1-466a-9e16-95a05254b1d5/NA19185_hap2_hprc_r2_v1.cenSat.bed,/private/groups/hprc/qc_hmm_flagger/hprc_intermediate_assembly/assembly_qc/batch1/hmm_flagger/diploid_censat_beds/NA19185_dip_hprc_r2_v1.cenSat.bed,['/private/groups/hprc/qc_hmm_flagger/hprc_intermediate_assembly/assembly_qc/batch1/hmm_flagger/diploid_censat_beds/NA19185_dip_hprc_r2_v1.cenSat.rDNA.bed'],"['s3://human-pangenomics/working/HPRC/NA19185/raw_data/nanopore/guppy_6/08_10_22_R941_GM19185_3_Guppy_6.5.7_450bps_modbases_5mc_cg_sup_prom_pass.bam', 's3://human-pangenomics/working/HPRC/NA19185/raw_data/nanopore/guppy_6/08_10_22_R941_GM19185_1_Guppy_6.5.7_450bps_modbases_5mc_cg_sup_prom_pass.bam', 's3://human-pangenomics/working/HPRC/NA19185/raw_data/nanopore/guppy_6/08_10_22_R941_GM19185_2_Guppy_6.5.7_450bps_modbases_5mc_cg_sup_prom_pass.bam']",3,54.52,21,map-ont,15,"['s3://human-pangenomics/working/HPRC/NA19185/raw_data/nanopore/guppy_6/08_10_22_R941_GM19185_1_Guppy_6.5.7_450bps_modbases_5mc_cg_sup_prom_pass.bam', 's3://human-pangenomics/working/HPRC/NA19185/raw_data/nanopore/guppy_6/08_10_22_R941_GM19185_2_Guppy_6.5.7_450bps_modbases_5mc_cg_sup_prom_pass.bam', 's3://human-pangenomics/working/HPRC/NA19185/raw_data/nanopore/guppy_6/08_10_22_R941_GM19185_3_Guppy_6.5.7_450bps_modbases_5mc_cg_sup_prom_pass.bam']",3,54.52,"[18.49, 16.96, 19.07]",21,R941,16000,https://raw.githubusercontent.com/mobinasri/flagger/refs/heads/main/misc/alpha_tsv/ONT_R941_Guppy6.3.7/alpha_optimum_trunc_exp_gaussian_w_16000_n_50.ONT_R941_Guppy6.3.7_DEC_2024.v1.1.0.tsv,R941_minimap2_2.28
NA19338,s3://human-pangenomics/submissions/DC27718F-5F38-43B0-9A78-270F395F13E8--INT_ASM_PRODUCTION/NA19338/assemblies/freeze_2/NA19338_hap1_hprc_r2_v1.fa.gz,s3://human-pangenomics/submissions/DC27718F-5F38-43B0-9A78-270F395F13E8--INT_ASM_PRODUCTION/NA19338/assemblies/freeze_2/NA19338_hap2_hprc_r2_v1.fa.gz,/private/groups/hprc/qc/batch1/censat/NA19338_hap1/analysis/centromereAnnotation_outputs/67f9cff8-18c7-4555-8b7c-6c83cb6c9d1e/NA19338_hap1_hprc_r2_v1.cenSat.bed,/private/groups/hprc/qc/batch1/censat/NA19338_hap2/analysis/centromereAnnotation_outputs/ca32325a-eb6b-4f3f-bff3-c5a706669353/NA19338_hap2_hprc_r2_v1.cenSat.bed,/private/groups/hprc/qc_hmm_flagger/hprc_intermediate_assembly/assembly_qc/batch1/hmm_flagger/diploid_censat_beds/NA19338_dip_hprc_r2_v1.cenSat.bed,['/private/groups/hprc/qc_hmm_flagger/hprc_intermediate_assembly/assembly_qc/batch1/hmm_flagger/diploid_censat_beds/NA19338_dip_hprc_r2_v1.cenSat.rDNA.bed'],"['s3://human-pangenomics/working/HPRC/NA19338/raw_data/nanopore/guppy_6/05_24_22_R941_GM19338_2_Guppy_6.5.7_450bps_modbases_5mc_cg_sup_prom_pass.bam', 's3://human-pangenomics/working/HPRC/NA19338/raw_data/nanopore/guppy_6/05_24_22_R941_GM19338_1_Guppy_6.5.7_450bps_modbases_5mc_cg_sup_prom_pass.bam', 's3://human-pangenomics/working/HPRC/NA19338/raw_data/nanopore/guppy_6/05_24_22_R941_GM19338_3_Guppy_6.5.7_450bps_modbases_5mc_cg_sup_prom_pass.bam']",3,65.32,21,map-ont,15,"['s3://human-pangenomics/working/HPRC/NA19338/raw_data/nanopore/guppy_6/05_24_22_R941_GM19338_1_Guppy_6.5.7_450bps_modbases_5mc_cg_sup_prom_pass.bam', 's3://human-pangenomics/working/HPRC/NA19338/raw_data/nanopore/guppy_6/05_24_22_R941_GM19338_2_Guppy_6.5.7_450bps_modbases_5mc_cg_sup_prom_pass.bam', 's3://human-pangenomics/working/HPRC/NA19338/raw_data/nanopore/guppy_6/05_24_22_R941_GM19338_3_Guppy_6.5.7_450bps_modbases_5mc_cg_sup_prom_pass.bam']",3,65.32,"[20.21, 25.57, 19.54]",21,R941,16000,https://raw.githubusercontent.com/mobinasri/flagger/refs/heads/main/misc/alpha_tsv/ONT_R941_Guppy6.3.7/alpha_optimum_trunc_exp_gaussian_w_16000_n_50.ONT_R941_Guppy6.3.7_DEC_2024.v1.1.0.tsv,R941_minimap2_2.28
NA19391,s3://human-pangenomics/submissions/DC27718F-5F38-43B0-9A78-270F395F13E8--INT_ASM_PRODUCTION/NA19391/assemblies/freeze_2/NA19391_hap1_hprc_r2_v1.fa.gz,s3://human-pangenomics/submissions/DC27718F-5F38-43B0-9A78-270F395F13E8--INT_ASM_PRODUCTION/NA19391/assemblies/freeze_2/NA19391_hap2_hprc_r2_v1.fa.gz,/private/groups/hprc/qc/batch1/censat/NA19391_hap1/analysis/centromereAnnotation_outputs/6b56dc04-c627-4ae5-8d28-bab8e2bbb3a9/NA19391_hap1_hprc_r2_v1.cenSat.bed,/private/groups/hprc/qc/batch1/censat/NA19391_hap2/analysis/centromereAnnotation_outputs/0a2dfc06-40e7-47b8-b50e-0f3c13b34f41/NA19391_hap2_hprc_r2_v1.cenSat.bed,/private/groups/hprc/qc_hmm_flagger/hprc_intermediate_assembly/assembly_qc/batch1/hmm_flagger/diploid_censat_beds/NA19391_dip_hprc_r2_v1.cenSat.bed,['/private/groups/hprc/qc_hmm_flagger/hprc_intermediate_assembly/assembly_qc/batch1/hmm_flagger/diploid_censat_beds/NA19391_dip_hprc_r2_v1.cenSat.rDNA.bed'],"['s3://human-pangenomics/working/HPRC/NA19391/raw_data/nanopore/guppy_6/05_24_22_R941_GM19391_2_Guppy_6.5.7_450bps_modbases_5mc_cg_sup_prom_pass.bam', 's3://human-pangenomics/working/HPRC/NA19391/raw_data/nanopore/guppy_6/05_24_22_R941_GM19391_1_Guppy_6.5.7_450bps_modbases_5mc_cg_sup_prom_pass.bam', 's3://human-pangenomics/working/HPRC/NA19391/raw_data/nanopore/guppy_6/05_24_22_R941_GM19391_3_Guppy_6.5.7_450bps_modbases_5mc_cg_sup_prom_pass.bam']",3,81.87,21,map-ont,15,"['s3://human-pangenomics/working/HPRC/NA19391/raw_data/nanopore/guppy_6/05_24_22_R941_GM19391_1_Guppy_6.5.7_450bps_modbases_5mc_cg_sup_prom_pass.bam', 's3://human-pangenomics/working/HPRC/NA19391/raw_data/nanopore/guppy_6/05_24_22_R941_GM19391_2_Guppy_6.5.7_450bps_modbases_5mc_cg_sup_prom_pass.bam', 's3://human-pangenomics/working/HPRC/NA19391/raw_data/nanopore/guppy_6/05_24_22_R941_GM19391_3_Guppy_6.5.7_450bps_modbases_5mc_cg_sup_prom_pass.bam']",3,81.87,"[27.12, 29.12, 25.63]",21,R941,16000,https://raw.githubusercontent.com/mobinasri/flagger/refs/heads/main/misc/alpha_tsv/ONT_R941_Guppy6.3.7/alpha_optimum_trunc_exp_gaussian_w_16000_n_50.ONT_R941_Guppy6.3.7_DEC_2024.v1.1.0.tsv,R941_minimap2_2.28
NA19468,s3://human-pangenomics/submissions/DC27718F-5F38-43B0-9A78-270F395F13E8--INT_ASM_PRODUCTION/NA19468/assemblies/freeze_2/NA19468_hap1_hprc_r2_v1.fa.gz,s3://human-pangenomics/submissions/DC27718F-5F38-43B0-9A78-270F395F13E8--INT_ASM_PRODUCTION/NA19468/assemblies/freeze_2/NA19468_hap2_hprc_r2_v1.fa.gz,/private/groups/hprc/qc/batch1/censat/NA19468_hap1/analysis/centromereAnnotation_outputs/39c3fa07-7609-46b4-b931-29a5968d701d/NA19468_hap1_hprc_r2_v1.cenSat.bed,/private/groups/hprc/qc/batch1/censat/NA19468_hap2/analysis/centromereAnnotation_outputs/9c0cf821-3b0f-4107-bdb1-a8f3b3bf4b3e/NA19468_hap2_hprc_r2_v1.cenSat.bed,/private/groups/hprc/qc_hmm_flagger/hprc_intermediate_assembly/assembly_qc/batch1/hmm_flagger/diploid_censat_beds/NA19468_dip_hprc_r2_v1.cenSat.bed,['/private/groups/hprc/qc_hmm_flagger/hprc_intermediate_assembly/assembly_qc/batch1/hmm_flagger/diploid_censat_beds/NA19468_dip_hprc_r2_v1.cenSat.rDNA.bed'],"['s3://human-pangenomics/working/HPRC/NA19468/raw_data/nanopore/guppy_6/05_24_22_R941_GM19468_1_Guppy_6.5.7_450bps_modbases_5mc_cg_sup_prom_pass.bam', 's3://human-pangenomics/working/HPRC/NA19468/raw_data/nanopore/guppy_6/05_24_22_R941_GM19468_2_Guppy_6.5.7_450bps_modbases_5mc_cg_sup_prom_pass.bam', 's3://human-pangenomics/working/HPRC/NA19468/raw_data/nanopore/guppy_6/05_24_22_R941_GM19468_3_Guppy_6.5.7_450bps_modbases_5mc_cg_sup_prom_pass.bam']",3,78.16,21,map-ont,15,"['s3://human-pangenomics/working/HPRC/NA19468/raw_data/nanopore/guppy_6/05_24_22_R941_GM19468_1_Guppy_6.5.7_450bps_modbases_5mc_cg_sup_prom_pass.bam', 's3://human-pangenomics/working/HPRC/NA19468/raw_data/nanopore/guppy_6/05_24_22_R941_GM19468_2_Guppy_6.5.7_450bps_modbases_5mc_cg_sup_prom_pass.bam', 's3://human-pangenomics/working/HPRC/NA19468/raw_data/nanopore/guppy_6/05_24_22_R941_GM19468_3_Guppy_6.5.7_450bps_modbases_5mc_cg_sup_prom_pass.bam']",3,78.16,"[26.98, 25.61, 25.57]",21,R941,16000,https://raw.githubusercontent.com/mobinasri/flagger/refs/heads/main/misc/alpha_tsv/ONT_R941_Guppy6.3.7/alpha_optimum_trunc_exp_gaussian_w_16000_n_50.ONT_R941_Guppy6.3.7_DEC_2024.v1.1.0.tsv,R941_minimap2_2.28
NA20805,s3://human-pangenomics/submissions/DC27718F-5F38-43B0-9A78-270F395F13E8--INT_ASM_PRODUCTION/NA20805/assemblies/freeze_2/NA20805_hap1_hprc_r2_v1.fa.gz,s3://human-pangenomics/submissions/DC27718F-5F38-43B0-9A78-270F395F13E8--INT_ASM_PRODUCTION/NA20805/assemblies/freeze_2/NA20805_hap2_hprc_r2_v1.fa.gz,/private/groups/hprc/qc/batch1/censat/NA20805_hap1/analysis/centromereAnnotation_outputs/1550bebf-252f-4102-8a50-a4d15a562281/NA20805_hap1_hprc_r2_v1.cenSat.bed,/private/groups/hprc/qc/batch1/censat/NA20805_hap2/analysis/centromereAnnotation_outputs/f6158de2-faf3-4a18-b528-8329075082b1/NA20805_hap2_hprc_r2_v1.cenSat.bed,/private/groups/hprc/qc_hmm_flagger/hprc_intermediate_assembly/assembly_qc/batch1/hmm_flagger/diploid_censat_beds/NA20805_dip_hprc_r2_v1.cenSat.bed,['/private/groups/hprc/qc_hmm_flagger/hprc_intermediate_assembly/assembly_qc/batch1/hmm_flagger/diploid_censat_beds/NA20805_dip_hprc_r2_v1.cenSat.rDNA.bed'],"['s3://human-pangenomics/working/HPRC/NA20805/raw_data/nanopore/guppy_6/08_10_22_R941_GM20805_2_Guppy_6.5.7_450bps_modbases_5mc_cg_sup_prom_pass.bam', 's3://human-pangenomics/working/HPRC/NA20805/raw_data/nanopore/guppy_6/08_10_22_R941_GM20805_3_Guppy_6.5.7_450bps_modbases_5mc_cg_sup_prom_pass.bam', 's3://human-pangenomics/working/HPRC/NA20805/raw_data/nanopore/guppy_6/08_10_22_R941_GM20805_4_Guppy_6.5.7_450bps_modbases_5mc_cg_sup_prom_pass.bam', 's3://human-pangenomics/working/HPRC/NA20805/raw_data/nanopore/guppy_6/08_10_22_R941_GM20805_1_Guppy_6.5.7_450bps_modbases_5mc_cg_sup_prom_pass.bam']",4,49.43,16,map-ont,15,"['s3://human-pangenomics/working/HPRC/NA20805/raw_data/nanopore/guppy_6/08_10_22_R941_GM20805_1_Guppy_6.5.7_450bps_modbases_5mc_cg_sup_prom_pass.bam', 's3://human-pangenomics/working/HPRC/NA20805/raw_data/nanopore/guppy_6/08_10_22_R941_GM20805_2_Guppy_6.5.7_450bps_modbases_5mc_cg_sup_prom_pass.bam', 's3://human-pangenomics/working/HPRC/NA20805/raw_data/nanopore/guppy_6/08_10_22_R941_GM20805_3_Guppy_6.5.7_450bps_modbases_5mc_cg_sup_prom_pass.bam', 's3://human-pangenomics/working/HPRC/NA20805/raw_data/nanopore/guppy_6/08_10_22_R941_GM20805_4_Guppy_6.5.7_450bps_modbases_5mc_cg_sup_prom_pass.bam']",4,49.43,"[5.16, 18.88, 15.28, 10.11]",16,R941,16000,https://raw.githubusercontent.com/mobinasri/flagger/refs/heads/main/misc/alpha_tsv/ONT_R941_Guppy6.3.7/alpha_optimum_trunc_exp_gaussian_w_16000_n_50.ONT_R941_Guppy6.3.7_DEC_2024.v1.1.0.tsv,R941_minimap2_2.28
