sample_id,hap1_aws_fasta,hap2_aws_fasta,hap1_gcp_fasta,hap2_gcp_fasta,hap1_fasta_sha256,hap2_fasta_sha256,cenSatAnnotations_hap1,cenSatAnnotations_hap2,censat_diploid_bed,additional_annotations_array,read_files_downsampled,number_of_read_files_downsampled,total_coverage_downsampled,number_of_cores_per_task_downsampled,mapper_preset,kmer_size,read_files,number_of_read_files,total_coverage,coverage,number_of_cores_per_task,sequencing_chemistry,hmm_flagger_window_size,hmm_flagger_alpha_tsv
HG00438,s3://human-pangenomics/working/HPRC/HG00438/assemblies/year1_f1_assembly_v2_genbank/HG00438.paternal.f1_assembly_v2_genbank.fa.gz,s3://human-pangenomics/working/HPRC/HG00438/assemblies/year1_f1_assembly_v2_genbank/HG00438.maternal.f1_assembly_v2_genbank.fa.gz,gs://fc-4310e737-a388-4a10-8c9e-babe06aaf0cf/working/HPRC/HG00438/assemblies/year1_f1_assembly_v2_genbank/HG00438.paternal.f1_assembly_v2_genbank.fa.gz,gs://fc-4310e737-a388-4a10-8c9e-babe06aaf0cf/working/HPRC/HG00438/assemblies/year1_f1_assembly_v2_genbank/HG00438.maternal.f1_assembly_v2_genbank.fa.gz,a5840157a6995c5fbc08698e52b614fbdf6f57a7245db944edb328a0b3e23ff8,ca307e58dfba48336dd3a05d0ea59b87e3383a5a8c839e5b7c6e7ab6178d58ea,/private/groups/hprc/qc_hmm_flagger/hprc_intermediate_assembly/assembly_qc/hprc_r1/censat/runs_toil_slurm/HG00438_paternal/analysis/centromereAnnotation_customized_hprc_r1_outputs/HG00438.paternal.f1_assembly_v2_genbank_rm.cenSat.bed,/private/groups/hprc/qc_hmm_flagger/hprc_intermediate_assembly/assembly_qc/hprc_r1/censat/runs_toil_slurm/HG00438_maternal/analysis/centromereAnnotation_customized_hprc_r1_outputs/HG00438.maternal.f1_assembly_v2_genbank_rm.cenSat.bed,/private/groups/hprc/qc_hmm_flagger/hprc_intermediate_assembly/assembly_qc/hprc_r1/hmm_flagger/diploid_censat_beds/HG00438_dip_hprc_r1.cenSat.bed,['/private/groups/hprc/qc_hmm_flagger/hprc_intermediate_assembly/assembly_qc/hprc_r1/hmm_flagger/diploid_censat_beds/HG00438_dip_hprc_r1.cenSat.rDNA.bed'],"['s3://human-pangenomics/working/HPRC/HG00438/raw_data/nanopore/guppy_6/HG00438_PAM61591_Guppy_6.5.7_450bps_modbases_5mc_cg_sup_prom_pass.bam', 's3://human-pangenomics/working/HPRC/HG00438/raw_data/nanopore/guppy_6/HG00438_PAM57552_Guppy_6.5.7_450bps_modbases_5mc_cg_sup_prom_pass.bam', 's3://human-pangenomics/working/HPRC/HG00438/raw_data/nanopore/guppy_6/HG00438_PAM53001_Guppy_6.5.7_450bps_modbases_5mc_cg_sup_prom_pass.bam', 's3://human-pangenomics/working/HPRC/HG00438/raw_data/nanopore/guppy_6/HG00438_PAK20493_Guppy_6.5.7_450bps_modbases_5mc_cg_sup_prom_pass.bam']",4,68.54,16,map-ont,15,"['s3://human-pangenomics/working/HPRC/HG00438/raw_data/nanopore/guppy_6/HG00438_1_Guppy_6.5.7_450bps_modbases_5mc_cg_sup_prom_pass.bam', 's3://human-pangenomics/working/HPRC/HG00438/raw_data/nanopore/guppy_6/HG00438_3_Guppy_6.5.7_450bps_modbases_5mc_cg_sup_prom_pass.bam', 's3://human-pangenomics/working/HPRC/HG00438/raw_data/nanopore/guppy_6/HG00438_5_Guppy_6.5.7_450bps_modbases_5mc_cg_sup_prom_pass.bam', 's3://human-pangenomics/working/HPRC/HG00438/raw_data/nanopore/guppy_6/HG00438_PAK20493_Guppy_6.5.7_450bps_modbases_5mc_cg_sup_prom_pass.bam', 's3://human-pangenomics/working/HPRC/HG00438/raw_data/nanopore/guppy_6/HG00438_PAM33067_Guppy_6.5.7_450bps_modbases_5mc_cg_sup_prom_pass.bam', 's3://human-pangenomics/working/HPRC/HG00438/raw_data/nanopore/guppy_6/HG00438_PAM53001_Guppy_6.5.7_450bps_modbases_5mc_cg_sup_prom_pass.bam', 's3://human-pangenomics/working/HPRC/HG00438/raw_data/nanopore/guppy_6/HG00438_PAM54620_Guppy_6.5.7_450bps_modbases_5mc_cg_sup_prom_pass.bam', 's3://human-pangenomics/working/HPRC/HG00438/raw_data/nanopore/guppy_6/HG00438_PAM54727_Guppy_6.5.7_450bps_modbases_5mc_cg_sup_prom_pass.bam', 's3://human-pangenomics/working/HPRC/HG00438/raw_data/nanopore/guppy_6/HG00438_PAM57552_Guppy_6.5.7_450bps_modbases_5mc_cg_sup_prom_pass.bam', 's3://human-pangenomics/working/HPRC/HG00438/raw_data/nanopore/guppy_6/HG00438_PAM61591_Guppy_6.5.7_450bps_modbases_5mc_cg_sup_prom_pass.bam']",10,136.65,"[11.58, 10.73, 12.37, 13.42, 8.81, 16.42, 12.12, 12.5, 19.3, 19.4]",6,R941,16000,https://raw.githubusercontent.com/mobinasri/flagger/refs/heads/main/misc/alpha_tsv/ONT_R941_Guppy6.3.7/alpha_optimum_trunc_exp_gaussian_w_16000_n_50.ONT_R941_Guppy6.3.7_DEC_2024.v1.1.0.tsv
HG00621,s3://human-pangenomics/working/HPRC/HG00621/assemblies/year1_f1_assembly_v2_genbank/HG00621.paternal.f1_assembly_v2_genbank.fa.gz,s3://human-pangenomics/working/HPRC/HG00621/assemblies/year1_f1_assembly_v2_genbank/HG00621.maternal.f1_assembly_v2_genbank.fa.gz,gs://fc-4310e737-a388-4a10-8c9e-babe06aaf0cf/working/HPRC/HG00621/assemblies/year1_f1_assembly_v2_genbank/HG00621.paternal.f1_assembly_v2_genbank.fa.gz,gs://fc-4310e737-a388-4a10-8c9e-babe06aaf0cf/working/HPRC/HG00621/assemblies/year1_f1_assembly_v2_genbank/HG00621.maternal.f1_assembly_v2_genbank.fa.gz,bb7d30232f423cabf8d2ebf7443d15aa42bdbfe826424e89ac5f0ee33b0bc780,1180dda57e968c6f9cf1902981038141f0905b395d44ea9a068131891d22e353,/private/groups/hprc/qc_hmm_flagger/hprc_intermediate_assembly/assembly_qc/hprc_r1/censat/runs_toil_slurm/HG00621_paternal/analysis/centromereAnnotation_customized_hprc_r1_outputs/HG00621.paternal.f1_assembly_v2_genbank_rm.cenSat.bed,/private/groups/hprc/qc_hmm_flagger/hprc_intermediate_assembly/assembly_qc/hprc_r1/censat/runs_toil_slurm/HG00621_maternal/analysis/centromereAnnotation_customized_hprc_r1_outputs/HG00621.maternal.f1_assembly_v2_genbank_rm.cenSat.bed,/private/groups/hprc/qc_hmm_flagger/hprc_intermediate_assembly/assembly_qc/hprc_r1/hmm_flagger/diploid_censat_beds/HG00621_dip_hprc_r1.cenSat.bed,['/private/groups/hprc/qc_hmm_flagger/hprc_intermediate_assembly/assembly_qc/hprc_r1/hmm_flagger/diploid_censat_beds/HG00621_dip_hprc_r1.cenSat.rDNA.bed'],"['s3://human-pangenomics/working/HPRC/HG00621/raw_data/nanopore/guppy_6/03_14_23_R941_HG00621_1_Guppy_6.5.7_450bps_modbases_5mc_cg_sup_prom_pass.bam', 's3://human-pangenomics/working/HPRC/HG00621/raw_data/nanopore/guppy_6/03_14_23_R941_HG00621_2_Guppy_6.5.7_450bps_modbases_5mc_cg_sup_prom_pass.bam', 's3://human-pangenomics/working/HPRC/HG00621/raw_data/nanopore/guppy_6/HG00621_1_Guppy_6.5.7_450bps_modbases_5mc_cg_sup_prom_pass.bam', 's3://human-pangenomics/working/HPRC/HG00621/raw_data/nanopore/guppy_6/HG00621_5_Guppy_6.5.7_450bps_modbases_5mc_cg_sup_prom_pass.bam']",4,60.64,16,map-ont,15,"['s3://human-pangenomics/working/HPRC/HG00621/raw_data/nanopore/guppy_6/03_14_23_R941_HG00621_1_Guppy_6.5.7_450bps_modbases_5mc_cg_sup_prom_pass.bam', 's3://human-pangenomics/working/HPRC/HG00621/raw_data/nanopore/guppy_6/03_14_23_R941_HG00621_2_Guppy_6.5.7_450bps_modbases_5mc_cg_sup_prom_pass.bam', 's3://human-pangenomics/working/HPRC/HG00621/raw_data/nanopore/guppy_6/HG00621_1_Guppy_6.5.7_450bps_modbases_5mc_cg_sup_prom_pass.bam', 's3://human-pangenomics/working/HPRC/HG00621/raw_data/nanopore/guppy_6/HG00621_3_Guppy_6.5.7_450bps_modbases_5mc_cg_sup_prom_pass.bam', 's3://human-pangenomics/working/HPRC/HG00621/raw_data/nanopore/guppy_6/HG00621_5_Guppy_6.5.7_450bps_modbases_5mc_cg_sup_prom_pass.bam']",5,66.23,"[20.57, 18.99, 13.75, 5.59, 7.33]",12,R941,16000,https://raw.githubusercontent.com/mobinasri/flagger/refs/heads/main/misc/alpha_tsv/ONT_R941_Guppy6.3.7/alpha_optimum_trunc_exp_gaussian_w_16000_n_50.ONT_R941_Guppy6.3.7_DEC_2024.v1.1.0.tsv
HG00673,s3://human-pangenomics/working/HPRC/HG00673/assemblies/year1_f1_assembly_v2_genbank/HG00673.paternal.f1_assembly_v2_genbank.fa.gz,s3://human-pangenomics/working/HPRC/HG00673/assemblies/year1_f1_assembly_v2_genbank/HG00673.maternal.f1_assembly_v2_genbank.fa.gz,gs://fc-4310e737-a388-4a10-8c9e-babe06aaf0cf/working/HPRC/HG00673/assemblies/year1_f1_assembly_v2_genbank/HG00673.paternal.f1_assembly_v2_genbank.fa.gz,gs://fc-4310e737-a388-4a10-8c9e-babe06aaf0cf/working/HPRC/HG00673/assemblies/year1_f1_assembly_v2_genbank/HG00673.maternal.f1_assembly_v2_genbank.fa.gz,9650cdb2f090bb94dcb81d0cf9be27e2565de0489dc0d736e5d139c76f564f78,0eef54ceca964b5a65c046529e5e433f0cb1a19d6d8a19485a292ae763e6a96c,/private/groups/hprc/qc_hmm_flagger/hprc_intermediate_assembly/assembly_qc/hprc_r1/censat/runs_toil_slurm/HG00673_paternal/analysis/centromereAnnotation_customized_hprc_r1_outputs/HG00673.paternal.f1_assembly_v2_genbank_rm.cenSat.bed,/private/groups/hprc/qc_hmm_flagger/hprc_intermediate_assembly/assembly_qc/hprc_r1/censat/runs_toil_slurm/HG00673_maternal/analysis/centromereAnnotation_customized_hprc_r1_outputs/HG00673.maternal.f1_assembly_v2_genbank_rm.cenSat.bed,/private/groups/hprc/qc_hmm_flagger/hprc_intermediate_assembly/assembly_qc/hprc_r1/hmm_flagger/diploid_censat_beds/HG00673_dip_hprc_r1.cenSat.bed,['/private/groups/hprc/qc_hmm_flagger/hprc_intermediate_assembly/assembly_qc/hprc_r1/hmm_flagger/diploid_censat_beds/HG00673_dip_hprc_r1.cenSat.rDNA.bed'],"['s3://human-pangenomics/working/HPRC/HG00673/raw_data/nanopore/guppy_6/1_11_23_R941_HG00673_1_Guppy_6.5.7_450bps_modbases_5mc_cg_sup_prom_pass.bam', 's3://human-pangenomics/working/HPRC/HG00673/raw_data/nanopore/guppy_6/1_11_23_R941_HG00673_2_Guppy_6.5.7_450bps_modbases_5mc_cg_sup_prom_pass.bam', 's3://human-pangenomics/working/HPRC/HG00673/raw_data/nanopore/guppy_6/HG00673_3_Guppy_6.5.7_450bps_modbases_5mc_cg_sup_prom_pass.bam', 's3://human-pangenomics/working/HPRC/HG00673/raw_data/nanopore/guppy_6/HG00673_1_Guppy_6.5.7_450bps_modbases_5mc_cg_sup_prom_pass.bam', 's3://human-pangenomics/working/HPRC/HG00673/raw_data/nanopore/guppy_6/HG00673_5_Guppy_6.5.7_450bps_modbases_5mc_cg_sup_prom_pass.bam']",5,61.89,12,map-ont,15,"['s3://human-pangenomics/working/HPRC/HG00673/raw_data/nanopore/guppy_6/1_11_23_R941_HG00673_1_Guppy_6.5.7_450bps_modbases_5mc_cg_sup_prom_pass.bam', 's3://human-pangenomics/working/HPRC/HG00673/raw_data/nanopore/guppy_6/1_11_23_R941_HG00673_2_Guppy_6.5.7_450bps_modbases_5mc_cg_sup_prom_pass.bam', 's3://human-pangenomics/working/HPRC/HG00673/raw_data/nanopore/guppy_6/HG00673_1_Guppy_6.5.7_450bps_modbases_5mc_cg_sup_prom_pass.bam', 's3://human-pangenomics/working/HPRC/HG00673/raw_data/nanopore/guppy_6/HG00673_3_Guppy_6.5.7_450bps_modbases_5mc_cg_sup_prom_pass.bam', 's3://human-pangenomics/working/HPRC/HG00673/raw_data/nanopore/guppy_6/HG00673_5_Guppy_6.5.7_450bps_modbases_5mc_cg_sup_prom_pass.bam']",5,61.89,"[17.46, 15.78, 9.64, 10.33, 8.68]",12,R941,16000,https://raw.githubusercontent.com/mobinasri/flagger/refs/heads/main/misc/alpha_tsv/ONT_R941_Guppy6.3.7/alpha_optimum_trunc_exp_gaussian_w_16000_n_50.ONT_R941_Guppy6.3.7_DEC_2024.v1.1.0.tsv
HG00735,s3://human-pangenomics/working/HPRC/HG00735/assemblies/year1_f1_assembly_v2_genbank/HG00735.paternal.f1_assembly_v2_genbank.fa.gz,s3://human-pangenomics/working/HPRC/HG00735/assemblies/year1_f1_assembly_v2_genbank/HG00735.maternal.f1_assembly_v2_genbank.fa.gz,gs://fc-4310e737-a388-4a10-8c9e-babe06aaf0cf/working/HPRC/HG00735/assemblies/year1_f1_assembly_v2_genbank/HG00735.paternal.f1_assembly_v2_genbank.fa.gz,gs://fc-4310e737-a388-4a10-8c9e-babe06aaf0cf/working/HPRC/HG00735/assemblies/year1_f1_assembly_v2_genbank/HG00735.maternal.f1_assembly_v2_genbank.fa.gz,117cd1556d9b9ea796e29b30db2cb4c6e77e90c9f9b1c074720cc4671403fb79,fdde1ce9c6f27c8d963eef5228ca657c65e89f95ece8947d06fca358ade18a39,/private/groups/hprc/qc_hmm_flagger/hprc_intermediate_assembly/assembly_qc/hprc_r1/censat/runs_toil_slurm/HG00735_paternal/analysis/centromereAnnotation_customized_hprc_r1_outputs/HG00735.paternal.f1_assembly_v2_genbank_rm.cenSat.bed,/private/groups/hprc/qc_hmm_flagger/hprc_intermediate_assembly/assembly_qc/hprc_r1/censat/runs_toil_slurm/HG00735_maternal/analysis/centromereAnnotation_customized_hprc_r1_outputs/HG00735.maternal.f1_assembly_v2_genbank_rm.cenSat.bed,/private/groups/hprc/qc_hmm_flagger/hprc_intermediate_assembly/assembly_qc/hprc_r1/hmm_flagger/diploid_censat_beds/HG00735_dip_hprc_r1.cenSat.bed,['/private/groups/hprc/qc_hmm_flagger/hprc_intermediate_assembly/assembly_qc/hprc_r1/hmm_flagger/diploid_censat_beds/HG00735_dip_hprc_r1.cenSat.rDNA.bed'],"['s3://human-pangenomics/working/HPRC/HG00735/raw_data/nanopore/guppy_6/04_11_23_R941_HG00735_1_Guppy_6.5.7_450bps_modbases_5mc_cg_sup_prom_pass.bam', 's3://human-pangenomics/working/HPRC/HG00735/raw_data/nanopore/guppy_6/04_11_23_R941_HG00735_2_Guppy_6.5.7_450bps_modbases_5mc_cg_sup_prom_pass.bam', 's3://human-pangenomics/working/HPRC/HG00735/raw_data/nanopore/guppy_6/HG00735_3_Guppy_6.5.7_450bps_modbases_5mc_cg_sup_prom_pass.bam', 's3://human-pangenomics/working/HPRC/HG00735/raw_data/nanopore/guppy_6/HG00735_5_Guppy_6.5.7_450bps_modbases_5mc_cg_sup_prom_pass.bam', 's3://human-pangenomics/working/HPRC/HG00735/raw_data/nanopore/guppy_6/HG00735_1_Guppy_6.5.7_450bps_modbases_5mc_cg_sup_prom_pass.bam']",5,61.05,12,map-ont,15,"['s3://human-pangenomics/working/HPRC/HG00735/raw_data/nanopore/guppy_6/04_11_23_R941_HG00735_1_Guppy_6.5.7_450bps_modbases_5mc_cg_sup_prom_pass.bam', 's3://human-pangenomics/working/HPRC/HG00735/raw_data/nanopore/guppy_6/04_11_23_R941_HG00735_2_Guppy_6.5.7_450bps_modbases_5mc_cg_sup_prom_pass.bam', 's3://human-pangenomics/working/HPRC/HG00735/raw_data/nanopore/guppy_6/04_11_23_R941_HG00735_3_Guppy_6.5.7_450bps_modbases_5mc_cg_sup_prom_pass.bam', 's3://human-pangenomics/working/HPRC/HG00735/raw_data/nanopore/guppy_6/HG00735_1_Guppy_6.5.7_450bps_modbases_5mc_cg_sup_prom_pass.bam', 's3://human-pangenomics/working/HPRC/HG00735/raw_data/nanopore/guppy_6/HG00735_3_Guppy_6.5.7_450bps_modbases_5mc_cg_sup_prom_pass.bam', 's3://human-pangenomics/working/HPRC/HG00735/raw_data/nanopore/guppy_6/HG00735_5_Guppy_6.5.7_450bps_modbases_5mc_cg_sup_prom_pass.bam']",6,66.34,"[20.58, 13.91, 5.29, 7.36, 10.58, 8.62]",10,R941,16000,https://raw.githubusercontent.com/mobinasri/flagger/refs/heads/main/misc/alpha_tsv/ONT_R941_Guppy6.3.7/alpha_optimum_trunc_exp_gaussian_w_16000_n_50.ONT_R941_Guppy6.3.7_DEC_2024.v1.1.0.tsv
HG00741,s3://human-pangenomics/working/HPRC/HG00741/assemblies/year1_f1_assembly_v2_genbank/HG00741.paternal.f1_assembly_v2_genbank.fa.gz,s3://human-pangenomics/working/HPRC/HG00741/assemblies/year1_f1_assembly_v2_genbank/HG00741.maternal.f1_assembly_v2_genbank.fa.gz,gs://fc-4310e737-a388-4a10-8c9e-babe06aaf0cf/working/HPRC/HG00741/assemblies/year1_f1_assembly_v2_genbank/HG00741.paternal.f1_assembly_v2_genbank.fa.gz,gs://fc-4310e737-a388-4a10-8c9e-babe06aaf0cf/working/HPRC/HG00741/assemblies/year1_f1_assembly_v2_genbank/HG00741.maternal.f1_assembly_v2_genbank.fa.gz,e6121ba9df50914fb0459afd50a9527f7260f1fae8f9ec460cc7c4e61b5138b0,a756fc30621e5e887ce5bee0e3a76d4ab9093c846f90ac3c7e463f25e005fc46,/private/groups/hprc/qc_hmm_flagger/hprc_intermediate_assembly/assembly_qc/hprc_r1/censat/runs_toil_slurm/HG00741_paternal/analysis/centromereAnnotation_customized_hprc_r1_outputs/HG00741.paternal.f1_assembly_v2_genbank_rm.cenSat.bed,/private/groups/hprc/qc_hmm_flagger/hprc_intermediate_assembly/assembly_qc/hprc_r1/censat/runs_toil_slurm/HG00741_maternal/analysis/centromereAnnotation_customized_hprc_r1_outputs/HG00741.maternal.f1_assembly_v2_genbank_rm.cenSat.bed,/private/groups/hprc/qc_hmm_flagger/hprc_intermediate_assembly/assembly_qc/hprc_r1/hmm_flagger/diploid_censat_beds/HG00741_dip_hprc_r1.cenSat.bed,['/private/groups/hprc/qc_hmm_flagger/hprc_intermediate_assembly/assembly_qc/hprc_r1/hmm_flagger/diploid_censat_beds/HG00741_dip_hprc_r1.cenSat.rDNA.bed'],"['s3://human-pangenomics/working/HPRC/HG00741/raw_data/nanopore/guppy_6/1_11_23_R941_HG00741_2_Guppy_6.5.7_450bps_modbases_5mc_cg_sup_prom_pass.bam', 's3://human-pangenomics/working/HPRC/HG00741/raw_data/nanopore/guppy_6/1_11_23_R941_HG00741_1_Guppy_6.5.7_450bps_modbases_5mc_cg_sup_prom_pass.bam', 's3://human-pangenomics/working/HPRC/HG00741/raw_data/nanopore/guppy_6/HG00741_3_Guppy_6.5.7_450bps_modbases_5mc_cg_sup_prom_pass.bam', 's3://human-pangenomics/working/HPRC/HG00741/raw_data/nanopore/guppy_6/HG00741_1_Guppy_6.5.7_450bps_modbases_5mc_cg_sup_prom_pass.bam']",4,70.38,16,map-ont,15,"['s3://human-pangenomics/working/HPRC/HG00741/raw_data/nanopore/guppy_6/1_11_23_R941_HG00741_1_Guppy_6.5.7_450bps_modbases_5mc_cg_sup_prom_pass.bam', 's3://human-pangenomics/working/HPRC/HG00741/raw_data/nanopore/guppy_6/1_11_23_R941_HG00741_2_Guppy_6.5.7_450bps_modbases_5mc_cg_sup_prom_pass.bam', 's3://human-pangenomics/working/HPRC/HG00741/raw_data/nanopore/guppy_6/HG00741_1_Guppy_6.5.7_450bps_modbases_5mc_cg_sup_prom_pass.bam', 's3://human-pangenomics/working/HPRC/HG00741/raw_data/nanopore/guppy_6/HG00741_3_Guppy_6.5.7_450bps_modbases_5mc_cg_sup_prom_pass.bam', 's3://human-pangenomics/working/HPRC/HG00741/raw_data/nanopore/guppy_6/HG00741_5_Guppy_6.5.7_450bps_modbases_5mc_cg_sup_prom_pass.bam']",5,81.66,"[21.22, 22.77, 12.59, 13.8, 11.28]",12,R941,16000,https://raw.githubusercontent.com/mobinasri/flagger/refs/heads/main/misc/alpha_tsv/ONT_R941_Guppy6.3.7/alpha_optimum_trunc_exp_gaussian_w_16000_n_50.ONT_R941_Guppy6.3.7_DEC_2024.v1.1.0.tsv
HG01071,s3://human-pangenomics/working/HPRC/HG01071/assemblies/year1_f1_assembly_v2_genbank/HG01071.paternal.f1_assembly_v2_genbank.fa.gz,s3://human-pangenomics/working/HPRC/HG01071/assemblies/year1_f1_assembly_v2_genbank/HG01071.maternal.f1_assembly_v2_genbank.fa.gz,gs://fc-4310e737-a388-4a10-8c9e-babe06aaf0cf/working/HPRC/HG01071/assemblies/year1_f1_assembly_v2_genbank/HG01071.paternal.f1_assembly_v2_genbank.fa.gz,gs://fc-4310e737-a388-4a10-8c9e-babe06aaf0cf/working/HPRC/HG01071/assemblies/year1_f1_assembly_v2_genbank/HG01071.maternal.f1_assembly_v2_genbank.fa.gz,d5f5829d658e123a265459d7afa804537150febea6432dd28e47be58bdcd1cc9,5e67e97c0275d46ad4b75b14365d1fd5000ed44cfc759710f61d146e7b7ce291,/private/groups/hprc/qc_hmm_flagger/hprc_intermediate_assembly/assembly_qc/hprc_r1/censat/runs_toil_slurm/HG01071_paternal/analysis/centromereAnnotation_customized_hprc_r1_outputs/HG01071.paternal.f1_assembly_v2_genbank_rm.cenSat.bed,/private/groups/hprc/qc_hmm_flagger/hprc_intermediate_assembly/assembly_qc/hprc_r1/censat/runs_toil_slurm/HG01071_maternal/analysis/centromereAnnotation_customized_hprc_r1_outputs/HG01071.maternal.f1_assembly_v2_genbank_rm.cenSat.bed,/private/groups/hprc/qc_hmm_flagger/hprc_intermediate_assembly/assembly_qc/hprc_r1/hmm_flagger/diploid_censat_beds/HG01071_dip_hprc_r1.cenSat.bed,['/private/groups/hprc/qc_hmm_flagger/hprc_intermediate_assembly/assembly_qc/hprc_r1/hmm_flagger/diploid_censat_beds/HG01071_dip_hprc_r1.cenSat.rDNA.bed'],"['s3://human-pangenomics/working/HPRC/HG01071/raw_data/nanopore/guppy_6/HG01071_PAM54677_Guppy_6.5.7_450bps_modbases_5mc_cg_sup_prom_pass.bam', 's3://human-pangenomics/working/HPRC/HG01071/raw_data/nanopore/guppy_6/HG01071_PAK28002_Guppy_6.5.7_450bps_modbases_5mc_cg_sup_prom_pass.bam', 's3://human-pangenomics/working/HPRC/HG01071/raw_data/nanopore/guppy_6/HG01071_PAM53072_Guppy_6.5.7_450bps_modbases_5mc_cg_sup_prom_pass.bam', 's3://human-pangenomics/working/HPRC/HG01071/raw_data/nanopore/guppy_6/HG01071_PAM53513_Guppy_6.5.7_450bps_modbases_5mc_cg_sup_prom_pass.bam']",4,74.13,16,map-ont,15,"['s3://human-pangenomics/working/HPRC/HG01071/raw_data/nanopore/guppy_6/HG01071_1_Guppy_6.5.7_450bps_modbases_5mc_cg_sup_prom_pass.bam', 's3://human-pangenomics/working/HPRC/HG01071/raw_data/nanopore/guppy_6/HG01071_3_Guppy_6.5.7_450bps_modbases_5mc_cg_sup_prom_pass.bam', 's3://human-pangenomics/working/HPRC/HG01071/raw_data/nanopore/guppy_6/HG01071_5_Guppy_6.5.7_450bps_modbases_5mc_cg_sup_prom_pass.bam', 's3://human-pangenomics/working/HPRC/HG01071/raw_data/nanopore/guppy_6/HG01071_PAK28002_Guppy_6.5.7_450bps_modbases_5mc_cg_sup_prom_pass.bam', 's3://human-pangenomics/working/HPRC/HG01071/raw_data/nanopore/guppy_6/HG01071_PAM53072_Guppy_6.5.7_450bps_modbases_5mc_cg_sup_prom_pass.bam', 's3://human-pangenomics/working/HPRC/HG01071/raw_data/nanopore/guppy_6/HG01071_PAM53513_Guppy_6.5.7_450bps_modbases_5mc_cg_sup_prom_pass.bam', 's3://human-pangenomics/working/HPRC/HG01071/raw_data/nanopore/guppy_6/HG01071_PAM54677_Guppy_6.5.7_450bps_modbases_5mc_cg_sup_prom_pass.bam', 's3://human-pangenomics/working/HPRC/HG01071/raw_data/nanopore/guppy_6/HG01071_PAM55655_Guppy_6.5.7_450bps_modbases_5mc_cg_sup_prom_pass.bam', 's3://human-pangenomics/working/HPRC/HG01071/raw_data/nanopore/guppy_6/HG01071_PAM55678_Guppy_6.5.7_450bps_modbases_5mc_cg_sup_prom_pass.bam']",9,133.49,"[8.74, 12.7, 11.66, 19.21, 18.73, 16.17, 20.02, 12.19, 14.07]",7,R941,16000,https://raw.githubusercontent.com/mobinasri/flagger/refs/heads/main/misc/alpha_tsv/ONT_R941_Guppy6.3.7/alpha_optimum_trunc_exp_gaussian_w_16000_n_50.ONT_R941_Guppy6.3.7_DEC_2024.v1.1.0.tsv
HG01106,s3://human-pangenomics/working/HPRC/HG01106/assemblies/year1_f1_assembly_v2_genbank/HG01106.paternal.f1_assembly_v2_genbank.fa.gz,s3://human-pangenomics/working/HPRC/HG01106/assemblies/year1_f1_assembly_v2_genbank/HG01106.maternal.f1_assembly_v2_genbank.fa.gz,gs://fc-4310e737-a388-4a10-8c9e-babe06aaf0cf/working/HPRC/HG01106/assemblies/year1_f1_assembly_v2_genbank/HG01106.paternal.f1_assembly_v2_genbank.fa.gz,gs://fc-4310e737-a388-4a10-8c9e-babe06aaf0cf/working/HPRC/HG01106/assemblies/year1_f1_assembly_v2_genbank/HG01106.maternal.f1_assembly_v2_genbank.fa.gz,7c46227b41d8385d07e9d024515b9cc1f09df7fc1e1fae645d104879177451c6,13416e10902dd12476dedeb637c4b5a23c8b4d6e5f67044e720bd97a09133ba1,/private/groups/hprc/qc_hmm_flagger/hprc_intermediate_assembly/assembly_qc/hprc_r1/censat/runs_toil_slurm/HG01106_paternal/analysis/centromereAnnotation_customized_hprc_r1_outputs/HG01106.paternal.f1_assembly_v2_genbank_rm.cenSat.bed,/private/groups/hprc/qc_hmm_flagger/hprc_intermediate_assembly/assembly_qc/hprc_r1/censat/runs_toil_slurm/HG01106_maternal/analysis/centromereAnnotation_customized_hprc_r1_outputs/HG01106.maternal.f1_assembly_v2_genbank_rm.cenSat.bed,/private/groups/hprc/qc_hmm_flagger/hprc_intermediate_assembly/assembly_qc/hprc_r1/hmm_flagger/diploid_censat_beds/HG01106_dip_hprc_r1.cenSat.bed,['/private/groups/hprc/qc_hmm_flagger/hprc_intermediate_assembly/assembly_qc/hprc_r1/hmm_flagger/diploid_censat_beds/HG01106_dip_hprc_r1.cenSat.rDNA.bed'],"['s3://human-pangenomics/working/HPRC/HG01106/raw_data/nanopore/guppy_6/1_11_23_R941_HG01106_1_Guppy_6.5.7_450bps_modbases_5mc_cg_sup_prom_pass.bam', 's3://human-pangenomics/working/HPRC/HG01106/raw_data/nanopore/guppy_6/1_11_23_R941_HG01106_2_Guppy_6.5.7_450bps_modbases_5mc_cg_sup_prom_pass.bam', 's3://human-pangenomics/working/HPRC/HG01106/raw_data/nanopore/guppy_6/HG01106_3_Guppy_6.5.7_450bps_modbases_5mc_cg_sup_prom_pass.bam', 's3://human-pangenomics/working/HPRC/HG01106/raw_data/nanopore/guppy_6/HG01106_5_Guppy_6.5.7_450bps_modbases_5mc_cg_sup_prom_pass.bam']",4,62.76,16,map-ont,15,"['s3://human-pangenomics/working/HPRC/HG01106/raw_data/nanopore/guppy_6/1_11_23_R941_HG01106_1_Guppy_6.5.7_450bps_modbases_5mc_cg_sup_prom_pass.bam', 's3://human-pangenomics/working/HPRC/HG01106/raw_data/nanopore/guppy_6/1_11_23_R941_HG01106_2_Guppy_6.5.7_450bps_modbases_5mc_cg_sup_prom_pass.bam', 's3://human-pangenomics/working/HPRC/HG01106/raw_data/nanopore/guppy_6/HG01106_1_Guppy_6.5.7_450bps_modbases_5mc_cg_sup_prom_pass.bam', 's3://human-pangenomics/working/HPRC/HG01106/raw_data/nanopore/guppy_6/HG01106_3_Guppy_6.5.7_450bps_modbases_5mc_cg_sup_prom_pass.bam', 's3://human-pangenomics/working/HPRC/HG01106/raw_data/nanopore/guppy_6/HG01106_5_Guppy_6.5.7_450bps_modbases_5mc_cg_sup_prom_pass.bam']",5,70.88,"[21.29, 17.67, 8.12, 13.01, 10.79]",12,R941,16000,https://raw.githubusercontent.com/mobinasri/flagger/refs/heads/main/misc/alpha_tsv/ONT_R941_Guppy6.3.7/alpha_optimum_trunc_exp_gaussian_w_16000_n_50.ONT_R941_Guppy6.3.7_DEC_2024.v1.1.0.tsv
HG01123,s3://human-pangenomics/working/HPRC/HG01123/assemblies/year1_f1_assembly_v2_genbank/HG01123.paternal.f1_assembly_v2_genbank.fa.gz,s3://human-pangenomics/working/HPRC/HG01123/assemblies/year1_f1_assembly_v2_genbank/HG01123.maternal.f1_assembly_v2_genbank.fa.gz,gs://fc-4310e737-a388-4a10-8c9e-babe06aaf0cf/working/HPRC/HG01123/assemblies/year1_f1_assembly_v2_genbank/HG01123.paternal.f1_assembly_v2_genbank.fa.gz,gs://fc-4310e737-a388-4a10-8c9e-babe06aaf0cf/working/HPRC/HG01123/assemblies/year1_f1_assembly_v2_genbank/HG01123.maternal.f1_assembly_v2_genbank.fa.gz,f514554f1998854e91c528da29b18fc730932805853ede31837631e87b409a89,7b2144e0c1a08d5fbe179f8668fada2242bead7cfd12d0b66a1e45996cc15af8,/private/groups/hprc/qc_hmm_flagger/hprc_intermediate_assembly/assembly_qc/hprc_r1/censat/runs_toil_slurm/HG01123_paternal/analysis/centromereAnnotation_customized_hprc_r1_outputs/HG01123.paternal.f1_assembly_v2_genbank_rm.cenSat.bed,/private/groups/hprc/qc_hmm_flagger/hprc_intermediate_assembly/assembly_qc/hprc_r1/censat/runs_toil_slurm/HG01123_maternal/analysis/centromereAnnotation_customized_hprc_r1_outputs/HG01123.maternal.f1_assembly_v2_genbank_rm.cenSat.bed,/private/groups/hprc/qc_hmm_flagger/hprc_intermediate_assembly/assembly_qc/hprc_r1/hmm_flagger/diploid_censat_beds/HG01123_dip_hprc_r1.cenSat.bed,['/private/groups/hprc/qc_hmm_flagger/hprc_intermediate_assembly/assembly_qc/hprc_r1/hmm_flagger/diploid_censat_beds/HG01123_dip_hprc_r1.cenSat.rDNA.bed'],"['s3://human-pangenomics/working/HPRC/HG01123/raw_data/nanopore/guppy_6/12_7_22_R941_HG01123_1_Guppy_6.5.7_450bps_modbases_5mc_cg_sup_prom_pass.bam', 's3://human-pangenomics/working/HPRC/HG01123/raw_data/nanopore/guppy_6/12_7_22_R941_HG01123_2_Guppy_6.5.7_450bps_modbases_5mc_cg_sup_prom_pass.bam', 's3://human-pangenomics/working/HPRC/HG01123/raw_data/nanopore/guppy_6/HG01123_1_Guppy_6.5.7_450bps_modbases_5mc_cg_sup_prom_pass.bam', 's3://human-pangenomics/working/HPRC/HG01123/raw_data/nanopore/guppy_6/HG01123_5_Guppy_6.5.7_450bps_modbases_5mc_cg_sup_prom_pass.bam', 's3://human-pangenomics/working/HPRC/HG01123/raw_data/nanopore/guppy_6/HG01123_3_Guppy_6.5.7_450bps_modbases_5mc_cg_sup_prom_pass.bam']",5,59.85,12,map-ont,15,"['s3://human-pangenomics/working/HPRC/HG01123/raw_data/nanopore/guppy_6/12_7_22_R941_HG01123_1_Guppy_6.5.7_450bps_modbases_5mc_cg_sup_prom_pass.bam', 's3://human-pangenomics/working/HPRC/HG01123/raw_data/nanopore/guppy_6/12_7_22_R941_HG01123_2_Guppy_6.5.7_450bps_modbases_5mc_cg_sup_prom_pass.bam', 's3://human-pangenomics/working/HPRC/HG01123/raw_data/nanopore/guppy_6/HG01123_1_Guppy_6.5.7_450bps_modbases_5mc_cg_sup_prom_pass.bam', 's3://human-pangenomics/working/HPRC/HG01123/raw_data/nanopore/guppy_6/HG01123_3_Guppy_6.5.7_450bps_modbases_5mc_cg_sup_prom_pass.bam', 's3://human-pangenomics/working/HPRC/HG01123/raw_data/nanopore/guppy_6/HG01123_5_Guppy_6.5.7_450bps_modbases_5mc_cg_sup_prom_pass.bam']",5,59.85,"[20.14, 17.71, 7.49, 7.16, 7.35]",12,R941,16000,https://raw.githubusercontent.com/mobinasri/flagger/refs/heads/main/misc/alpha_tsv/ONT_R941_Guppy6.3.7/alpha_optimum_trunc_exp_gaussian_w_16000_n_50.ONT_R941_Guppy6.3.7_DEC_2024.v1.1.0.tsv
HG01175,s3://human-pangenomics/working/HPRC/HG01175/assemblies/year1_f1_assembly_v2_genbank/HG01175.paternal.f1_assembly_v2_genbank.fa.gz,s3://human-pangenomics/working/HPRC/HG01175/assemblies/year1_f1_assembly_v2_genbank/HG01175.maternal.f1_assembly_v2_genbank.fa.gz,gs://fc-4310e737-a388-4a10-8c9e-babe06aaf0cf/working/HPRC/HG01175/assemblies/year1_f1_assembly_v2_genbank/HG01175.paternal.f1_assembly_v2_genbank.fa.gz,gs://fc-4310e737-a388-4a10-8c9e-babe06aaf0cf/working/HPRC/HG01175/assemblies/year1_f1_assembly_v2_genbank/HG01175.maternal.f1_assembly_v2_genbank.fa.gz,0e7aab966b1c54f094d3d6a91db741ac230840fe87a987322f372f0dcb7f2977,4023f8a4eac5fd0705d54278b674a7b3ddadbaec391e8fedd403aeb691f8a703,/private/groups/hprc/qc_hmm_flagger/hprc_intermediate_assembly/assembly_qc/hprc_r1/censat/runs_toil_slurm/HG01175_paternal/analysis/centromereAnnotation_customized_hprc_r1_outputs/HG01175.paternal.f1_assembly_v2_genbank_rm.cenSat.bed,/private/groups/hprc/qc_hmm_flagger/hprc_intermediate_assembly/assembly_qc/hprc_r1/censat/runs_toil_slurm/HG01175_maternal/analysis/centromereAnnotation_customized_hprc_r1_outputs/HG01175.maternal.f1_assembly_v2_genbank_rm.cenSat.bed,/private/groups/hprc/qc_hmm_flagger/hprc_intermediate_assembly/assembly_qc/hprc_r1/hmm_flagger/diploid_censat_beds/HG01175_dip_hprc_r1.cenSat.bed,['/private/groups/hprc/qc_hmm_flagger/hprc_intermediate_assembly/assembly_qc/hprc_r1/hmm_flagger/diploid_censat_beds/HG01175_dip_hprc_r1.cenSat.rDNA.bed'],"['s3://human-pangenomics/working/HPRC/HG01175/raw_data/nanopore/guppy_6/1_11_23_R941_HG01175_1_Guppy_6.5.7_450bps_modbases_5mc_cg_sup_prom_pass.bam', 's3://human-pangenomics/working/HPRC/HG01175/raw_data/nanopore/guppy_6/1_11_23_R941_HG01175_2_Guppy_6.5.7_450bps_modbases_5mc_cg_sup_prom_pass.bam', 's3://human-pangenomics/working/HPRC/HG01175/raw_data/nanopore/guppy_6/HG01175_3_Guppy_6.5.7_450bps_modbases_5mc_cg_sup_prom_pass.bam', 's3://human-pangenomics/working/HPRC/HG01175/raw_data/nanopore/guppy_6/HG01175_1_Guppy_6.5.7_450bps_modbases_5mc_cg_sup_prom_pass.bam']",4,65.56,16,map-ont,15,"['s3://human-pangenomics/working/HPRC/HG01175/raw_data/nanopore/guppy_6/1_11_23_R941_HG01175_1_Guppy_6.5.7_450bps_modbases_5mc_cg_sup_prom_pass.bam', 's3://human-pangenomics/working/HPRC/HG01175/raw_data/nanopore/guppy_6/1_11_23_R941_HG01175_2_Guppy_6.5.7_450bps_modbases_5mc_cg_sup_prom_pass.bam', 's3://human-pangenomics/working/HPRC/HG01175/raw_data/nanopore/guppy_6/HG01175_1_Guppy_6.5.7_450bps_modbases_5mc_cg_sup_prom_pass.bam', 's3://human-pangenomics/working/HPRC/HG01175/raw_data/nanopore/guppy_6/HG01175_3_Guppy_6.5.7_450bps_modbases_5mc_cg_sup_prom_pass.bam', 's3://human-pangenomics/working/HPRC/HG01175/raw_data/nanopore/guppy_6/HG01175_5_Guppy_6.5.7_450bps_modbases_5mc_cg_sup_prom_pass.bam']",5,76.05,"[20.25, 19.27, 12.55, 13.49, 10.49]",12,R941,16000,https://raw.githubusercontent.com/mobinasri/flagger/refs/heads/main/misc/alpha_tsv/ONT_R941_Guppy6.3.7/alpha_optimum_trunc_exp_gaussian_w_16000_n_50.ONT_R941_Guppy6.3.7_DEC_2024.v1.1.0.tsv
HG01258,s3://human-pangenomics/working/HPRC/HG01258/assemblies/year1_f1_assembly_v2_genbank/HG01258.paternal.f1_assembly_v2_genbank.fa.gz,s3://human-pangenomics/working/HPRC/HG01258/assemblies/year1_f1_assembly_v2_genbank/HG01258.maternal.f1_assembly_v2_genbank.fa.gz,gs://fc-4310e737-a388-4a10-8c9e-babe06aaf0cf/working/HPRC/HG01258/assemblies/year1_f1_assembly_v2_genbank/HG01258.paternal.f1_assembly_v2_genbank.fa.gz,gs://fc-4310e737-a388-4a10-8c9e-babe06aaf0cf/working/HPRC/HG01258/assemblies/year1_f1_assembly_v2_genbank/HG01258.maternal.f1_assembly_v2_genbank.fa.gz,e7697b1b7c2a4188f76d827611caa3a1b55b499d7c8bfab69c091a07a30e0c2c,97e8ece8b4a108be376025747d377f003270dadebcc84e4116d322a72618769a,/private/groups/hprc/qc_hmm_flagger/hprc_intermediate_assembly/assembly_qc/hprc_r1/censat/runs_toil_slurm/HG01258_paternal/analysis/centromereAnnotation_customized_hprc_r1_outputs/HG01258.paternal.f1_assembly_v2_genbank_rm.cenSat.bed,/private/groups/hprc/qc_hmm_flagger/hprc_intermediate_assembly/assembly_qc/hprc_r1/censat/runs_toil_slurm/HG01258_maternal/analysis/centromereAnnotation_customized_hprc_r1_outputs/HG01258.maternal.f1_assembly_v2_genbank_rm.cenSat.bed,/private/groups/hprc/qc_hmm_flagger/hprc_intermediate_assembly/assembly_qc/hprc_r1/hmm_flagger/diploid_censat_beds/HG01258_dip_hprc_r1.cenSat.bed,['/private/groups/hprc/qc_hmm_flagger/hprc_intermediate_assembly/assembly_qc/hprc_r1/hmm_flagger/diploid_censat_beds/HG01258_dip_hprc_r1.cenSat.rDNA.bed'],"['s3://human-pangenomics/working/HPRC/HG01258/raw_data/nanopore/guppy_6/12_7_22_R941_HG01258_1_Guppy_6.5.7_450bps_modbases_5mc_cg_sup_prom_pass.bam', 's3://human-pangenomics/working/HPRC/HG01258/raw_data/nanopore/guppy_6/12_7_22_R941_HG01258_2_Guppy_6.5.7_450bps_modbases_5mc_cg_sup_prom_pass.bam', 's3://human-pangenomics/working/HPRC/HG01258/raw_data/nanopore/guppy_6/HG01258_1_Guppy_6.5.7_450bps_modbases_5mc_cg_sup_prom_pass.bam', 's3://human-pangenomics/working/HPRC/HG01258/raw_data/nanopore/guppy_6/HG01258_3_Guppy_6.5.7_450bps_modbases_5mc_cg_sup_prom_pass.bam', 's3://human-pangenomics/working/HPRC/HG01258/raw_data/nanopore/guppy_6/HG01258_5_Guppy_6.5.7_450bps_modbases_5mc_cg_sup_prom_pass.bam']",5,49.44,12,map-ont,15,"['s3://human-pangenomics/working/HPRC/HG01258/raw_data/nanopore/guppy_6/12_7_22_R941_HG01258_1_Guppy_6.5.7_450bps_modbases_5mc_cg_sup_prom_pass.bam', 's3://human-pangenomics/working/HPRC/HG01258/raw_data/nanopore/guppy_6/12_7_22_R941_HG01258_2_Guppy_6.5.7_450bps_modbases_5mc_cg_sup_prom_pass.bam', 's3://human-pangenomics/working/HPRC/HG01258/raw_data/nanopore/guppy_6/HG01258_1_Guppy_6.5.7_450bps_modbases_5mc_cg_sup_prom_pass.bam', 's3://human-pangenomics/working/HPRC/HG01258/raw_data/nanopore/guppy_6/HG01258_3_Guppy_6.5.7_450bps_modbases_5mc_cg_sup_prom_pass.bam', 's3://human-pangenomics/working/HPRC/HG01258/raw_data/nanopore/guppy_6/HG01258_5_Guppy_6.5.7_450bps_modbases_5mc_cg_sup_prom_pass.bam']",5,49.44,"[17.62, 16.31, 5.46, 5.06, 4.99]",12,R941,16000,https://raw.githubusercontent.com/mobinasri/flagger/refs/heads/main/misc/alpha_tsv/ONT_R941_Guppy6.3.7/alpha_optimum_trunc_exp_gaussian_w_16000_n_50.ONT_R941_Guppy6.3.7_DEC_2024.v1.1.0.tsv
HG01358,s3://human-pangenomics/working/HPRC/HG01358/assemblies/year1_f1_assembly_v2_genbank/HG01358.paternal.f1_assembly_v2_genbank.fa.gz,s3://human-pangenomics/working/HPRC/HG01358/assemblies/year1_f1_assembly_v2_genbank/HG01358.maternal.f1_assembly_v2_genbank.fa.gz,gs://fc-4310e737-a388-4a10-8c9e-babe06aaf0cf/working/HPRC/HG01358/assemblies/year1_f1_assembly_v2_genbank/HG01358.paternal.f1_assembly_v2_genbank.fa.gz,gs://fc-4310e737-a388-4a10-8c9e-babe06aaf0cf/working/HPRC/HG01358/assemblies/year1_f1_assembly_v2_genbank/HG01358.maternal.f1_assembly_v2_genbank.fa.gz,b4ebe059741876e76ea43633a499e6dafb06d8876cb5f496ddd60f83e905e3d0,3ab91edde9c57f2d0a9238b161122cdaeb48bb87030abe7d33ac9803a7203ac1,/private/groups/hprc/qc_hmm_flagger/hprc_intermediate_assembly/assembly_qc/hprc_r1/censat/runs_toil_slurm/HG01358_paternal/analysis/centromereAnnotation_customized_hprc_r1_outputs/HG01358.paternal.f1_assembly_v2_genbank_rm.cenSat.bed,/private/groups/hprc/qc_hmm_flagger/hprc_intermediate_assembly/assembly_qc/hprc_r1/censat/runs_toil_slurm/HG01358_maternal/analysis/centromereAnnotation_customized_hprc_r1_outputs/HG01358.maternal.f1_assembly_v2_genbank_rm.cenSat.bed,/private/groups/hprc/qc_hmm_flagger/hprc_intermediate_assembly/assembly_qc/hprc_r1/hmm_flagger/diploid_censat_beds/HG01358_dip_hprc_r1.cenSat.bed,['/private/groups/hprc/qc_hmm_flagger/hprc_intermediate_assembly/assembly_qc/hprc_r1/hmm_flagger/diploid_censat_beds/HG01358_dip_hprc_r1.cenSat.rDNA.bed'],"['s3://human-pangenomics/working/HPRC/HG01358/raw_data/nanopore/guppy_6/12_7_22_R941_HG01358_2_Guppy_6.5.7_450bps_modbases_5mc_cg_sup_prom_pass.bam', 's3://human-pangenomics/working/HPRC/HG01358/raw_data/nanopore/guppy_6/12_7_22_R941_HG01358_1_Guppy_6.5.7_450bps_modbases_5mc_cg_sup_prom_pass.bam', 's3://human-pangenomics/working/HPRC/HG01358/raw_data/nanopore/guppy_6/HG01358_3_Guppy_6.5.7_450bps_modbases_5mc_cg_sup_prom_pass.bam', 's3://human-pangenomics/working/HPRC/HG01358/raw_data/nanopore/guppy_6/HG01358_1_Guppy_6.5.7_450bps_modbases_5mc_cg_sup_prom_pass.bam', 's3://human-pangenomics/working/HPRC/HG01358/raw_data/nanopore/guppy_6/HG01358_5_Guppy_6.5.7_450bps_modbases_5mc_cg_sup_prom_pass.bam']",5,48.2,12,map-ont,15,"['s3://human-pangenomics/working/HPRC/HG01358/raw_data/nanopore/guppy_6/12_7_22_R941_HG01358_1_Guppy_6.5.7_450bps_modbases_5mc_cg_sup_prom_pass.bam', 's3://human-pangenomics/working/HPRC/HG01358/raw_data/nanopore/guppy_6/12_7_22_R941_HG01358_2_Guppy_6.5.7_450bps_modbases_5mc_cg_sup_prom_pass.bam', 's3://human-pangenomics/working/HPRC/HG01358/raw_data/nanopore/guppy_6/HG01358_1_Guppy_6.5.7_450bps_modbases_5mc_cg_sup_prom_pass.bam', 's3://human-pangenomics/working/HPRC/HG01358/raw_data/nanopore/guppy_6/HG01358_3_Guppy_6.5.7_450bps_modbases_5mc_cg_sup_prom_pass.bam', 's3://human-pangenomics/working/HPRC/HG01358/raw_data/nanopore/guppy_6/HG01358_5_Guppy_6.5.7_450bps_modbases_5mc_cg_sup_prom_pass.bam']",5,48.2,"[15.58, 19.04, 2.54, 8.76, 2.28]",12,R941,16000,https://raw.githubusercontent.com/mobinasri/flagger/refs/heads/main/misc/alpha_tsv/ONT_R941_Guppy6.3.7/alpha_optimum_trunc_exp_gaussian_w_16000_n_50.ONT_R941_Guppy6.3.7_DEC_2024.v1.1.0.tsv
HG01361,s3://human-pangenomics/working/HPRC/HG01361/assemblies/year1_f1_assembly_v2_genbank/HG01361.paternal.f1_assembly_v2_genbank.fa.gz,s3://human-pangenomics/working/HPRC/HG01361/assemblies/year1_f1_assembly_v2_genbank/HG01361.maternal.f1_assembly_v2_genbank.fa.gz,gs://fc-4310e737-a388-4a10-8c9e-babe06aaf0cf/working/HPRC/HG01361/assemblies/year1_f1_assembly_v2_genbank/HG01361.paternal.f1_assembly_v2_genbank.fa.gz,gs://fc-4310e737-a388-4a10-8c9e-babe06aaf0cf/working/HPRC/HG01361/assemblies/year1_f1_assembly_v2_genbank/HG01361.maternal.f1_assembly_v2_genbank.fa.gz,01c848260b6414e260a31eb637a7a0f251d123d578188286fc9dcb3026ddb14a,1c5a60c6bdb77177c701448da5040a1dfc47b9c57dbf53b12a081789033ce47f,/private/groups/hprc/qc_hmm_flagger/hprc_intermediate_assembly/assembly_qc/hprc_r1/censat/runs_toil_slurm/HG01361_paternal/analysis/centromereAnnotation_customized_hprc_r1_outputs/HG01361.paternal.f1_assembly_v2_genbank_rm.cenSat.bed,/private/groups/hprc/qc_hmm_flagger/hprc_intermediate_assembly/assembly_qc/hprc_r1/censat/runs_toil_slurm/HG01361_maternal/analysis/centromereAnnotation_customized_hprc_r1_outputs/HG01361.maternal.f1_assembly_v2_genbank_rm.cenSat.bed,/private/groups/hprc/qc_hmm_flagger/hprc_intermediate_assembly/assembly_qc/hprc_r1/hmm_flagger/diploid_censat_beds/HG01361_dip_hprc_r1.cenSat.bed,['/private/groups/hprc/qc_hmm_flagger/hprc_intermediate_assembly/assembly_qc/hprc_r1/hmm_flagger/diploid_censat_beds/HG01361_dip_hprc_r1.cenSat.rDNA.bed'],"['s3://human-pangenomics/working/HPRC/HG01361/raw_data/nanopore/guppy_6/HG01361_PAK21070_Guppy_6.5.7_450bps_modbases_5mc_cg_sup_prom_pass.bam', 's3://human-pangenomics/working/HPRC/HG01361/raw_data/nanopore/guppy_6/12_7_22_R941_HG01361_2_Guppy_6.5.7_450bps_modbases_5mc_cg_sup_prom_pass.bam', 's3://human-pangenomics/working/HPRC/HG01361/raw_data/nanopore/guppy_6/12_7_22_R941_HG01361_1_Guppy_6.5.7_450bps_modbases_5mc_cg_sup_prom_pass.bam']",3,62.54,21,map-ont,15,"['s3://human-pangenomics/working/HPRC/HG01361/raw_data/nanopore/guppy_6/12_7_22_R941_HG01361_1_Guppy_6.5.7_450bps_modbases_5mc_cg_sup_prom_pass.bam', 's3://human-pangenomics/working/HPRC/HG01361/raw_data/nanopore/guppy_6/12_7_22_R941_HG01361_2_Guppy_6.5.7_450bps_modbases_5mc_cg_sup_prom_pass.bam', 's3://human-pangenomics/working/HPRC/HG01361/raw_data/nanopore/guppy_6/HG01361_1_Guppy_6.5.7_450bps_modbases_5mc_cg_sup_prom_pass.bam', 's3://human-pangenomics/working/HPRC/HG01361/raw_data/nanopore/guppy_6/HG01361_3_Guppy_6.5.7_450bps_modbases_5mc_cg_sup_prom_pass.bam', 's3://human-pangenomics/working/HPRC/HG01361/raw_data/nanopore/guppy_6/HG01361_5_Guppy_6.5.7_450bps_modbases_5mc_cg_sup_prom_pass.bam', 's3://human-pangenomics/working/HPRC/HG01361/raw_data/nanopore/guppy_6/HG01361_PAK21070_Guppy_6.5.7_450bps_modbases_5mc_cg_sup_prom_pass.bam', 's3://human-pangenomics/working/HPRC/HG01361/raw_data/nanopore/guppy_6/HG01361_PAM54483_Guppy_6.5.7_450bps_modbases_5mc_cg_sup_prom_pass.bam', 's3://human-pangenomics/working/HPRC/HG01361/raw_data/nanopore/guppy_6/HG01361_PAM54634_Guppy_6.5.7_450bps_modbases_5mc_cg_sup_prom_pass.bam', 's3://human-pangenomics/working/HPRC/HG01361/raw_data/nanopore/guppy_6/HG01361_PAM54907_Guppy_6.5.7_450bps_modbases_5mc_cg_sup_prom_pass.bam', 's3://human-pangenomics/working/HPRC/HG01361/raw_data/nanopore/guppy_6/HG01361_PAM61937_Guppy_6.5.7_450bps_modbases_5mc_cg_sup_prom_pass.bam', 's3://human-pangenomics/working/HPRC/HG01361/raw_data/nanopore/guppy_6/HG01361_PAM62496_Guppy_6.5.7_450bps_modbases_5mc_cg_sup_prom_pass.bam']",11,140.46,"[19.22, 19.49, 12.67, 9.34, 3.13, 23.83, 8.05, 8.75, 14.21, 9.25, 12.52]",5,R941,16000,https://raw.githubusercontent.com/mobinasri/flagger/refs/heads/main/misc/alpha_tsv/ONT_R941_Guppy6.3.7/alpha_optimum_trunc_exp_gaussian_w_16000_n_50.ONT_R941_Guppy6.3.7_DEC_2024.v1.1.0.tsv
HG01891,s3://human-pangenomics/working/HPRC/HG01891/assemblies/year1_f1_assembly_v2_genbank/HG01891.paternal.f1_assembly_v2_genbank.fa.gz,s3://human-pangenomics/working/HPRC/HG01891/assemblies/year1_f1_assembly_v2_genbank/HG01891.maternal.f1_assembly_v2_genbank.fa.gz,gs://fc-4310e737-a388-4a10-8c9e-babe06aaf0cf/working/HPRC/HG01891/assemblies/year1_f1_assembly_v2_genbank/HG01891.paternal.f1_assembly_v2_genbank.fa.gz,gs://fc-4310e737-a388-4a10-8c9e-babe06aaf0cf/working/HPRC/HG01891/assemblies/year1_f1_assembly_v2_genbank/HG01891.maternal.f1_assembly_v2_genbank.fa.gz,9d9aa8e29e2fd24fd890aa1308dc13fb54acd8bec91d6ae0ddeefd5b2ba333c0,9c439c0e28fa9b9e2a515ea75adaef8e156460851aa91f61dc065c29897f5ea2,/private/groups/hprc/qc_hmm_flagger/hprc_intermediate_assembly/assembly_qc/hprc_r1/censat/runs_toil_slurm/HG01891_paternal/analysis/centromereAnnotation_customized_hprc_r1_outputs/HG01891.paternal.f1_assembly_v2_genbank_rm.cenSat.bed,/private/groups/hprc/qc_hmm_flagger/hprc_intermediate_assembly/assembly_qc/hprc_r1/censat/runs_toil_slurm/HG01891_maternal/analysis/centromereAnnotation_customized_hprc_r1_outputs/HG01891.maternal.f1_assembly_v2_genbank_rm.cenSat.bed,/private/groups/hprc/qc_hmm_flagger/hprc_intermediate_assembly/assembly_qc/hprc_r1/hmm_flagger/diploid_censat_beds/HG01891_dip_hprc_r1.cenSat.bed,['/private/groups/hprc/qc_hmm_flagger/hprc_intermediate_assembly/assembly_qc/hprc_r1/hmm_flagger/diploid_censat_beds/HG01891_dip_hprc_r1.cenSat.rDNA.bed'],"['s3://human-pangenomics/working/HPRC/HG01891/raw_data/nanopore/guppy_6/12_7_22_R941_HG01891_1_Guppy_6.5.7_450bps_modbases_5mc_cg_sup_prom_pass.bam', 's3://human-pangenomics/working/HPRC/HG01891/raw_data/nanopore/guppy_6/12_7_22_R941_HG01891_2_Guppy_6.5.7_450bps_modbases_5mc_cg_sup_prom_pass.bam', 's3://human-pangenomics/working/HPRC/HG01891/raw_data/nanopore/guppy_6/HG01891_4_Guppy_6.5.7_450bps_modbases_5mc_cg_sup_prom_pass.bam', 's3://human-pangenomics/working/HPRC/HG01891/raw_data/nanopore/guppy_6/HG01891_3_Guppy_6.5.7_450bps_modbases_5mc_cg_sup_prom_pass.bam']",4,63.24,16,map-ont,15,"['s3://human-pangenomics/working/HPRC/HG01891/raw_data/nanopore/guppy_6/12_7_22_R941_HG01891_1_Guppy_6.5.7_450bps_modbases_5mc_cg_sup_prom_pass.bam', 's3://human-pangenomics/working/HPRC/HG01891/raw_data/nanopore/guppy_6/12_7_22_R941_HG01891_2_Guppy_6.5.7_450bps_modbases_5mc_cg_sup_prom_pass.bam', 's3://human-pangenomics/working/HPRC/HG01891/raw_data/nanopore/guppy_6/HG01891_2_Guppy_6.5.7_450bps_modbases_5mc_cg_sup_prom_pass.bam', 's3://human-pangenomics/working/HPRC/HG01891/raw_data/nanopore/guppy_6/HG01891_3_Guppy_6.5.7_450bps_modbases_5mc_cg_sup_prom_pass.bam', 's3://human-pangenomics/working/HPRC/HG01891/raw_data/nanopore/guppy_6/HG01891_4_Guppy_6.5.7_450bps_modbases_5mc_cg_sup_prom_pass.bam']",5,68.05,"[20.25, 19.59, 4.81, 9.76, 13.64]",12,R941,16000,https://raw.githubusercontent.com/mobinasri/flagger/refs/heads/main/misc/alpha_tsv/ONT_R941_Guppy6.3.7/alpha_optimum_trunc_exp_gaussian_w_16000_n_50.ONT_R941_Guppy6.3.7_DEC_2024.v1.1.0.tsv
HG01928,s3://human-pangenomics/working/HPRC/HG01928/assemblies/year1_f1_assembly_v2_genbank/HG01928.paternal.f1_assembly_v2_genbank.fa.gz,s3://human-pangenomics/working/HPRC/HG01928/assemblies/year1_f1_assembly_v2_genbank/HG01928.maternal.f1_assembly_v2_genbank.fa.gz,gs://fc-4310e737-a388-4a10-8c9e-babe06aaf0cf/working/HPRC/HG01928/assemblies/year1_f1_assembly_v2_genbank/HG01928.paternal.f1_assembly_v2_genbank.fa.gz,gs://fc-4310e737-a388-4a10-8c9e-babe06aaf0cf/working/HPRC/HG01928/assemblies/year1_f1_assembly_v2_genbank/HG01928.maternal.f1_assembly_v2_genbank.fa.gz,f394a6900c6ba13bb2b9e91ac3d2dcc4863fa5d1fc5a6c0cf8241c6889a01afd,58fc6831a094299d6913b7d24b495790e70195badddec4a2ade405f63c24b4cf,/private/groups/hprc/qc_hmm_flagger/hprc_intermediate_assembly/assembly_qc/hprc_r1/censat/runs_toil_slurm/HG01928_paternal/analysis/centromereAnnotation_customized_hprc_r1_outputs/HG01928.paternal.f1_assembly_v2_genbank_rm.cenSat.bed,/private/groups/hprc/qc_hmm_flagger/hprc_intermediate_assembly/assembly_qc/hprc_r1/censat/runs_toil_slurm/HG01928_maternal/analysis/centromereAnnotation_customized_hprc_r1_outputs/HG01928.maternal.f1_assembly_v2_genbank_rm.cenSat.bed,/private/groups/hprc/qc_hmm_flagger/hprc_intermediate_assembly/assembly_qc/hprc_r1/hmm_flagger/diploid_censat_beds/HG01928_dip_hprc_r1.cenSat.bed,['/private/groups/hprc/qc_hmm_flagger/hprc_intermediate_assembly/assembly_qc/hprc_r1/hmm_flagger/diploid_censat_beds/HG01928_dip_hprc_r1.cenSat.rDNA.bed'],"['s3://human-pangenomics/working/HPRC/HG01928/raw_data/nanopore/guppy_6/HG01928_PAK44599_Guppy_6.5.7_450bps_modbases_5mc_cg_sup_prom_pass.bam', 's3://human-pangenomics/working/HPRC/HG01928/raw_data/nanopore/guppy_6/HG01928_PAK43931_Guppy_6.5.7_450bps_modbases_5mc_cg_sup_prom_pass.bam', 's3://human-pangenomics/working/HPRC/HG01928/raw_data/nanopore/guppy_6/HG01928_PAK45742_Guppy_6.5.7_450bps_modbases_5mc_cg_sup_prom_pass.bam', 's3://human-pangenomics/working/HPRC/HG01928/raw_data/nanopore/guppy_6/HG01928_PAK43967_Guppy_6.5.7_450bps_modbases_5mc_cg_sup_prom_pass.bam']",4,61.96,16,map-ont,15,"['s3://human-pangenomics/working/HPRC/HG01928/raw_data/nanopore/guppy_6/HG01928_1_Guppy_6.5.7_450bps_modbases_5mc_cg_sup_prom_pass.bam', 's3://human-pangenomics/working/HPRC/HG01928/raw_data/nanopore/guppy_6/HG01928_3_Guppy_6.5.7_450bps_modbases_5mc_cg_sup_prom_pass.bam', 's3://human-pangenomics/working/HPRC/HG01928/raw_data/nanopore/guppy_6/HG01928_5_Guppy_6.5.7_450bps_modbases_5mc_cg_sup_prom_pass.bam', 's3://human-pangenomics/working/HPRC/HG01928/raw_data/nanopore/guppy_6/HG01928_PAK43931_Guppy_6.5.7_450bps_modbases_5mc_cg_sup_prom_pass.bam', 's3://human-pangenomics/working/HPRC/HG01928/raw_data/nanopore/guppy_6/HG01928_PAK43967_Guppy_6.5.7_450bps_modbases_5mc_cg_sup_prom_pass.bam', 's3://human-pangenomics/working/HPRC/HG01928/raw_data/nanopore/guppy_6/HG01928_PAK44506_Guppy_6.5.7_450bps_modbases_5mc_cg_sup_prom_pass.bam', 's3://human-pangenomics/working/HPRC/HG01928/raw_data/nanopore/guppy_6/HG01928_PAK44599_Guppy_6.5.7_450bps_modbases_5mc_cg_sup_prom_pass.bam', 's3://human-pangenomics/working/HPRC/HG01928/raw_data/nanopore/guppy_6/HG01928_PAK45742_Guppy_6.5.7_450bps_modbases_5mc_cg_sup_prom_pass.bam', 's3://human-pangenomics/working/HPRC/HG01928/raw_data/nanopore/guppy_6/HG01928_PAM34944_Guppy_6.5.7_450bps_modbases_5mc_cg_sup_prom_pass.bam']",9,104.21,"[2.03, 4.82, 9.83, 15.72, 14.6, 13.39, 16.55, 15.09, 12.18]",7,R941,16000,https://raw.githubusercontent.com/mobinasri/flagger/refs/heads/main/misc/alpha_tsv/ONT_R941_Guppy6.3.7/alpha_optimum_trunc_exp_gaussian_w_16000_n_50.ONT_R941_Guppy6.3.7_DEC_2024.v1.1.0.tsv
HG01952,s3://human-pangenomics/working/HPRC/HG01952/assemblies/year1_f1_assembly_v2_genbank/HG01952.paternal.f1_assembly_v2_genbank.fa.gz,s3://human-pangenomics/working/HPRC/HG01952/assemblies/year1_f1_assembly_v2_genbank/HG01952.maternal.f1_assembly_v2_genbank.fa.gz,gs://fc-4310e737-a388-4a10-8c9e-babe06aaf0cf/working/HPRC/HG01952/assemblies/year1_f1_assembly_v2_genbank/HG01952.paternal.f1_assembly_v2_genbank.fa.gz,gs://fc-4310e737-a388-4a10-8c9e-babe06aaf0cf/working/HPRC/HG01952/assemblies/year1_f1_assembly_v2_genbank/HG01952.maternal.f1_assembly_v2_genbank.fa.gz,c6f0b80ab52d7c58c00fb4d59b46bb18569c00b3bf887a192f13052d4fcb106b,5b556ba7058119a135522443eac72f1a084772da2c42094b9f9ccde4e79589ce,/private/groups/hprc/qc_hmm_flagger/hprc_intermediate_assembly/assembly_qc/hprc_r1/censat/runs_toil_slurm/HG01952_paternal/analysis/centromereAnnotation_customized_hprc_r1_outputs/HG01952.paternal.f1_assembly_v2_genbank_rm.cenSat.bed,/private/groups/hprc/qc_hmm_flagger/hprc_intermediate_assembly/assembly_qc/hprc_r1/censat/runs_toil_slurm/HG01952_maternal/analysis/centromereAnnotation_customized_hprc_r1_outputs/HG01952.maternal.f1_assembly_v2_genbank_rm.cenSat.bed,/private/groups/hprc/qc_hmm_flagger/hprc_intermediate_assembly/assembly_qc/hprc_r1/hmm_flagger/diploid_censat_beds/HG01952_dip_hprc_r1.cenSat.bed,['/private/groups/hprc/qc_hmm_flagger/hprc_intermediate_assembly/assembly_qc/hprc_r1/hmm_flagger/diploid_censat_beds/HG01952_dip_hprc_r1.cenSat.rDNA.bed'],"['s3://human-pangenomics/working/HPRC/HG01952/raw_data/nanopore/guppy_6/03_14_23_R941_HG01952_1_Guppy_6.5.7_450bps_modbases_5mc_cg_sup_prom_pass.bam', 's3://human-pangenomics/working/HPRC/HG01952/raw_data/nanopore/guppy_6/03_14_23_R941_HG01952_2_Guppy_6.5.7_450bps_modbases_5mc_cg_sup_prom_pass.bam', 's3://human-pangenomics/working/HPRC/HG01952/raw_data/nanopore/guppy_6/HG01952_5_Guppy_6.5.7_450bps_modbases_5mc_cg_sup_prom_pass.bam']",3,60.05,21,map-ont,15,"['s3://human-pangenomics/working/HPRC/HG01952/raw_data/nanopore/guppy_6/03_14_23_R941_HG01952_1_Guppy_6.5.7_450bps_modbases_5mc_cg_sup_prom_pass.bam', 's3://human-pangenomics/working/HPRC/HG01952/raw_data/nanopore/guppy_6/03_14_23_R941_HG01952_2_Guppy_6.5.7_450bps_modbases_5mc_cg_sup_prom_pass.bam', 's3://human-pangenomics/working/HPRC/HG01952/raw_data/nanopore/guppy_6/HG01952_1_Guppy_6.5.7_450bps_modbases_5mc_cg_sup_prom_pass.bam', 's3://human-pangenomics/working/HPRC/HG01952/raw_data/nanopore/guppy_6/HG01952_3_Guppy_6.5.7_450bps_modbases_5mc_cg_sup_prom_pass.bam', 's3://human-pangenomics/working/HPRC/HG01952/raw_data/nanopore/guppy_6/HG01952_5_Guppy_6.5.7_450bps_modbases_5mc_cg_sup_prom_pass.bam']",5,72.86,"[24.65, 24.03, 9.23, 3.58, 11.37]",12,R941,16000,https://raw.githubusercontent.com/mobinasri/flagger/refs/heads/main/misc/alpha_tsv/ONT_R941_Guppy6.3.7/alpha_optimum_trunc_exp_gaussian_w_16000_n_50.ONT_R941_Guppy6.3.7_DEC_2024.v1.1.0.tsv
HG01978,s3://human-pangenomics/working/HPRC/HG01978/assemblies/year1_f1_assembly_v2_genbank/HG01978.paternal.f1_assembly_v2_genbank.fa.gz,s3://human-pangenomics/working/HPRC/HG01978/assemblies/year1_f1_assembly_v2_genbank/HG01978.maternal.f1_assembly_v2_genbank.fa.gz,gs://fc-4310e737-a388-4a10-8c9e-babe06aaf0cf/working/HPRC/HG01978/assemblies/year1_f1_assembly_v2_genbank/HG01978.paternal.f1_assembly_v2_genbank.fa.gz,gs://fc-4310e737-a388-4a10-8c9e-babe06aaf0cf/working/HPRC/HG01978/assemblies/year1_f1_assembly_v2_genbank/HG01978.maternal.f1_assembly_v2_genbank.fa.gz,9f74231668c0295afc07ced515b987430c042ca5bb04be162c67fb09aa8e88ee,94c18d5b4470a8c6baaa7f62b0683f19c0014b2153c4276ab44532d10a5ead7f,/private/groups/hprc/qc_hmm_flagger/hprc_intermediate_assembly/assembly_qc/hprc_r1/censat/runs_toil_slurm/HG01978_paternal/analysis/centromereAnnotation_customized_hprc_r1_outputs/HG01978.paternal.f1_assembly_v2_genbank_rm.cenSat.bed,/private/groups/hprc/qc_hmm_flagger/hprc_intermediate_assembly/assembly_qc/hprc_r1/censat/runs_toil_slurm/HG01978_maternal/analysis/centromereAnnotation_customized_hprc_r1_outputs/HG01978.maternal.f1_assembly_v2_genbank_rm.cenSat.bed,/private/groups/hprc/qc_hmm_flagger/hprc_intermediate_assembly/assembly_qc/hprc_r1/hmm_flagger/diploid_censat_beds/HG01978_dip_hprc_r1.cenSat.bed,['/private/groups/hprc/qc_hmm_flagger/hprc_intermediate_assembly/assembly_qc/hprc_r1/hmm_flagger/diploid_censat_beds/HG01978_dip_hprc_r1.cenSat.rDNA.bed'],"['s3://human-pangenomics/working/HPRC/HG01978/raw_data/nanopore/guppy_6/HG01978_PAM62481_Guppy_6.5.7_450bps_modbases_5mc_cg_sup_prom_pass.bam', 's3://human-pangenomics/working/HPRC/HG01978/raw_data/nanopore/guppy_6/HG01978_PAK27968_Guppy_6.5.7_450bps_modbases_5mc_cg_sup_prom_pass.bam', 's3://human-pangenomics/working/HPRC/HG01978/raw_data/nanopore/guppy_6/HG01978_3_Guppy_6.5.7_450bps_modbases_5mc_cg_sup_prom_pass.bam', 's3://human-pangenomics/working/HPRC/HG01978/raw_data/nanopore/guppy_6/HG01978_PAM54633_Guppy_6.5.7_450bps_modbases_5mc_cg_sup_prom_pass.bam']",4,60.33,16,map-ont,15,"['s3://human-pangenomics/working/HPRC/HG01978/raw_data/nanopore/guppy_6/HG01978_1_Guppy_6.5.7_450bps_modbases_5mc_cg_sup_prom_pass.bam', 's3://human-pangenomics/working/HPRC/HG01978/raw_data/nanopore/guppy_6/HG01978_3_Guppy_6.5.7_450bps_modbases_5mc_cg_sup_prom_pass.bam', 's3://human-pangenomics/working/HPRC/HG01978/raw_data/nanopore/guppy_6/HG01978_5_Guppy_6.5.7_450bps_modbases_5mc_cg_sup_prom_pass.bam', 's3://human-pangenomics/working/HPRC/HG01978/raw_data/nanopore/guppy_6/HG01978_PAK27968_Guppy_6.5.7_450bps_modbases_5mc_cg_sup_prom_pass.bam', 's3://human-pangenomics/working/HPRC/HG01978/raw_data/nanopore/guppy_6/HG01978_PAM54485_Guppy_6.5.7_450bps_modbases_5mc_cg_sup_prom_pass.bam', 's3://human-pangenomics/working/HPRC/HG01978/raw_data/nanopore/guppy_6/HG01978_PAM54633_Guppy_6.5.7_450bps_modbases_5mc_cg_sup_prom_pass.bam', 's3://human-pangenomics/working/HPRC/HG01978/raw_data/nanopore/guppy_6/HG01978_PAM59653_Guppy_6.5.7_450bps_modbases_5mc_cg_sup_prom_pass.bam', 's3://human-pangenomics/working/HPRC/HG01978/raw_data/nanopore/guppy_6/HG01978_PAM62027_Guppy_6.5.7_450bps_modbases_5mc_cg_sup_prom_pass.bam', 's3://human-pangenomics/working/HPRC/HG01978/raw_data/nanopore/guppy_6/HG01978_PAM62481_Guppy_6.5.7_450bps_modbases_5mc_cg_sup_prom_pass.bam']",9,109.02,"[5.12, 14.47, 11.79, 14.77, 8.84, 12.67, 12.27, 10.67, 18.42]",7,R941,16000,https://raw.githubusercontent.com/mobinasri/flagger/refs/heads/main/misc/alpha_tsv/ONT_R941_Guppy6.3.7/alpha_optimum_trunc_exp_gaussian_w_16000_n_50.ONT_R941_Guppy6.3.7_DEC_2024.v1.1.0.tsv
HG02148,s3://human-pangenomics/working/HPRC/HG02148/assemblies/year1_f1_assembly_v2_genbank/HG02148.paternal.f1_assembly_v2_genbank.fa.gz,s3://human-pangenomics/working/HPRC/HG02148/assemblies/year1_f1_assembly_v2_genbank/HG02148.maternal.f1_assembly_v2_genbank.fa.gz,gs://fc-4310e737-a388-4a10-8c9e-babe06aaf0cf/working/HPRC/HG02148/assemblies/year1_f1_assembly_v2_genbank/HG02148.paternal.f1_assembly_v2_genbank.fa.gz,gs://fc-4310e737-a388-4a10-8c9e-babe06aaf0cf/working/HPRC/HG02148/assemblies/year1_f1_assembly_v2_genbank/HG02148.maternal.f1_assembly_v2_genbank.fa.gz,931d6a40b3240f27f6fdcff40820446939e9e4b369ae294aaa18edcbd3822a1a,7cec12342242d476e1e31b5d456c8eea6ffce07b43a42262f047088d995d8534,/private/groups/hprc/qc_hmm_flagger/hprc_intermediate_assembly/assembly_qc/hprc_r1/censat/runs_toil_slurm/HG02148_paternal/analysis/centromereAnnotation_customized_hprc_r1_outputs/HG02148.paternal.f1_assembly_v2_genbank_rm.cenSat.bed,/private/groups/hprc/qc_hmm_flagger/hprc_intermediate_assembly/assembly_qc/hprc_r1/censat/runs_toil_slurm/HG02148_maternal/analysis/centromereAnnotation_customized_hprc_r1_outputs/HG02148.maternal.f1_assembly_v2_genbank_rm.cenSat.bed,/private/groups/hprc/qc_hmm_flagger/hprc_intermediate_assembly/assembly_qc/hprc_r1/hmm_flagger/diploid_censat_beds/HG02148_dip_hprc_r1.cenSat.bed,['/private/groups/hprc/qc_hmm_flagger/hprc_intermediate_assembly/assembly_qc/hprc_r1/hmm_flagger/diploid_censat_beds/HG02148_dip_hprc_r1.cenSat.rDNA.bed'],"['s3://human-pangenomics/working/HPRC/HG02148/raw_data/nanopore/guppy_6/03_14_23_R941_HG02148_2_Guppy_6.5.7_450bps_modbases_5mc_cg_sup_prom_pass.bam', 's3://human-pangenomics/working/HPRC/HG02148/raw_data/nanopore/guppy_6/03_14_23_R941_HG02148_1_Guppy_6.5.7_450bps_modbases_5mc_cg_sup_prom_pass.bam', 's3://human-pangenomics/working/HPRC/HG02148/raw_data/nanopore/guppy_6/HG02148_1_Guppy_6.5.7_450bps_modbases_5mc_cg_sup_prom_pass.bam', 's3://human-pangenomics/working/HPRC/HG02148/raw_data/nanopore/guppy_6/HG02148_3_Guppy_6.5.7_450bps_modbases_5mc_cg_sup_prom_pass.bam', 's3://human-pangenomics/working/HPRC/HG02148/raw_data/nanopore/guppy_6/HG02148_5_Guppy_6.5.7_450bps_modbases_5mc_cg_sup_prom_pass.bam']",5,62.63,12,map-ont,15,"['s3://human-pangenomics/working/HPRC/HG02148/raw_data/nanopore/guppy_6/03_14_23_R941_HG02148_1_Guppy_6.5.7_450bps_modbases_5mc_cg_sup_prom_pass.bam', 's3://human-pangenomics/working/HPRC/HG02148/raw_data/nanopore/guppy_6/03_14_23_R941_HG02148_2_Guppy_6.5.7_450bps_modbases_5mc_cg_sup_prom_pass.bam', 's3://human-pangenomics/working/HPRC/HG02148/raw_data/nanopore/guppy_6/HG02148_1_Guppy_6.5.7_450bps_modbases_5mc_cg_sup_prom_pass.bam', 's3://human-pangenomics/working/HPRC/HG02148/raw_data/nanopore/guppy_6/HG02148_3_Guppy_6.5.7_450bps_modbases_5mc_cg_sup_prom_pass.bam', 's3://human-pangenomics/working/HPRC/HG02148/raw_data/nanopore/guppy_6/HG02148_5_Guppy_6.5.7_450bps_modbases_5mc_cg_sup_prom_pass.bam']",5,62.63,"[21.02, 26.33, 6.02, 4.93, 4.33]",12,R941,16000,https://raw.githubusercontent.com/mobinasri/flagger/refs/heads/main/misc/alpha_tsv/ONT_R941_Guppy6.3.7/alpha_optimum_trunc_exp_gaussian_w_16000_n_50.ONT_R941_Guppy6.3.7_DEC_2024.v1.1.0.tsv
HG02257,s3://human-pangenomics/working/HPRC/HG02257/assemblies/year1_f1_assembly_v2_genbank/HG02257.paternal.f1_assembly_v2_genbank.fa.gz,s3://human-pangenomics/working/HPRC/HG02257/assemblies/year1_f1_assembly_v2_genbank/HG02257.maternal.f1_assembly_v2_genbank.fa.gz,gs://fc-4310e737-a388-4a10-8c9e-babe06aaf0cf/working/HPRC/HG02257/assemblies/year1_f1_assembly_v2_genbank/HG02257.paternal.f1_assembly_v2_genbank.fa.gz,gs://fc-4310e737-a388-4a10-8c9e-babe06aaf0cf/working/HPRC/HG02257/assemblies/year1_f1_assembly_v2_genbank/HG02257.maternal.f1_assembly_v2_genbank.fa.gz,75a5efb57e8cb460d4c353807b0e377ea4cbf8ab0b6027822ff9ac9942580968,febe94c80a4f319f7db03d87b344e387933dfa66609bda0d59c23f85fe854ee2,/private/groups/hprc/qc_hmm_flagger/hprc_intermediate_assembly/assembly_qc/hprc_r1/censat/runs_toil_slurm/HG02257_paternal/analysis/centromereAnnotation_customized_hprc_r1_outputs/HG02257.paternal.f1_assembly_v2_genbank_rm.cenSat.bed,/private/groups/hprc/qc_hmm_flagger/hprc_intermediate_assembly/assembly_qc/hprc_r1/censat/runs_toil_slurm/HG02257_maternal/analysis/centromereAnnotation_customized_hprc_r1_outputs/HG02257.maternal.f1_assembly_v2_genbank_rm.cenSat.bed,/private/groups/hprc/qc_hmm_flagger/hprc_intermediate_assembly/assembly_qc/hprc_r1/hmm_flagger/diploid_censat_beds/HG02257_dip_hprc_r1.cenSat.bed,['/private/groups/hprc/qc_hmm_flagger/hprc_intermediate_assembly/assembly_qc/hprc_r1/hmm_flagger/diploid_censat_beds/HG02257_dip_hprc_r1.cenSat.rDNA.bed'],"['s3://human-pangenomics/working/HPRC/HG02257/raw_data/nanopore/guppy_6/12_7_22_R941_HG02257_2_Guppy_6.5.7_450bps_modbases_5mc_cg_sup_prom_pass.bam', 's3://human-pangenomics/working/HPRC/HG02257/raw_data/nanopore/guppy_6/12_7_22_R941_HG02257_1_Guppy_6.5.7_450bps_modbases_5mc_cg_sup_prom_pass.bam', 's3://human-pangenomics/working/HPRC/HG02257/raw_data/nanopore/guppy_6/HG02257_3_Guppy_6.5.7_450bps_modbases_5mc_cg_sup_prom_pass.bam', 's3://human-pangenomics/working/HPRC/HG02257/raw_data/nanopore/guppy_6/HG02257_1_Guppy_6.5.7_450bps_modbases_5mc_cg_sup_prom_pass.bam', 's3://human-pangenomics/working/HPRC/HG02257/raw_data/nanopore/guppy_6/HG02257_5_Guppy_6.5.7_450bps_modbases_5mc_cg_sup_prom_pass.bam']",5,44.79,12,map-ont,15,"['s3://human-pangenomics/working/HPRC/HG02257/raw_data/nanopore/guppy_6/12_7_22_R941_HG02257_1_Guppy_6.5.7_450bps_modbases_5mc_cg_sup_prom_pass.bam', 's3://human-pangenomics/working/HPRC/HG02257/raw_data/nanopore/guppy_6/12_7_22_R941_HG02257_2_Guppy_6.5.7_450bps_modbases_5mc_cg_sup_prom_pass.bam', 's3://human-pangenomics/working/HPRC/HG02257/raw_data/nanopore/guppy_6/HG02257_1_Guppy_6.5.7_450bps_modbases_5mc_cg_sup_prom_pass.bam', 's3://human-pangenomics/working/HPRC/HG02257/raw_data/nanopore/guppy_6/HG02257_3_Guppy_6.5.7_450bps_modbases_5mc_cg_sup_prom_pass.bam', 's3://human-pangenomics/working/HPRC/HG02257/raw_data/nanopore/guppy_6/HG02257_5_Guppy_6.5.7_450bps_modbases_5mc_cg_sup_prom_pass.bam']",5,44.79,"[14.12, 15.57, 5.5, 6.1, 3.5]",12,R941,16000,https://raw.githubusercontent.com/mobinasri/flagger/refs/heads/main/misc/alpha_tsv/ONT_R941_Guppy6.3.7/alpha_optimum_trunc_exp_gaussian_w_16000_n_50.ONT_R941_Guppy6.3.7_DEC_2024.v1.1.0.tsv
HG02486,s3://human-pangenomics/working/HPRC/HG02486/assemblies/year1_f1_assembly_v2_genbank/HG02486.paternal.f1_assembly_v2_genbank.fa.gz,s3://human-pangenomics/working/HPRC/HG02486/assemblies/year1_f1_assembly_v2_genbank/HG02486.maternal.f1_assembly_v2_genbank.fa.gz,gs://fc-4310e737-a388-4a10-8c9e-babe06aaf0cf/working/HPRC/HG02486/assemblies/year1_f1_assembly_v2_genbank/HG02486.paternal.f1_assembly_v2_genbank.fa.gz,gs://fc-4310e737-a388-4a10-8c9e-babe06aaf0cf/working/HPRC/HG02486/assemblies/year1_f1_assembly_v2_genbank/HG02486.maternal.f1_assembly_v2_genbank.fa.gz,10116f1231a15778e8f4b06ae6fba96d377b075ca3157693b27b1c830c51d6e1,62e351be300c24daf8134d9d4a2fee302444dbfa45c3e052cc0f1364c8c04e6f,/private/groups/hprc/qc_hmm_flagger/hprc_intermediate_assembly/assembly_qc/hprc_r1/censat/runs_toil_slurm/HG02486_paternal/analysis/centromereAnnotation_customized_hprc_r1_outputs/HG02486.paternal.f1_assembly_v2_genbank_rm.cenSat.bed,/private/groups/hprc/qc_hmm_flagger/hprc_intermediate_assembly/assembly_qc/hprc_r1/censat/runs_toil_slurm/HG02486_maternal/analysis/centromereAnnotation_customized_hprc_r1_outputs/HG02486.maternal.f1_assembly_v2_genbank_rm.cenSat.bed,/private/groups/hprc/qc_hmm_flagger/hprc_intermediate_assembly/assembly_qc/hprc_r1/hmm_flagger/diploid_censat_beds/HG02486_dip_hprc_r1.cenSat.bed,['/private/groups/hprc/qc_hmm_flagger/hprc_intermediate_assembly/assembly_qc/hprc_r1/hmm_flagger/diploid_censat_beds/HG02486_dip_hprc_r1.cenSat.rDNA.bed'],"['s3://human-pangenomics/working/HPRC/HG02486/raw_data/nanopore/guppy_6/12_7_22_R941_HG02486_1_Guppy_6.5.7_450bps_modbases_5mc_cg_sup_prom_pass.bam', 's3://human-pangenomics/working/HPRC/HG02486/raw_data/nanopore/guppy_6/12_7_22_R941_HG02486_2_Guppy_6.5.7_450bps_modbases_5mc_cg_sup_prom_pass.bam', 's3://human-pangenomics/working/HPRC/HG02486/raw_data/nanopore/guppy_6/HG02486_1_Guppy_6.5.7_450bps_modbases_5mc_cg_sup_prom_pass.bam', 's3://human-pangenomics/working/HPRC/HG02486/raw_data/nanopore/guppy_6/HG02486_3_Guppy_6.5.7_450bps_modbases_5mc_cg_sup_prom_pass.bam', 's3://human-pangenomics/working/HPRC/HG02486/raw_data/nanopore/guppy_6/HG02486_2_Guppy_6.5.7_450bps_modbases_5mc_cg_sup_prom_pass.bam']",5,59.08,12,map-ont,15,"['s3://human-pangenomics/working/HPRC/HG02486/raw_data/nanopore/guppy_6/12_7_22_R941_HG02486_1_Guppy_6.5.7_450bps_modbases_5mc_cg_sup_prom_pass.bam', 's3://human-pangenomics/working/HPRC/HG02486/raw_data/nanopore/guppy_6/12_7_22_R941_HG02486_2_Guppy_6.5.7_450bps_modbases_5mc_cg_sup_prom_pass.bam', 's3://human-pangenomics/working/HPRC/HG02486/raw_data/nanopore/guppy_6/HG02486_1_Guppy_6.5.7_450bps_modbases_5mc_cg_sup_prom_pass.bam', 's3://human-pangenomics/working/HPRC/HG02486/raw_data/nanopore/guppy_6/HG02486_2_Guppy_6.5.7_450bps_modbases_5mc_cg_sup_prom_pass.bam', 's3://human-pangenomics/working/HPRC/HG02486/raw_data/nanopore/guppy_6/HG02486_3_Guppy_6.5.7_450bps_modbases_5mc_cg_sup_prom_pass.bam']",5,59.08,"[17.68, 17.07, 11.37, 4.65, 8.31]",12,R941,16000,https://raw.githubusercontent.com/mobinasri/flagger/refs/heads/main/misc/alpha_tsv/ONT_R941_Guppy6.3.7/alpha_optimum_trunc_exp_gaussian_w_16000_n_50.ONT_R941_Guppy6.3.7_DEC_2024.v1.1.0.tsv
HG02559,s3://human-pangenomics/working/HPRC/HG02559/assemblies/year1_f1_assembly_v2_genbank/HG02559.paternal.f1_assembly_v2_genbank.fa.gz,s3://human-pangenomics/working/HPRC/HG02559/assemblies/year1_f1_assembly_v2_genbank/HG02559.maternal.f1_assembly_v2_genbank.fa.gz,gs://fc-4310e737-a388-4a10-8c9e-babe06aaf0cf/working/HPRC/HG02559/assemblies/year1_f1_assembly_v2_genbank/HG02559.paternal.f1_assembly_v2_genbank.fa.gz,gs://fc-4310e737-a388-4a10-8c9e-babe06aaf0cf/working/HPRC/HG02559/assemblies/year1_f1_assembly_v2_genbank/HG02559.maternal.f1_assembly_v2_genbank.fa.gz,c6666f821d9ecda2b68079f45697b076f2f9f27f9adfbd0137fb9e1f761b6dd2,65152219bd5add93081b21b26719a83a63a0eef8cfa75b3340a74fd81e636b6d,/private/groups/hprc/qc_hmm_flagger/hprc_intermediate_assembly/assembly_qc/hprc_r1/censat/runs_toil_slurm/HG02559_paternal/analysis/centromereAnnotation_customized_hprc_r1_outputs/HG02559.paternal.f1_assembly_v2_genbank_rm.cenSat.bed,/private/groups/hprc/qc_hmm_flagger/hprc_intermediate_assembly/assembly_qc/hprc_r1/censat/runs_toil_slurm/HG02559_maternal/analysis/centromereAnnotation_customized_hprc_r1_outputs/HG02559.maternal.f1_assembly_v2_genbank_rm.cenSat.bed,/private/groups/hprc/qc_hmm_flagger/hprc_intermediate_assembly/assembly_qc/hprc_r1/hmm_flagger/diploid_censat_beds/HG02559_dip_hprc_r1.cenSat.bed,['/private/groups/hprc/qc_hmm_flagger/hprc_intermediate_assembly/assembly_qc/hprc_r1/hmm_flagger/diploid_censat_beds/HG02559_dip_hprc_r1.cenSat.rDNA.bed'],"['s3://human-pangenomics/working/HPRC/HG02559/raw_data/nanopore/guppy_6/12_7_22_R941_HG02559_1_Guppy_6.5.7_450bps_modbases_5mc_cg_sup_prom_pass.bam', 's3://human-pangenomics/working/HPRC/HG02559/raw_data/nanopore/guppy_6/12_7_22_R941_HG02559_2_Guppy_6.5.7_450bps_modbases_5mc_cg_sup_prom_pass.bam', 's3://human-pangenomics/working/HPRC/HG02559/raw_data/nanopore/guppy_6/HG02559_3_Guppy_6.5.7_450bps_modbases_5mc_cg_sup_prom_pass.bam', 's3://human-pangenomics/working/HPRC/HG02559/raw_data/nanopore/guppy_6/HG02559_5_Guppy_6.5.7_450bps_modbases_5mc_cg_sup_prom_pass.bam', 's3://human-pangenomics/working/HPRC/HG02559/raw_data/nanopore/guppy_6/HG02559_1_Guppy_6.5.7_450bps_modbases_5mc_cg_sup_prom_pass.bam', 's3://human-pangenomics/working/HPRC/HG02559/raw_data/nanopore/guppy_6/HG02559_2_Guppy_6.5.7_450bps_modbases_5mc_cg_sup_prom_pass.bam']",6,58.74,10,map-ont,15,"['s3://human-pangenomics/working/HPRC/HG02559/raw_data/nanopore/guppy_6/12_7_22_R941_HG02559_1_Guppy_6.5.7_450bps_modbases_5mc_cg_sup_prom_pass.bam', 's3://human-pangenomics/working/HPRC/HG02559/raw_data/nanopore/guppy_6/12_7_22_R941_HG02559_2_Guppy_6.5.7_450bps_modbases_5mc_cg_sup_prom_pass.bam', 's3://human-pangenomics/working/HPRC/HG02559/raw_data/nanopore/guppy_6/HG02559_1_Guppy_6.5.7_450bps_modbases_5mc_cg_sup_prom_pass.bam', 's3://human-pangenomics/working/HPRC/HG02559/raw_data/nanopore/guppy_6/HG02559_2_Guppy_6.5.7_450bps_modbases_5mc_cg_sup_prom_pass.bam', 's3://human-pangenomics/working/HPRC/HG02559/raw_data/nanopore/guppy_6/HG02559_3_Guppy_6.5.7_450bps_modbases_5mc_cg_sup_prom_pass.bam', 's3://human-pangenomics/working/HPRC/HG02559/raw_data/nanopore/guppy_6/HG02559_5_Guppy_6.5.7_450bps_modbases_5mc_cg_sup_prom_pass.bam']",6,58.74,"[22.77, 20.56, 3.4, 2.54, 5.76, 3.71]",10,R941,16000,https://raw.githubusercontent.com/mobinasri/flagger/refs/heads/main/misc/alpha_tsv/ONT_R941_Guppy6.3.7/alpha_optimum_trunc_exp_gaussian_w_16000_n_50.ONT_R941_Guppy6.3.7_DEC_2024.v1.1.0.tsv
HG02572,s3://human-pangenomics/working/HPRC/HG02572/assemblies/year1_f1_assembly_v2_genbank/HG02572.paternal.f1_assembly_v2_genbank.fa.gz,s3://human-pangenomics/working/HPRC/HG02572/assemblies/year1_f1_assembly_v2_genbank/HG02572.maternal.f1_assembly_v2_genbank.fa.gz,gs://fc-4310e737-a388-4a10-8c9e-babe06aaf0cf/working/HPRC/HG02572/assemblies/year1_f1_assembly_v2_genbank/HG02572.paternal.f1_assembly_v2_genbank.fa.gz,gs://fc-4310e737-a388-4a10-8c9e-babe06aaf0cf/working/HPRC/HG02572/assemblies/year1_f1_assembly_v2_genbank/HG02572.maternal.f1_assembly_v2_genbank.fa.gz,54f2b02e3b367b534569eb83b0893109d63f6698510a762055ce8d26fa6c7ea4,c790e80eafdf11790b349a09c43106aa7671c019955519ac683baa037121812b,,,,[],"['s3://human-pangenomics/working/HPRC/HG02572/raw_data/nanopore/guppy_6/03_14_23_R941_HG02572_2_Guppy_6.5.7_450bps_modbases_5mc_cg_sup_prom_pass.bam', 's3://human-pangenomics/working/HPRC/HG02572/raw_data/nanopore/guppy_6/03_14_23_R941_HG02572_1_Guppy_6.5.7_450bps_modbases_5mc_cg_sup_prom_pass.bam', 's3://human-pangenomics/working/HPRC/HG02572/raw_data/nanopore/guppy_6/HG02572_3_Guppy_6.5.7_450bps_modbases_5mc_cg_sup_prom_pass.bam', 's3://human-pangenomics/working/HPRC/HG02572/raw_data/nanopore/guppy_6/HG02572_1_Guppy_6.5.7_450bps_modbases_5mc_cg_sup_prom_pass.bam']",4,60.92,16,map-ont,15,"['s3://human-pangenomics/working/HPRC/HG02572/raw_data/nanopore/guppy_6/03_14_23_R941_HG02572_1_Guppy_6.5.7_450bps_modbases_5mc_cg_sup_prom_pass.bam', 's3://human-pangenomics/working/HPRC/HG02572/raw_data/nanopore/guppy_6/03_14_23_R941_HG02572_2_Guppy_6.5.7_450bps_modbases_5mc_cg_sup_prom_pass.bam', 's3://human-pangenomics/working/HPRC/HG02572/raw_data/nanopore/guppy_6/HG02572_1_Guppy_6.5.7_450bps_modbases_5mc_cg_sup_prom_pass.bam', 's3://human-pangenomics/working/HPRC/HG02572/raw_data/nanopore/guppy_6/HG02572_3_Guppy_6.5.7_450bps_modbases_5mc_cg_sup_prom_pass.bam', 's3://human-pangenomics/working/HPRC/HG02572/raw_data/nanopore/guppy_6/HG02572_5_Guppy_6.5.7_450bps_modbases_5mc_cg_sup_prom_pass.bam']",5,63.92,"[20.7, 30.13, 4.22, 5.87, 3.0]",12,R941,16000,https://raw.githubusercontent.com/mobinasri/flagger/refs/heads/main/misc/alpha_tsv/ONT_R941_Guppy6.3.7/alpha_optimum_trunc_exp_gaussian_w_16000_n_50.ONT_R941_Guppy6.3.7_DEC_2024.v1.1.0.tsv
HG02622,s3://human-pangenomics/working/HPRC/HG02622/assemblies/year1_f1_assembly_v2_genbank/HG02622.paternal.f1_assembly_v2_genbank.fa.gz,s3://human-pangenomics/working/HPRC/HG02622/assemblies/year1_f1_assembly_v2_genbank/HG02622.maternal.f1_assembly_v2_genbank.fa.gz,gs://fc-4310e737-a388-4a10-8c9e-babe06aaf0cf/working/HPRC/HG02622/assemblies/year1_f1_assembly_v2_genbank/HG02622.paternal.f1_assembly_v2_genbank.fa.gz,gs://fc-4310e737-a388-4a10-8c9e-babe06aaf0cf/working/HPRC/HG02622/assemblies/year1_f1_assembly_v2_genbank/HG02622.maternal.f1_assembly_v2_genbank.fa.gz,b7168c3b978aaefba812b9ffba93239eba00c070e59df9820a4ee38ef084b356,fe3d091c2a223bee155e40d46328410425a58f4971dbd7c32f28a3d393b9f533,/private/groups/hprc/qc_hmm_flagger/hprc_intermediate_assembly/assembly_qc/hprc_r1/censat/runs_toil_slurm/HG02622_paternal/analysis/centromereAnnotation_customized_hprc_r1_outputs/HG02622.paternal.f1_assembly_v2_genbank_rm.cenSat.bed,/private/groups/hprc/qc_hmm_flagger/hprc_intermediate_assembly/assembly_qc/hprc_r1/censat/runs_toil_slurm/HG02622_maternal/analysis/centromereAnnotation_customized_hprc_r1_outputs/HG02622.maternal.f1_assembly_v2_genbank_rm.cenSat.bed,/private/groups/hprc/qc_hmm_flagger/hprc_intermediate_assembly/assembly_qc/hprc_r1/hmm_flagger/diploid_censat_beds/HG02622_dip_hprc_r1.cenSat.bed,['/private/groups/hprc/qc_hmm_flagger/hprc_intermediate_assembly/assembly_qc/hprc_r1/hmm_flagger/diploid_censat_beds/HG02622_dip_hprc_r1.cenSat.rDNA.bed'],"['s3://human-pangenomics/working/HPRC/HG02622/raw_data/nanopore/guppy_6/03_14_23_R941_HG02622_2_Guppy_6.5.7_450bps_modbases_5mc_cg_sup_prom_pass.bam', 's3://human-pangenomics/working/HPRC/HG02622/raw_data/nanopore/guppy_6/03_14_23_R941_HG02622_1_Guppy_6.5.7_450bps_modbases_5mc_cg_sup_prom_pass.bam', 's3://human-pangenomics/working/HPRC/HG02622/raw_data/nanopore/guppy_6/HG02622_3_Guppy_6.5.7_450bps_modbases_5mc_cg_sup_prom_pass.bam', 's3://human-pangenomics/working/HPRC/HG02622/raw_data/nanopore/guppy_6/HG02622_1_Guppy_6.5.7_450bps_modbases_5mc_cg_sup_prom_pass.bam', 's3://human-pangenomics/working/HPRC/HG02622/raw_data/nanopore/guppy_6/HG02622_5_Guppy_6.5.7_450bps_modbases_5mc_cg_sup_prom_pass.bam']",5,61.6,12,map-ont,15,"['s3://human-pangenomics/working/HPRC/HG02622/raw_data/nanopore/guppy_6/03_14_23_R941_HG02622_1_Guppy_6.5.7_450bps_modbases_5mc_cg_sup_prom_pass.bam', 's3://human-pangenomics/working/HPRC/HG02622/raw_data/nanopore/guppy_6/03_14_23_R941_HG02622_2_Guppy_6.5.7_450bps_modbases_5mc_cg_sup_prom_pass.bam', 's3://human-pangenomics/working/HPRC/HG02622/raw_data/nanopore/guppy_6/HG02622_1_Guppy_6.5.7_450bps_modbases_5mc_cg_sup_prom_pass.bam', 's3://human-pangenomics/working/HPRC/HG02622/raw_data/nanopore/guppy_6/HG02622_3_Guppy_6.5.7_450bps_modbases_5mc_cg_sup_prom_pass.bam', 's3://human-pangenomics/working/HPRC/HG02622/raw_data/nanopore/guppy_6/HG02622_5_Guppy_6.5.7_450bps_modbases_5mc_cg_sup_prom_pass.bam']",5,61.6,"[23.6, 26.24, 4.1, 4.6, 3.06]",12,R941,16000,https://raw.githubusercontent.com/mobinasri/flagger/refs/heads/main/misc/alpha_tsv/ONT_R941_Guppy6.3.7/alpha_optimum_trunc_exp_gaussian_w_16000_n_50.ONT_R941_Guppy6.3.7_DEC_2024.v1.1.0.tsv
HG02630,s3://human-pangenomics/working/HPRC/HG02630/assemblies/year1_f1_assembly_v2_genbank/HG02630.paternal.f1_assembly_v2_genbank.fa.gz,s3://human-pangenomics/working/HPRC/HG02630/assemblies/year1_f1_assembly_v2_genbank/HG02630.maternal.f1_assembly_v2_genbank.fa.gz,gs://fc-4310e737-a388-4a10-8c9e-babe06aaf0cf/working/HPRC/HG02630/assemblies/year1_f1_assembly_v2_genbank/HG02630.paternal.f1_assembly_v2_genbank.fa.gz,gs://fc-4310e737-a388-4a10-8c9e-babe06aaf0cf/working/HPRC/HG02630/assemblies/year1_f1_assembly_v2_genbank/HG02630.maternal.f1_assembly_v2_genbank.fa.gz,2f530c1a83ff1aa5e42711bf59af65bb1ef58038adce31edc50c4671a51fd1eb,b65d2f534ddbfedcac74c80932e25201b45dde2a2e9c6536ff35155073bc2a97,/private/groups/hprc/qc_hmm_flagger/hprc_intermediate_assembly/assembly_qc/hprc_r1/censat/runs_toil_slurm/HG02630_paternal/analysis/centromereAnnotation_customized_hprc_r1_outputs/HG02630.paternal.f1_assembly_v2_genbank_rm.cenSat.bed,/private/groups/hprc/qc_hmm_flagger/hprc_intermediate_assembly/assembly_qc/hprc_r1/censat/runs_toil_slurm/HG02630_maternal/analysis/centromereAnnotation_customized_hprc_r1_outputs/HG02630.maternal.f1_assembly_v2_genbank_rm.cenSat.bed,/private/groups/hprc/qc_hmm_flagger/hprc_intermediate_assembly/assembly_qc/hprc_r1/hmm_flagger/diploid_censat_beds/HG02630_dip_hprc_r1.cenSat.bed,['/private/groups/hprc/qc_hmm_flagger/hprc_intermediate_assembly/assembly_qc/hprc_r1/hmm_flagger/diploid_censat_beds/HG02630_dip_hprc_r1.cenSat.rDNA.bed'],"['s3://human-pangenomics/working/HPRC/HG02630/raw_data/nanopore/guppy_6/04_11_23_R941_HG02630_2_Guppy_6.5.7_450bps_modbases_5mc_cg_sup_prom_pass.bam', 's3://human-pangenomics/working/HPRC/HG02630/raw_data/nanopore/guppy_6/04_11_23_R941_HG02630_1_Guppy_6.5.7_450bps_modbases_5mc_cg_sup_prom_pass.bam', 's3://human-pangenomics/working/HPRC/HG02630/raw_data/nanopore/guppy_6/HG02630_5_Guppy_6.5.7_450bps_modbases_5mc_cg_sup_prom_pass.bam']",3,69.21,21,map-ont,15,"['s3://human-pangenomics/working/HPRC/HG02630/raw_data/nanopore/guppy_6/04_11_23_R941_HG02630_1_Guppy_6.5.7_450bps_modbases_5mc_cg_sup_prom_pass.bam', 's3://human-pangenomics/working/HPRC/HG02630/raw_data/nanopore/guppy_6/04_11_23_R941_HG02630_2_Guppy_6.5.7_450bps_modbases_5mc_cg_sup_prom_pass.bam', 's3://human-pangenomics/working/HPRC/HG02630/raw_data/nanopore/guppy_6/HG02630_1_Guppy_6.5.7_450bps_modbases_5mc_cg_sup_prom_pass.bam', 's3://human-pangenomics/working/HPRC/HG02630/raw_data/nanopore/guppy_6/HG02630_3_Guppy_6.5.7_450bps_modbases_5mc_cg_sup_prom_pass.bam', 's3://human-pangenomics/working/HPRC/HG02630/raw_data/nanopore/guppy_6/HG02630_5_Guppy_6.5.7_450bps_modbases_5mc_cg_sup_prom_pass.bam']",5,76.13,"[24.68, 34.99, 1.04, 5.88, 9.54]",12,R941,16000,https://raw.githubusercontent.com/mobinasri/flagger/refs/heads/main/misc/alpha_tsv/ONT_R941_Guppy6.3.7/alpha_optimum_trunc_exp_gaussian_w_16000_n_50.ONT_R941_Guppy6.3.7_DEC_2024.v1.1.0.tsv
HG02717,s3://human-pangenomics/working/HPRC/HG02717/assemblies/year1_f1_assembly_v2_genbank/HG02717.paternal.f1_assembly_v2_genbank.fa.gz,s3://human-pangenomics/working/HPRC/HG02717/assemblies/year1_f1_assembly_v2_genbank/HG02717.maternal.f1_assembly_v2_genbank.fa.gz,gs://fc-4310e737-a388-4a10-8c9e-babe06aaf0cf/working/HPRC/HG02717/assemblies/year1_f1_assembly_v2_genbank/HG02717.paternal.f1_assembly_v2_genbank.fa.gz,gs://fc-4310e737-a388-4a10-8c9e-babe06aaf0cf/working/HPRC/HG02717/assemblies/year1_f1_assembly_v2_genbank/HG02717.maternal.f1_assembly_v2_genbank.fa.gz,6d7754c4c61594d5ea3aecf9cff9e916d17db4ec727634504160fb122af95473,90118c064532b848c572fb9050708c8d53ccce687633ceccc716dd488d840e68,/private/groups/hprc/qc_hmm_flagger/hprc_intermediate_assembly/assembly_qc/hprc_r1/censat/runs_toil_slurm/HG02717_paternal/analysis/centromereAnnotation_customized_hprc_r1_outputs/HG02717.paternal.f1_assembly_v2_genbank_rm.cenSat.bed,/private/groups/hprc/qc_hmm_flagger/hprc_intermediate_assembly/assembly_qc/hprc_r1/censat/runs_toil_slurm/HG02717_maternal/analysis/centromereAnnotation_customized_hprc_r1_outputs/HG02717.maternal.f1_assembly_v2_genbank_rm.cenSat.bed,/private/groups/hprc/qc_hmm_flagger/hprc_intermediate_assembly/assembly_qc/hprc_r1/hmm_flagger/diploid_censat_beds/HG02717_dip_hprc_r1.cenSat.bed,['/private/groups/hprc/qc_hmm_flagger/hprc_intermediate_assembly/assembly_qc/hprc_r1/hmm_flagger/diploid_censat_beds/HG02717_dip_hprc_r1.cenSat.rDNA.bed'],"['s3://human-pangenomics/working/HPRC/HG02717/raw_data/nanopore/guppy_6/HG02717_PAK43947_Guppy_6.5.7_450bps_modbases_5mc_cg_sup_prom_pass.bam', 's3://human-pangenomics/working/HPRC/HG02717/raw_data/nanopore/guppy_6/HG02717_PAK44878_Guppy_6.5.7_450bps_modbases_5mc_cg_sup_prom_pass.bam', 's3://human-pangenomics/working/HPRC/HG02717/raw_data/nanopore/guppy_6/HG02717_PAK46278_Guppy_6.5.7_450bps_modbases_5mc_cg_sup_prom_pass.bam', 's3://human-pangenomics/working/HPRC/HG02717/raw_data/nanopore/guppy_6/HG02717_PAK46297_Guppy_6.5.7_450bps_modbases_5mc_cg_sup_prom_pass.bam']",4,61.41,16,map-ont,15,"['s3://human-pangenomics/working/HPRC/HG02717/raw_data/nanopore/guppy_6/HG02717_1_Guppy_6.5.7_450bps_modbases_5mc_cg_sup_prom_pass.bam', 's3://human-pangenomics/working/HPRC/HG02717/raw_data/nanopore/guppy_6/HG02717_3_Guppy_6.5.7_450bps_modbases_5mc_cg_sup_prom_pass.bam', 's3://human-pangenomics/working/HPRC/HG02717/raw_data/nanopore/guppy_6/HG02717_5_Guppy_6.5.7_450bps_modbases_5mc_cg_sup_prom_pass.bam', 's3://human-pangenomics/working/HPRC/HG02717/raw_data/nanopore/guppy_6/HG02717_PAK21733_Guppy_6.5.7_450bps_modbases_5mc_cg_sup_prom_pass.bam', 's3://human-pangenomics/working/HPRC/HG02717/raw_data/nanopore/guppy_6/HG02717_PAK43947_Guppy_6.5.7_450bps_modbases_5mc_cg_sup_prom_pass.bam', 's3://human-pangenomics/working/HPRC/HG02717/raw_data/nanopore/guppy_6/HG02717_PAK44878_Guppy_6.5.7_450bps_modbases_5mc_cg_sup_prom_pass.bam', 's3://human-pangenomics/working/HPRC/HG02717/raw_data/nanopore/guppy_6/HG02717_PAK46278_Guppy_6.5.7_450bps_modbases_5mc_cg_sup_prom_pass.bam', 's3://human-pangenomics/working/HPRC/HG02717/raw_data/nanopore/guppy_6/HG02717_PAK46297_Guppy_6.5.7_450bps_modbases_5mc_cg_sup_prom_pass.bam', 's3://human-pangenomics/working/HPRC/HG02717/raw_data/nanopore/guppy_6/HG02717_PAM32901_Guppy_6.5.7_450bps_modbases_5mc_cg_sup_prom_pass.bam']",9,107.6,"[2.37, 9.09, 10.89, 11.04, 16.69, 15.91, 15.01, 13.8, 12.8]",7,R941,16000,https://raw.githubusercontent.com/mobinasri/flagger/refs/heads/main/misc/alpha_tsv/ONT_R941_Guppy6.3.7/alpha_optimum_trunc_exp_gaussian_w_16000_n_50.ONT_R941_Guppy6.3.7_DEC_2024.v1.1.0.tsv
HG02886,s3://human-pangenomics/working/HPRC/HG02886/assemblies/year1_f1_assembly_v2_genbank/HG02886.paternal.f1_assembly_v2_genbank.fa.gz,s3://human-pangenomics/working/HPRC/HG02886/assemblies/year1_f1_assembly_v2_genbank/HG02886.maternal.f1_assembly_v2_genbank.fa.gz,gs://fc-4310e737-a388-4a10-8c9e-babe06aaf0cf/working/HPRC/HG02886/assemblies/year1_f1_assembly_v2_genbank/HG02886.paternal.f1_assembly_v2_genbank.fa.gz,gs://fc-4310e737-a388-4a10-8c9e-babe06aaf0cf/working/HPRC/HG02886/assemblies/year1_f1_assembly_v2_genbank/HG02886.maternal.f1_assembly_v2_genbank.fa.gz,52f153046228ef4a5638f069ed8f1fcbb9f1a147581e8c4c8ed66215703746e1,d973517af237d330aa21c4493935aa553422333f4b341cfb1735f24bc9f877e7,/private/groups/hprc/qc_hmm_flagger/hprc_intermediate_assembly/assembly_qc/hprc_r1/censat/runs_toil_slurm/HG02886_paternal/analysis/centromereAnnotation_customized_hprc_r1_outputs/HG02886.paternal.f1_assembly_v2_genbank_rm.cenSat.bed,/private/groups/hprc/qc_hmm_flagger/hprc_intermediate_assembly/assembly_qc/hprc_r1/censat/runs_toil_slurm/HG02886_maternal/analysis/centromereAnnotation_customized_hprc_r1_outputs/HG02886.maternal.f1_assembly_v2_genbank_rm.cenSat.bed,/private/groups/hprc/qc_hmm_flagger/hprc_intermediate_assembly/assembly_qc/hprc_r1/hmm_flagger/diploid_censat_beds/HG02886_dip_hprc_r1.cenSat.bed,['/private/groups/hprc/qc_hmm_flagger/hprc_intermediate_assembly/assembly_qc/hprc_r1/hmm_flagger/diploid_censat_beds/HG02886_dip_hprc_r1.cenSat.rDNA.bed'],"['s3://human-pangenomics/working/HPRC/HG02886/raw_data/nanopore/guppy_6/1_11_23_R941_HG02886_1_Guppy_6.5.7_450bps_modbases_5mc_cg_sup_prom_pass.bam', 's3://human-pangenomics/working/HPRC/HG02886/raw_data/nanopore/guppy_6/1_11_23_R941_HG02886_2_Guppy_6.5.7_450bps_modbases_5mc_cg_sup_prom_pass.bam', 's3://human-pangenomics/working/HPRC/HG02886/raw_data/nanopore/guppy_6/HG02886_3_Guppy_6.5.7_450bps_modbases_5mc_cg_sup_prom_pass.bam', 's3://human-pangenomics/working/HPRC/HG02886/raw_data/nanopore/guppy_6/HG02886_1_Guppy_6.5.7_450bps_modbases_5mc_cg_sup_prom_pass.bam', 's3://human-pangenomics/working/HPRC/HG02886/raw_data/nanopore/guppy_6/HG02886_5_Guppy_6.5.7_450bps_modbases_5mc_cg_sup_prom_pass.bam']",5,64.07,12,map-ont,15,"['s3://human-pangenomics/working/HPRC/HG02886/raw_data/nanopore/guppy_6/1_11_23_R941_HG02886_1_Guppy_6.5.7_450bps_modbases_5mc_cg_sup_prom_pass.bam', 's3://human-pangenomics/working/HPRC/HG02886/raw_data/nanopore/guppy_6/1_11_23_R941_HG02886_2_Guppy_6.5.7_450bps_modbases_5mc_cg_sup_prom_pass.bam', 's3://human-pangenomics/working/HPRC/HG02886/raw_data/nanopore/guppy_6/HG02886_1_Guppy_6.5.7_450bps_modbases_5mc_cg_sup_prom_pass.bam', 's3://human-pangenomics/working/HPRC/HG02886/raw_data/nanopore/guppy_6/HG02886_3_Guppy_6.5.7_450bps_modbases_5mc_cg_sup_prom_pass.bam', 's3://human-pangenomics/working/HPRC/HG02886/raw_data/nanopore/guppy_6/HG02886_5_Guppy_6.5.7_450bps_modbases_5mc_cg_sup_prom_pass.bam']",5,64.07,"[20.24, 16.83, 9.84, 10.72, 6.44]",12,R941,16000,https://raw.githubusercontent.com/mobinasri/flagger/refs/heads/main/misc/alpha_tsv/ONT_R941_Guppy6.3.7/alpha_optimum_trunc_exp_gaussian_w_16000_n_50.ONT_R941_Guppy6.3.7_DEC_2024.v1.1.0.tsv
HG03453,s3://human-pangenomics/working/HPRC/HG03453/assemblies/year1_f1_assembly_v2_genbank/HG03453.paternal.f1_assembly_v2_genbank.fa.gz,s3://human-pangenomics/working/HPRC/HG03453/assemblies/year1_f1_assembly_v2_genbank/HG03453.maternal.f1_assembly_v2_genbank.fa.gz,gs://fc-4310e737-a388-4a10-8c9e-babe06aaf0cf/working/HPRC/HG03453/assemblies/year1_f1_assembly_v2_genbank/HG03453.paternal.f1_assembly_v2_genbank.fa.gz,gs://fc-4310e737-a388-4a10-8c9e-babe06aaf0cf/working/HPRC/HG03453/assemblies/year1_f1_assembly_v2_genbank/HG03453.maternal.f1_assembly_v2_genbank.fa.gz,216654a6de2dcb85fe1c658c26106efc04b9980ac2fd76197f45bea1f4069ca1,90270031da8ec5bfddf339a3eb7b37c8a5326adf6ecb51896f523e9bb4befc5c,/private/groups/hprc/qc_hmm_flagger/hprc_intermediate_assembly/assembly_qc/hprc_r1/censat/runs_toil_slurm/HG03453_paternal/analysis/centromereAnnotation_customized_hprc_r1_outputs/HG03453.paternal.f1_assembly_v2_genbank_rm.cenSat.bed,/private/groups/hprc/qc_hmm_flagger/hprc_intermediate_assembly/assembly_qc/hprc_r1/censat/runs_toil_slurm/HG03453_maternal/analysis/centromereAnnotation_customized_hprc_r1_outputs/HG03453.maternal.f1_assembly_v2_genbank_rm.cenSat.bed,/private/groups/hprc/qc_hmm_flagger/hprc_intermediate_assembly/assembly_qc/hprc_r1/hmm_flagger/diploid_censat_beds/HG03453_dip_hprc_r1.cenSat.bed,['/private/groups/hprc/qc_hmm_flagger/hprc_intermediate_assembly/assembly_qc/hprc_r1/hmm_flagger/diploid_censat_beds/HG03453_dip_hprc_r1.cenSat.rDNA.bed'],"['s3://human-pangenomics/working/HPRC/HG03453/raw_data/nanopore/guppy_6/03_14_23_R941_HG03453_1_Guppy_6.5.7_450bps_modbases_5mc_cg_sup_prom_pass.bam', 's3://human-pangenomics/working/HPRC/HG03453/raw_data/nanopore/guppy_6/03_14_23_R941_HG03453_2_Guppy_6.5.7_450bps_modbases_5mc_cg_sup_prom_pass.bam', 's3://human-pangenomics/working/HPRC/HG03453/raw_data/nanopore/guppy_6/HG03453_3_Guppy_6.5.7_450bps_modbases_5mc_cg_sup_prom_pass.bam', 's3://human-pangenomics/working/HPRC/HG03453/raw_data/nanopore/guppy_6/HG03453_1_Guppy_6.5.7_450bps_modbases_5mc_cg_sup_prom_pass.bam']",4,60.64,16,map-ont,15,"['s3://human-pangenomics/working/HPRC/HG03453/raw_data/nanopore/guppy_6/03_14_23_R941_HG03453_1_Guppy_6.5.7_450bps_modbases_5mc_cg_sup_prom_pass.bam', 's3://human-pangenomics/working/HPRC/HG03453/raw_data/nanopore/guppy_6/03_14_23_R941_HG03453_2_Guppy_6.5.7_450bps_modbases_5mc_cg_sup_prom_pass.bam', 's3://human-pangenomics/working/HPRC/HG03453/raw_data/nanopore/guppy_6/HG03453_1_Guppy_6.5.7_450bps_modbases_5mc_cg_sup_prom_pass.bam', 's3://human-pangenomics/working/HPRC/HG03453/raw_data/nanopore/guppy_6/HG03453_3_Guppy_6.5.7_450bps_modbases_5mc_cg_sup_prom_pass.bam', 's3://human-pangenomics/working/HPRC/HG03453/raw_data/nanopore/guppy_6/HG03453_5_Guppy_6.5.7_450bps_modbases_5mc_cg_sup_prom_pass.bam']",5,61.51,"[30.59, 22.17, 3.24, 4.64, 0.87]",12,R941,16000,https://raw.githubusercontent.com/mobinasri/flagger/refs/heads/main/misc/alpha_tsv/ONT_R941_Guppy6.3.7/alpha_optimum_trunc_exp_gaussian_w_16000_n_50.ONT_R941_Guppy6.3.7_DEC_2024.v1.1.0.tsv
HG03516,s3://human-pangenomics/working/HPRC/HG03516/assemblies/year1_f1_assembly_v2_genbank/HG03516.paternal.f1_assembly_v2_genbank.fa.gz,s3://human-pangenomics/working/HPRC/HG03516/assemblies/year1_f1_assembly_v2_genbank/HG03516.maternal.f1_assembly_v2_genbank.fa.gz,gs://fc-4310e737-a388-4a10-8c9e-babe06aaf0cf/working/HPRC/HG03516/assemblies/year1_f1_assembly_v2_genbank/HG03516.paternal.f1_assembly_v2_genbank.fa.gz,gs://fc-4310e737-a388-4a10-8c9e-babe06aaf0cf/working/HPRC/HG03516/assemblies/year1_f1_assembly_v2_genbank/HG03516.maternal.f1_assembly_v2_genbank.fa.gz,4af17c33a89bf46570b4baf731891183377f50adfe47ba62a46b10b05cf2b279,2111e2c19f255d1d4fff49acddfd26d88ff250eafed707d12fe762290b5083fe,/private/groups/hprc/qc_hmm_flagger/hprc_intermediate_assembly/assembly_qc/hprc_r1/censat/runs_toil_slurm/HG03516_paternal/analysis/centromereAnnotation_customized_hprc_r1_outputs/HG03516.paternal.f1_assembly_v2_genbank_rm.cenSat.bed,/private/groups/hprc/qc_hmm_flagger/hprc_intermediate_assembly/assembly_qc/hprc_r1/censat/runs_toil_slurm/HG03516_maternal/analysis/centromereAnnotation_customized_hprc_r1_outputs/HG03516.maternal.f1_assembly_v2_genbank_rm.cenSat.bed,/private/groups/hprc/qc_hmm_flagger/hprc_intermediate_assembly/assembly_qc/hprc_r1/hmm_flagger/diploid_censat_beds/HG03516_dip_hprc_r1.cenSat.bed,['/private/groups/hprc/qc_hmm_flagger/hprc_intermediate_assembly/assembly_qc/hprc_r1/hmm_flagger/diploid_censat_beds/HG03516_dip_hprc_r1.cenSat.rDNA.bed'],"['s3://human-pangenomics/working/HPRC/HG03516/raw_data/nanopore/guppy_6/HG03516_PAM62473_Guppy_6.5.7_450bps_modbases_5mc_cg_sup_prom_pass.bam', 's3://human-pangenomics/working/HPRC/HG03516/raw_data/nanopore/guppy_6/HG03516_PAK15127_Guppy_6.5.7_450bps_modbases_5mc_cg_sup_prom_pass.bam', 's3://human-pangenomics/working/HPRC/HG03516/raw_data/nanopore/guppy_6/HG03516_PAK11491_Guppy_6.5.7_450bps_modbases_5mc_cg_sup_prom_pass.bam', 's3://human-pangenomics/working/HPRC/HG03516/raw_data/nanopore/guppy_6/HG03516_PAK15111_Guppy_6.5.7_450bps_modbases_5mc_cg_sup_prom_pass.bam']",4,65.43,16,map-ont,15,"['s3://human-pangenomics/working/HPRC/HG03516/raw_data/nanopore/guppy_6/HG03516_1_Guppy_6.5.7_450bps_modbases_5mc_cg_sup_prom_pass.bam', 's3://human-pangenomics/working/HPRC/HG03516/raw_data/nanopore/guppy_6/HG03516_3_Guppy_6.5.7_450bps_modbases_5mc_cg_sup_prom_pass.bam', 's3://human-pangenomics/working/HPRC/HG03516/raw_data/nanopore/guppy_6/HG03516_5_Guppy_6.5.7_450bps_modbases_5mc_cg_sup_prom_pass.bam', 's3://human-pangenomics/working/HPRC/HG03516/raw_data/nanopore/guppy_6/HG03516_PAK11017_Guppy_6.5.7_450bps_modbases_5mc_cg_sup_prom_pass.bam', 's3://human-pangenomics/working/HPRC/HG03516/raw_data/nanopore/guppy_6/HG03516_PAK11491_Guppy_6.5.7_450bps_modbases_5mc_cg_sup_prom_pass.bam', 's3://human-pangenomics/working/HPRC/HG03516/raw_data/nanopore/guppy_6/HG03516_PAK15111_Guppy_6.5.7_450bps_modbases_5mc_cg_sup_prom_pass.bam', 's3://human-pangenomics/working/HPRC/HG03516/raw_data/nanopore/guppy_6/HG03516_PAK15127_Guppy_6.5.7_450bps_modbases_5mc_cg_sup_prom_pass.bam', 's3://human-pangenomics/working/HPRC/HG03516/raw_data/nanopore/guppy_6/HG03516_PAK42746_Guppy_6.5.7_450bps_modbases_5mc_cg_sup_prom_pass.bam', 's3://human-pangenomics/working/HPRC/HG03516/raw_data/nanopore/guppy_6/HG03516_PAM62473_Guppy_6.5.7_450bps_modbases_5mc_cg_sup_prom_pass.bam']",9,126.17,"[10.45, 12.86, 13.36, 12.69, 16.85, 13.58, 17.37, 11.38, 17.63]",7,R941,16000,https://raw.githubusercontent.com/mobinasri/flagger/refs/heads/main/misc/alpha_tsv/ONT_R941_Guppy6.3.7/alpha_optimum_trunc_exp_gaussian_w_16000_n_50.ONT_R941_Guppy6.3.7_DEC_2024.v1.1.0.tsv
HG03540,s3://human-pangenomics/working/HPRC/HG03540/assemblies/year1_f1_assembly_v2_genbank/HG03540.paternal.f1_assembly_v2_genbank.fa.gz,s3://human-pangenomics/working/HPRC/HG03540/assemblies/year1_f1_assembly_v2_genbank/HG03540.maternal.f1_assembly_v2_genbank.fa.gz,gs://fc-4310e737-a388-4a10-8c9e-babe06aaf0cf/working/HPRC/HG03540/assemblies/year1_f1_assembly_v2_genbank/HG03540.paternal.f1_assembly_v2_genbank.fa.gz,gs://fc-4310e737-a388-4a10-8c9e-babe06aaf0cf/working/HPRC/HG03540/assemblies/year1_f1_assembly_v2_genbank/HG03540.maternal.f1_assembly_v2_genbank.fa.gz,f54577e4ad56113fe88c20d0cf2b15270dee89a6be61b100500d576bc9592866,d34b271a2d0a152367a88bb1cc44984c960c76440d514ab7c781825bca561bfa,/private/groups/hprc/qc_hmm_flagger/hprc_intermediate_assembly/assembly_qc/hprc_r1/censat/runs_toil_slurm/HG03540_paternal/analysis/centromereAnnotation_customized_hprc_r1_outputs/HG03540.paternal.f1_assembly_v2_genbank_rm.cenSat.bed,/private/groups/hprc/qc_hmm_flagger/hprc_intermediate_assembly/assembly_qc/hprc_r1/censat/runs_toil_slurm/HG03540_maternal/analysis/centromereAnnotation_customized_hprc_r1_outputs/HG03540.maternal.f1_assembly_v2_genbank_rm.cenSat.bed,/private/groups/hprc/qc_hmm_flagger/hprc_intermediate_assembly/assembly_qc/hprc_r1/hmm_flagger/diploid_censat_beds/HG03540_dip_hprc_r1.cenSat.bed,['/private/groups/hprc/qc_hmm_flagger/hprc_intermediate_assembly/assembly_qc/hprc_r1/hmm_flagger/diploid_censat_beds/HG03540_dip_hprc_r1.cenSat.rDNA.bed'],"['s3://human-pangenomics/working/HPRC/HG03540/raw_data/nanopore/guppy_6/03_14_23_R941_HG03540_2_Guppy_6.5.7_450bps_modbases_5mc_cg_sup_prom_pass.bam', 's3://human-pangenomics/working/HPRC/HG03540/raw_data/nanopore/guppy_6/03_14_23_R941_HG03540_1_Guppy_6.5.7_450bps_modbases_5mc_cg_sup_prom_pass.bam', 's3://human-pangenomics/working/HPRC/HG03540/raw_data/nanopore/guppy_6/HG03540_3_Guppy_6.5.7_450bps_modbases_5mc_cg_sup_prom_pass.bam', 's3://human-pangenomics/working/HPRC/HG03540/raw_data/nanopore/guppy_6/HG03540_1_Guppy_6.5.7_450bps_modbases_5mc_cg_sup_prom_pass.bam']",4,66.73,16,map-ont,15,"['s3://human-pangenomics/working/HPRC/HG03540/raw_data/nanopore/guppy_6/03_14_23_R941_HG03540_1_Guppy_6.5.7_450bps_modbases_5mc_cg_sup_prom_pass.bam', 's3://human-pangenomics/working/HPRC/HG03540/raw_data/nanopore/guppy_6/03_14_23_R941_HG03540_2_Guppy_6.5.7_450bps_modbases_5mc_cg_sup_prom_pass.bam', 's3://human-pangenomics/working/HPRC/HG03540/raw_data/nanopore/guppy_6/HG03540_1_Guppy_6.5.7_450bps_modbases_5mc_cg_sup_prom_pass.bam', 's3://human-pangenomics/working/HPRC/HG03540/raw_data/nanopore/guppy_6/HG03540_3_Guppy_6.5.7_450bps_modbases_5mc_cg_sup_prom_pass.bam', 's3://human-pangenomics/working/HPRC/HG03540/raw_data/nanopore/guppy_6/HG03540_5_Guppy_6.5.7_450bps_modbases_5mc_cg_sup_prom_pass.bam']",5,69.44,"[19.56, 28.57, 6.77, 11.83, 2.71]",12,R941,16000,https://raw.githubusercontent.com/mobinasri/flagger/refs/heads/main/misc/alpha_tsv/ONT_R941_Guppy6.3.7/alpha_optimum_trunc_exp_gaussian_w_16000_n_50.ONT_R941_Guppy6.3.7_DEC_2024.v1.1.0.tsv
HG03579,s3://human-pangenomics/working/HPRC/HG03579/assemblies/year1_f1_assembly_v2_genbank/HG03579.paternal.f1_assembly_v2_genbank.fa.gz,s3://human-pangenomics/working/HPRC/HG03579/assemblies/year1_f1_assembly_v2_genbank/HG03579.maternal.f1_assembly_v2_genbank.fa.gz,gs://fc-4310e737-a388-4a10-8c9e-babe06aaf0cf/working/HPRC/HG03579/assemblies/year1_f1_assembly_v2_genbank/HG03579.paternal.f1_assembly_v2_genbank.fa.gz,gs://fc-4310e737-a388-4a10-8c9e-babe06aaf0cf/working/HPRC/HG03579/assemblies/year1_f1_assembly_v2_genbank/HG03579.maternal.f1_assembly_v2_genbank.fa.gz,4017846771e288f873e53783dfb28b29435f71f4afc82ee6678e646cc52495aa,3c7235b26eb89845ab264c83f7e6f2f1103152d186ed1c34108b320735d2d042,/private/groups/hprc/qc_hmm_flagger/hprc_intermediate_assembly/assembly_qc/hprc_r1/censat/runs_toil_slurm/HG03579_paternal/analysis/centromereAnnotation_customized_hprc_r1_outputs/HG03579.paternal.f1_assembly_v2_genbank_rm.cenSat.bed,/private/groups/hprc/qc_hmm_flagger/hprc_intermediate_assembly/assembly_qc/hprc_r1/censat/runs_toil_slurm/HG03579_maternal/analysis/centromereAnnotation_customized_hprc_r1_outputs/HG03579.maternal.f1_assembly_v2_genbank_rm.cenSat.bed,/private/groups/hprc/qc_hmm_flagger/hprc_intermediate_assembly/assembly_qc/hprc_r1/hmm_flagger/diploid_censat_beds/HG03579_dip_hprc_r1.cenSat.bed,['/private/groups/hprc/qc_hmm_flagger/hprc_intermediate_assembly/assembly_qc/hprc_r1/hmm_flagger/diploid_censat_beds/HG03579_dip_hprc_r1.cenSat.rDNA.bed'],"['s3://human-pangenomics/working/HPRC/HG03579/raw_data/nanopore/guppy_6/HG03579_PAK45849_Guppy_6.5.7_450bps_modbases_5mc_cg_sup_prom_pass.bam', 's3://human-pangenomics/working/HPRC/HG03579/raw_data/nanopore/guppy_6/HG03579_PAK45831_Guppy_6.5.7_450bps_modbases_5mc_cg_sup_prom_pass.bam', 's3://human-pangenomics/working/HPRC/HG03579/raw_data/nanopore/guppy_6/HG03579_PAK45398_Guppy_6.5.7_450bps_modbases_5mc_cg_sup_prom_pass.bam', 's3://human-pangenomics/working/HPRC/HG03579/raw_data/nanopore/guppy_6/HG03579_PAM34929_Guppy_6.5.7_450bps_modbases_5mc_cg_sup_prom_pass.bam']",4,61.24,16,map-ont,15,"['s3://human-pangenomics/working/HPRC/HG03579/raw_data/nanopore/guppy_6/HG03579_1_Guppy_6.5.7_450bps_modbases_5mc_cg_sup_prom_pass.bam', 's3://human-pangenomics/working/HPRC/HG03579/raw_data/nanopore/guppy_6/HG03579_3_Guppy_6.5.7_450bps_modbases_5mc_cg_sup_prom_pass.bam', 's3://human-pangenomics/working/HPRC/HG03579/raw_data/nanopore/guppy_6/HG03579_5_Guppy_6.5.7_450bps_modbases_5mc_cg_sup_prom_pass.bam', 's3://human-pangenomics/working/HPRC/HG03579/raw_data/nanopore/guppy_6/HG03579_PAK43785_Guppy_6.5.7_450bps_modbases_5mc_cg_sup_prom_pass.bam', 's3://human-pangenomics/working/HPRC/HG03579/raw_data/nanopore/guppy_6/HG03579_PAK45398_Guppy_6.5.7_450bps_modbases_5mc_cg_sup_prom_pass.bam', 's3://human-pangenomics/working/HPRC/HG03579/raw_data/nanopore/guppy_6/HG03579_PAK45495_Guppy_6.5.7_450bps_modbases_5mc_cg_sup_prom_pass.bam', 's3://human-pangenomics/working/HPRC/HG03579/raw_data/nanopore/guppy_6/HG03579_PAK45831_Guppy_6.5.7_450bps_modbases_5mc_cg_sup_prom_pass.bam', 's3://human-pangenomics/working/HPRC/HG03579/raw_data/nanopore/guppy_6/HG03579_PAK45849_Guppy_6.5.7_450bps_modbases_5mc_cg_sup_prom_pass.bam', 's3://human-pangenomics/working/HPRC/HG03579/raw_data/nanopore/guppy_6/HG03579_PAM34929_Guppy_6.5.7_450bps_modbases_5mc_cg_sup_prom_pass.bam']",9,95.33,"[5.51, 4.3, 2.78, 10.72, 12.87, 10.78, 16.91, 18.73, 12.73]",7,R941,16000,https://raw.githubusercontent.com/mobinasri/flagger/refs/heads/main/misc/alpha_tsv/ONT_R941_Guppy6.3.7/alpha_optimum_trunc_exp_gaussian_w_16000_n_50.ONT_R941_Guppy6.3.7_DEC_2024.v1.1.0.tsv
