sample_ID,filetype,filename,path,data_type,production,coverage,deepconsensus_coverage,deepconsensus_filename,deepconsensus_path,ccs_algorithm,DeepConsensus_version,study,title,accession,bioproject_accession,biosample_accession,design_description,notes,generator_contact,generator_facility,library_ID,library_strategy,library_source,library_selection,library_layout,shear_method,size_selection,platform,instrument_model,seq_plate_chemistry_version,polymerase_version,total_reads,total_bp,total_Gbp,mean,min,max,N25,N50,N75,quartile_25,quartile_50,quartile_75,ntsm_score,MM_tag,primrose_filename,check,delta
HG01074,bam,m54329U_211208_005551-bc1008.5mc.hifi_reads.bam,s3://human-pangenomics/working/HPRC/HG01074/raw_data/PacBio_HiFi/m54329U_211208_005551-bc1008.5mc.hifi_reads.bam,unaligned reads,UW_HPRC_HiFi_Y3,11.3,12.97,HG01074.m54329U_211208_005551.dc.q20.fastq.gz,s3://human-pangenomics/submissions/42AFCE59-2972-45EE-BB72-5B84E7B57377--HPRC_DEEPCONSENSUS_v1pt2_2023_08_q20/HG01074/raw_data/PacBio_HiFi/deepconsensus/v1pt2/HG01074.m54329U_211208_005551.dc.q20.fastq.gz,6.2.0,,SRP305758,,SRR23922645,PRJNA701308,SAMN33758782,HiFi sequencing of 23kb fractionated gDNA,,kmiyamot@uw.edu,University of Washington,HG01074.HFSS2,WGS,GENOMIC,RANDOM,single,Megaruptor 3,PippinHT,PACBIO_SMRT,Sequel II,C2,P2.2,1833869,34933587178,34.93,19049,200.0,53902.0,16436,19215,22858,15785,18197,21525,,True,,True,33
HG02451,bam,m64076_211208_005550-bc1003.5mc.hifi_reads.bam,s3://human-pangenomics/working/HPRC/HG02451/raw_data/PacBio_HiFi/m64076_211208_005550-bc1003.5mc.hifi_reads.bam,unaligned reads,UW_HPRC_HiFi_Y3,12.4,13.86,HG02451.m64076_211208_005550.dc.q20.fastq.gz,s3://human-pangenomics/submissions/42AFCE59-2972-45EE-BB72-5B84E7B57377--HPRC_DEEPCONSENSUS_v1pt2_2023_08_q20/HG02451/raw_data/PacBio_HiFi/deepconsensus/v1pt2/HG02451.m64076_211208_005550.dc.q20.fastq.gz,6.2.0,,SRP305758,,SRR23922667,PRJNA701308,SAMN33758786,HiFi sequencing of 21kb fractionated gDNA,,kmiyamot@uw.edu,University of Washington,HG02451.HFSS2,WGS,GENOMIC,RANDOM,single,Megaruptor 3,PippinHT,PACBIO_SMRT,Sequel II,C2,P2.2,2222540,38494025289,38.49,17319,424.0,50248.0,15174,17364,20294,14736,16646,19353,,True,,True,34
HG03017,bam,m54329U_211225_070909-bc1012.5mc.hifi_reads.bam,s3://human-pangenomics/working/HPRC/HG03017/raw_data/PacBio_HiFi/m54329U_211225_070909-bc1012.5mc.hifi_reads.bam,unaligned reads,UW_HPRC_HiFi_Y3,11.0,13.35,HG03017.m54329U_211225_070909.dc.q20.fastq.gz,s3://human-pangenomics/submissions/42AFCE59-2972-45EE-BB72-5B84E7B57377--HPRC_DEEPCONSENSUS_v1pt2_2023_08_q20/HG03017/raw_data/PacBio_HiFi/deepconsensus/v1pt2/HG03017.m54329U_211225_070909.dc.q20.fastq.gz,6.2.0,,SRP305758,,SRR23922662,PRJNA701308,SAMN33758789,HiFi sequencing of 25kb fractionated gDNA,,kmiyamot@uw.edu,University of Washington,HG03017.HFSS,WGS,GENOMIC,RANDOM,single,Megaruptor 3,PippinHT,PACBIO_SMRT,Sequel II,C2,P2.2,1745970,34046953548,34.05,19500,61.0,64185.0,16617,20225,24689,15437,18613,22719,,True,,True,34
HG03704,bam,m54329U_211105_213234-bc1001.5mc.hifi_reads.bam,s3://human-pangenomics/working/HPRC/HG03704/raw_data/PacBio_HiFi/m54329U_211105_213234-bc1001.5mc.hifi_reads.bam,unaligned reads,UW_HPRC_HiFi_Y3,8.1,9.12,HG03704.m54329U_211105_213234.dc.q20.fastq.gz,s3://human-pangenomics/submissions/42AFCE59-2972-45EE-BB72-5B84E7B57377--HPRC_DEEPCONSENSUS_v1pt2_2023_08_q20/HG03704/raw_data/PacBio_HiFi/deepconsensus/v1pt2/HG03704.m54329U_211105_213234.dc.q20.fastq.gz,6.2.0,,SRP305758,,SRR23922655,PRJNA701308,SAMN33758795,HiFi sequencing of 26kb fractionated gDNA,,kmiyamot@uw.edu,University of Washington,HG03704_SRE.HFSS,WGS,GENOMIC,RANDOM,single,Megaruptor 3,PippinHT,PACBIO_SMRT,Sequel II,C2,P2.2,1212386,25139477214,25.14,20735,493.0,61181.0,17908,20760,24604,17290,19755,23225,,True,,True,34
HG03704,bam,m54329U_220203_054640-bc1001.5mc.hifi_reads.bam,s3://human-pangenomics/working/HPRC/HG03704/raw_data/PacBio_HiFi/m54329U_220203_054640-bc1001.5mc.hifi_reads.bam,unaligned reads,UW_HPRC_HiFi_Y3,5.0,6.25,HG03704.m54329U_220203_054640.dc.q20.fastq.gz,s3://human-pangenomics/submissions/42AFCE59-2972-45EE-BB72-5B84E7B57377--HPRC_DEEPCONSENSUS_v1pt2_2023_08_q20/HG03704/raw_data/PacBio_HiFi/deepconsensus/v1pt2/HG03704.m54329U_220203_054640.dc.q20.fastq.gz,6.2.0,,SRP305758,,SRR23922654,PRJNA701308,SAMN33758795,HiFi sequencing of 25kb fractionated gDNA,,kmiyamot@uw.edu,University of Washington,HG03704.HFSS3,WGS,GENOMIC,RANDOM,single,Megaruptor 3,PippinHT,PACBIO_SMRT,Sequel II,C2,P2.2,783402,15515677051,15.52,19805,77.0,64236.0,16931,20064,24078,16127,18857,22528,,True,,True,34
HG03704,bam,m54329U_220203_054640-bc1018.5mc.hifi_reads.bam,s3://human-pangenomics/working/HPRC/HG03704/raw_data/PacBio_HiFi/m54329U_220203_054640-bc1018.5mc.hifi_reads.bam,unaligned reads,UW_HPRC_HiFi_Y3,1.6,6.25,HG03704.m54329U_220203_054640.dc.q20.fastq.gz,s3://human-pangenomics/submissions/42AFCE59-2972-45EE-BB72-5B84E7B57377--HPRC_DEEPCONSENSUS_v1pt2_2023_08_q20/HG03704/raw_data/PacBio_HiFi/deepconsensus/v1pt2/HG03704.m54329U_220203_054640.dc.q20.fastq.gz,6.2.0,,SRP305758,,SRR23922653,PRJNA701308,SAMN33758795,HiFi sequencing of 24kb fractionated gDNA,,kmiyamot@uw.edu,University of Washington,HG03704.HFSS4,WGS,GENOMIC,RANDOM,single,Megaruptor 3,PippinHT,PACBIO_SMRT,Sequel II,C2,P2.2,249779,4818202256,4.82,19289,61.0,48616.0,16754,19296,22712,16218,18426,21504,,True,,True,33
HG01074,bam,m54329U_211211_014820-bc1008.5mc.hifi_reads.bam,s3://human-pangenomics/working/HPRC/HG01074/raw_data/PacBio_HiFi/m54329U_211211_014820-bc1008.5mc.hifi_reads.bam,unaligned reads,UW_HPRC_HiFi_Y3,12.1,13.56,HG01074.m54329U_211211_014820.dc.q20.fastq.gz,s3://human-pangenomics/submissions/42AFCE59-2972-45EE-BB72-5B84E7B57377--HPRC_DEEPCONSENSUS_v1pt2_2023_08_q20/HG01074/raw_data/PacBio_HiFi/deepconsensus/v1pt2/HG01074.m54329U_211211_014820.dc.q20.fastq.gz,6.2.0,,SRP305758,,SRR23922645,PRJNA701308,SAMN33758782,HiFi sequencing of 23kb fractionated gDNA,,kmiyamot@uw.edu,University of Washington,HG01074.HFSS2,WGS,GENOMIC,RANDOM,single,Megaruptor 3,PippinHT,PACBIO_SMRT,Sequel II,C2,P2.2,1959425,37481785263,37.48,19128,139.0,61840.0,16493,19304,22988,15826,18266,21628,,True,,True,34
HG02451,bam,m64076_211211_014755-bc1003.5mc.hifi_reads.bam,s3://human-pangenomics/working/HPRC/HG02451/raw_data/PacBio_HiFi/m64076_211211_014755-bc1003.5mc.hifi_reads.bam,unaligned reads,UW_HPRC_HiFi_Y3,13.1,14.44,HG02451.m64076_211211_014755.dc.q20.fastq.gz,s3://human-pangenomics/submissions/42AFCE59-2972-45EE-BB72-5B84E7B57377--HPRC_DEEPCONSENSUS_v1pt2_2023_08_q20/HG02451/raw_data/PacBio_HiFi/deepconsensus/v1pt2/HG02451.m64076_211211_014755.dc.q20.fastq.gz,6.2.0,,SRP305758,,SRR23922667,PRJNA701308,SAMN33758786,HiFi sequencing of 21kb fractionated gDNA,,kmiyamot@uw.edu,University of Washington,HG02451.HFSS2,WGS,GENOMIC,RANDOM,single,Megaruptor 3,PippinHT,PACBIO_SMRT,Sequel II,C2,P2.2,2328484,40519515849,40.52,17401,199.0,51805.0,15239,17471,20411,14790,16739,19472,,True,,True,33
HG02735,bam,m54329U_211209_115915-bc1002.5mc.hifi_reads.bam,s3://human-pangenomics/working/HPRC/HG02735/raw_data/PacBio_HiFi/m54329U_211209_115915-bc1002.5mc.hifi_reads.bam,unaligned reads,UW_HPRC_HiFi_Y3,10.5,11.59,HG02735.m54329U_211209_115915.dc.q20.fastq.gz,s3://human-pangenomics/submissions/42AFCE59-2972-45EE-BB72-5B84E7B57377--HPRC_DEEPCONSENSUS_v1pt2_2023_08_q20/HG02735/raw_data/PacBio_HiFi/deepconsensus/v1pt2/HG02735.m54329U_211209_115915.dc.q20.fastq.gz,6.2.0,,SRP305758,,SRR23922665,PRJNA701308,SAMN33758787,HiFi sequencing of 25kb fractionated gDNA,,kmiyamot@uw.edu,University of Washington,HG02735.HFSS2,WGS,GENOMIC,RANDOM,single,Megaruptor 3,PippinHT,PACBIO_SMRT,Sequel II,C2,P2.2,1654923,32462661287,32.46,19615,53.0,62313.0,17011,19773,23407,16371,18792,22115,,True,,True,18
HG03704,bam,m54329U_211111_222027-bc1001.5mc.hifi_reads.bam,s3://human-pangenomics/working/HPRC/HG03704/raw_data/PacBio_HiFi/m54329U_211111_222027-bc1001.5mc.hifi_reads.bam,unaligned reads,UW_HPRC_HiFi_Y3,6.7,7.76,HG03704.m54329U_211111_222027.dc.q20.fastq.gz,s3://human-pangenomics/submissions/42AFCE59-2972-45EE-BB72-5B84E7B57377--HPRC_DEEPCONSENSUS_v1pt2_2023_08_q20/HG03704/raw_data/PacBio_HiFi/deepconsensus/v1pt2/HG03704.m54329U_211111_222027.dc.q20.fastq.gz,6.2.0,,SRP305758,,SRR23922655,PRJNA701308,SAMN33758795,HiFi sequencing of 26kb fractionated gDNA,,kmiyamot@uw.edu,University of Washington,HG03704_SRE.HFSS,WGS,GENOMIC,RANDOM,single,Megaruptor 3,PippinHT,PACBIO_SMRT,Sequel II,C2,P2.2,1009358,20852506753,20.85,20659,727.0,67087.0,17853,20671,24461,17248,19681,23109,,True,,True,33
HG01074,bam,m54329U_211212_111219-bc1008.5mc.hifi_reads.bam,s3://human-pangenomics/working/HPRC/HG01074/raw_data/PacBio_HiFi/m54329U_211212_111219-bc1008.5mc.hifi_reads.bam,unaligned reads,UW_HPRC_HiFi_Y3,12.1,13.55,HG01074.m54329U_211212_111219.dc.q20.fastq.gz,s3://human-pangenomics/submissions/42AFCE59-2972-45EE-BB72-5B84E7B57377--HPRC_DEEPCONSENSUS_v1pt2_2023_08_q20/HG01074/raw_data/PacBio_HiFi/deepconsensus/v1pt2/HG01074.m54329U_211212_111219.dc.q20.fastq.gz,6.2.0,,SRP305758,,SRR23922645,PRJNA701308,SAMN33758782,HiFi sequencing of 23kb fractionated gDNA,,kmiyamot@uw.edu,University of Washington,HG01074.HFSS2,WGS,GENOMIC,RANDOM,single,Megaruptor 3,PippinHT,PACBIO_SMRT,Sequel II,C2,P2.2,1958351,37561501658,37.56,19180,112.0,57471.0,16537,19364,23063,15858,18322,21695,,True,,True,34
HG02451,bam,m64076_211212_112351-bc1003.5mc.hifi_reads.bam,s3://human-pangenomics/working/HPRC/HG02451/raw_data/PacBio_HiFi/m64076_211212_112351-bc1003.5mc.hifi_reads.bam,unaligned reads,UW_HPRC_HiFi_Y3,12.7,14.05,HG02451.m64076_211212_112351.dc.q20.fastq.gz,s3://human-pangenomics/submissions/42AFCE59-2972-45EE-BB72-5B84E7B57377--HPRC_DEEPCONSENSUS_v1pt2_2023_08_q20/HG02451/raw_data/PacBio_HiFi/deepconsensus/v1pt2/HG02451.m64076_211212_112351.dc.q20.fastq.gz,6.2.0,,SRP305758,,SRR23922667,PRJNA701308,SAMN33758786,HiFi sequencing of 21kb fractionated gDNA,,kmiyamot@uw.edu,University of Washington,HG02451.HFSS2,WGS,GENOMIC,RANDOM,single,Megaruptor 3,PippinHT,PACBIO_SMRT,Sequel II,C2,P2.2,2277851,39439776523,39.44,17314,122.0,56001.0,15169,17361,20287,14730,16643,19345,,True,,True,34
HG02735,bam,m64076_211209_102926-bc1002.5mc.hifi_reads.bam,s3://human-pangenomics/working/HPRC/HG02735/raw_data/PacBio_HiFi/m64076_211209_102926-bc1002.5mc.hifi_reads.bam,unaligned reads,UW_HPRC_HiFi_Y3,11.9,13.26,HG02735.m64076_211209_102926.dc.q20.fastq.gz,s3://human-pangenomics/submissions/42AFCE59-2972-45EE-BB72-5B84E7B57377--HPRC_DEEPCONSENSUS_v1pt2_2023_08_q20/HG02735/raw_data/PacBio_HiFi/deepconsensus/v1pt2/HG02735.m64076_211209_102926.dc.q20.fastq.gz,6.2.0,,SRP305758,,SRR23922665,PRJNA701308,SAMN33758787,HiFi sequencing of 25kb fractionated gDNA,,kmiyamot@uw.edu,University of Washington,HG02735.HFSS2,WGS,GENOMIC,RANDOM,single,Megaruptor 3,PippinHT,PACBIO_SMRT,Sequel II,C2,P2.2,1869576,36782283250,36.78,19674,59.0,59898.0,17062,19856,23486,16411,18859,22198,,True,,True,34
HG03704,bam,m64076_220216_013707-bc1001.5mc.hifi_reads.bam,s3://human-pangenomics/working/HPRC/HG03704/raw_data/PacBio_HiFi/m64076_220216_013707-bc1001.5mc.hifi_reads.bam,unaligned reads,UW_HPRC_HiFi_Y3,3.9,4.75,HG00558.m64076_220216_013707.dc.q20.fastq.gz,s3://human-pangenomics/submissions/42AFCE59-2972-45EE-BB72-5B84E7B57377--HPRC_DEEPCONSENSUS_v1pt2_2023_08_q20/HG03704/raw_data/PacBio_HiFi/deepconsensus/v1pt2/HG03704.m64076_220216_013707.dc.q20.fastq.gz,6.2.0,,SRP305758,,SRR23922654,PRJNA701308,SAMN33758795,HiFi sequencing of 25kb fractionated gDNA,,kmiyamot@uw.edu,University of Washington,HG03704.HFSS3,WGS,GENOMIC,RANDOM,single,Megaruptor 3,PippinHT,PACBIO_SMRT,Sequel II,C2,P2.2,608249,12144176455,12.14,19965,54.0,62497.0,17037,20253,24361,16204,19002,22753,,True,,True,34
HG00558,bam,m64076_220216_013707-bc1016.5mc.hifi_reads.bam,s3://human-pangenomics/working/HPRC/HG00558/raw_data/PacBio_HiFi/m64076_220216_013707-bc1016.5mc.hifi_reads.bam,unaligned reads,UW_HPRC_HiFi_Y3,0.7,0.87,HG00558.m64076_220216_013707.dc.q20.fastq.gz,s3://human-pangenomics/submissions/42AFCE59-2972-45EE-BB72-5B84E7B57377--HPRC_DEEPCONSENSUS_v1pt2_2023_08_q20/HG00558/raw_data/PacBio_HiFi/deepconsensus/v1pt2/HG00558.m64076_220216_013707.dc.q20.fastq.gz,6.2.0,,SRP305758,,SRR23922640,PRJNA701308,SAMN33758780,HiFi sequencing of 24kb fractionated gDNA,,kmiyamot@uw.edu,University of Washington,HG00558.HFSS,WGS,GENOMIC,RANDOM,single,Megaruptor 3,PippinHT,PACBIO_SMRT,Sequel II,C2,P2.2,108911,2266821485,2.27,20813,61.0,61233.0,17676,21415,26110,16484,19802,24088,,True,,True,34
HG00639,bam,m64076_220216_013707-bc1010.5mc.hifi_reads.bam,s3://human-pangenomics/working/HPRC/HG00639/raw_data/PacBio_HiFi/m64076_220216_013707-bc1010.5mc.hifi_reads.bam,unaligned reads,UW_HPRC_HiFi_Y3,1.8,2.19,HG00558.m64076_220216_013707.dc.q20.fastq.gz,s3://human-pangenomics/submissions/42AFCE59-2972-45EE-BB72-5B84E7B57377--HPRC_DEEPCONSENSUS_v1pt2_2023_08_q20/HG00639/raw_data/PacBio_HiFi/deepconsensus/v1pt2/HG00639.m64076_220216_013707.dc.q20.fastq.gz,6.2.0,,SRP305758,,SRR23922643,PRJNA701308,SAMN33758781,HiFi sequencing of 23kb fractionated gDNA,,kmiyamot@uw.edu,University of Washington,HG00639.HFSS,WGS,GENOMIC,RANDOM,single,Megaruptor 3,PippinHT,PACBIO_SMRT,Sequel II,C2,P2.2,284943,5693715374,5.69,19981,61.0,52534.0,17104,20746,25246,15886,19132,23275,,True,,True,34
HG03017,bam,m64076_220216_013707-bc1012.5mc.hifi_reads.bam,s3://human-pangenomics/working/HPRC/HG03017/raw_data/PacBio_HiFi/m64076_220216_013707-bc1012.5mc.hifi_reads.bam,unaligned reads,UW_HPRC_HiFi_Y3,2.6,3.12,HG00558.m64076_220216_013707.dc.q20.fastq.gz,s3://human-pangenomics/submissions/42AFCE59-2972-45EE-BB72-5B84E7B57377--HPRC_DEEPCONSENSUS_v1pt2_2023_08_q20/HG03017/raw_data/PacBio_HiFi/deepconsensus/v1pt2/HG03017.m64076_220216_013707.dc.q20.fastq.gz,6.2.0,,SRP305758,,SRR23922662,PRJNA701308,SAMN33758789,HiFi sequencing of 25kb fractionated gDNA,,kmiyamot@uw.edu,University of Washington,HG03017.HFSS,WGS,GENOMIC,RANDOM,single,Megaruptor 3,PippinHT,PACBIO_SMRT,Sequel II,C2,P2.2,414973,8141215131,8.14,19618,136.0,53564.0,16707,20379,24868,15514,18737,22888,,True,,True,34
HG01969,bam,m64055e_220517_182131.demultiplex.bc1002--bc1002.5mc.hifi_reads.bam,s3://human-pangenomics/working/HPRC/HG01969/raw_data/PacBio_HiFi/primrose/m64055e_220517_182131.demultiplex.bc1002--bc1002.5mc.hifi_reads.bam,unaligned reads,RU_Y3,3.1,3.39,HG01969.m64055e_220517_182131.dc.q20.fastq.gz,s3://human-pangenomics/submissions/B4B0B5DC-5FD5-42D5-8434-10DEF7D99E98--HPRC_DEEPCONSENSUS_v1pt2_2024_02_q20_re-run/HG01969/raw_data/PacBio_HiFi/deepconsensus/v1pt2/HG01969.m64055e_220517_182131.dc.q20.fastq.gz,6.0.0,,SRP305758,,SRR30152001,PRJNA701308,SAMN37797103,HiFi sequencing of 20kb fractionated gDNA,,vgl-lab@rockefeller.edu,Rockefeller University,HG01969_PB1_m64055e_220517_182131_m64055e_220517_182131,WGS,GENOMIC,size fractionation,single,Megaruptor 3,Pippin HT,PACBIO_SMRT,Sequel II,C2,P2,551333,9719026793,9.72,17628,58.0,54635.0,14473,18855,24088,12768,16429,21229,,True,,True,32
HG01150,bam,m54306Ue_220402_052301.demultiplex.bc1015--bc1015.5mc.hifi_reads.bam,s3://human-pangenomics/working/HPRC/HG01150/raw_data/PacBio_HiFi/primrose/m54306Ue_220402_052301.demultiplex.bc1015--bc1015.5mc.hifi_reads.bam,unaligned reads,RU_Y3,2.4,2.65,HG01150.m54306Ue_220402_052301.dc.q20.fastq.gz,s3://human-pangenomics/submissions/B4B0B5DC-5FD5-42D5-8434-10DEF7D99E98--HPRC_DEEPCONSENSUS_v1pt2_2024_02_q20_re-run/HG01150/raw_data/PacBio_HiFi/deepconsensus/v1pt2/HG01150.m54306Ue_220402_052301.dc.q20.fastq.gz,6.0.0,,SRP305758,,SRR30151915,PRJNA701308,SAMN37797097,HiFi sequencing of 20kb fractionated gDNA,,vgl-lab@rockefeller.edu,Rockefeller University,HG01150_PB1_m54306Ue_220402_052301_m54306Ue_220402_052301,WGS,GENOMIC,size fractionation,single,Megaruptor 3,Pippin HT,PACBIO_SMRT,Sequel II,C2,P2,420036,7580552350,7.58,18047,82.0,56471.0,15385,18565,22532,14369,17200,20806,,True,,True,32
HG01150,bam,m64334e_220412_183749.demultiplex.bc1015--bc1015.5mc.hifi_reads.bam,s3://human-pangenomics/working/HPRC/HG01150/raw_data/PacBio_HiFi/primrose/m64334e_220412_183749.demultiplex.bc1015--bc1015.5mc.hifi_reads.bam,unaligned reads,RU_Y3,3.1,3.47,HG01150.m64334e_220412_183749.dc.q20.fastq.gz,s3://human-pangenomics/submissions/B4B0B5DC-5FD5-42D5-8434-10DEF7D99E98--HPRC_DEEPCONSENSUS_v1pt2_2024_02_q20_re-run/HG01150/raw_data/PacBio_HiFi/deepconsensus/v1pt2/HG01150.m64334e_220412_183749.dc.q20.fastq.gz,6.0.0,,SRP305758,,SRR30151936,PRJNA701308,SAMN37797097,HiFi sequencing of 20kb fractionated gDNA,,vgl-lab@rockefeller.edu,Rockefeller University,HG01150_PB1_m64334e_220412_183749_m64334e_220412_183749,WGS,GENOMIC,size fractionation,single,Megaruptor 3,Pippin HT,PACBIO_SMRT,Sequel II,C2,P2,532298,9693198556,9.69,18210,785.0,56437.0,15476,18801,22940,14398,17328,21106,,True,,True,32
HG02514,bam,m64334e_220426_185110.demultiplex.bc1001--bc1001.5mc.hifi_reads.bam,s3://human-pangenomics/working/HPRC/HG02514/raw_data/PacBio_HiFi/primrose/m64334e_220426_185110.demultiplex.bc1001--bc1001.5mc.hifi_reads.bam,unaligned reads,RU_Y3,5.1,,HG01940.m64334e_220426_185110.dc.q20.fastq.gz,,6.0.0,,SRP305758,,SRR30151930,PRJNA701308,SAMN37797105,HiFi sequencing of 20kb fractionated gDNA,,vgl-lab@rockefeller.edu,Rockefeller University,HG02514_PB1_m64334e_220426_185110_m64334e_220426_185110,WGS,GENOMIC,size fractionation,single,Megaruptor 3,Pippin HT,PACBIO_SMRT,Sequel II,C2,P2,930158,15823874531,15.82,17012,54.0,58871.0,14597,17508,21137,13692,16299,19638,,True,,True,32
HG01940,bam,m64334e_220426_185110.demultiplex.bc1010--bc1010.5mc.hifi_reads.bam,s3://human-pangenomics/working/HPRC/HG01940/raw_data/PacBio_HiFi/primrose/m64334e_220426_185110.demultiplex.bc1010--bc1010.5mc.hifi_reads.bam,unaligned reads,RU_Y3,2.6,2.96,HG01940.m64334e_220426_185110.dc.q20.fastq.gz,s3://human-pangenomics/submissions/B4B0B5DC-5FD5-42D5-8434-10DEF7D99E98--HPRC_DEEPCONSENSUS_v1pt2_2024_02_q20_re-run/HG01940/raw_data/PacBio_HiFi/deepconsensus/v1pt2/HG01940.m64334e_220426_185110.dc.q20.fastq.gz,6.0.0,,SRP305758,,SRR30151918,PRJNA701308,SAMN37797101,HiFi sequencing of 20kb fractionated gDNA,,vgl-lab@rockefeller.edu,Rockefeller University,HG01940_PB1_m64334e_220426_185110_m64334e_220426_185110,WGS,GENOMIC,size fractionation,single,Megaruptor 3,Pippin HT,PACBIO_SMRT,Sequel II,C2,P2,413272,8165347513,8.17,19757,63.0,64624.0,16610,20898,25978,14933,18729,23463,,True,,True,17
HG03050,bam,m54306Ue_220402_052301.demultiplex.bc1012--bc1012.5mc.hifi_reads.bam,s3://human-pangenomics/working/HPRC/HG03050/raw_data/PacBio_HiFi/primrose/m54306Ue_220402_052301.demultiplex.bc1012--bc1012.5mc.hifi_reads.bam,unaligned reads,RU_Y3,3.0,,HG01150.m54306Ue_220402_052301.dc.q20.fastq.gz,,6.0.0,,SRP305758,,SRR30151961,PRJNA701308,SAMN37797108,HiFi sequencing of 20kb fractionated gDNA,,vgl-lab@rockefeller.edu,Rockefeller University,HG03050_PB1_m54306Ue_220402_052301_m54306Ue_220402_052301,WGS,GENOMIC,size fractionation,single,Megaruptor 3,Pippin HT,PACBIO_SMRT,Sequel II,C2,P2,501610,9392895139,9.39,18725,79.0,55017.0,16673,18756,21449,16230,18143,20624,,True,,True,32
HG03050,bam,m64330e_220407_180519.demultiplex.bc1012--bc1012.5mc.hifi_reads.bam,s3://human-pangenomics/working/HPRC/HG03050/raw_data/PacBio_HiFi/primrose/m64330e_220407_180519.demultiplex.bc1012--bc1012.5mc.hifi_reads.bam,unaligned reads,RU_Y3,3.5,,HG02841.m64330e_220407_180519.dc.q20.fastq.gz,,6.0.0,,SRP305758,,SRR30151913,PRJNA701308,SAMN37797108,HiFi sequencing of 20kb fractionated gDNA,,vgl-lab@rockefeller.edu,Rockefeller University,HG03050_PB1_m64330e_220407_180519_m64330e_220407_180519,WGS,GENOMIC,size fractionation,single,Megaruptor 3,Pippin HT,PACBIO_SMRT,Sequel II,C2,P2,576036,10893343672,10.89,18910,123.0,62057.0,16778,18950,21783,16305,18292,20892,,True,,True,32
HG02984,bam,m64055e_220517_182131.demultiplex.bc1009--bc1009.5mc.hifi_reads.bam,s3://human-pangenomics/working/HPRC/HG02984/raw_data/PacBio_HiFi/primrose/m64055e_220517_182131.demultiplex.bc1009--bc1009.5mc.hifi_reads.bam,unaligned reads,RU_Y3,0.6,,HG01969.m64055e_220517_182131.dc.q20.fastq.gz,,6.0.0,,SRP305758,,SRR30151975,PRJNA701308,SAMN37797107,HiFi sequencing of 20kb fractionated gDNA,,vgl-lab@rockefeller.edu,Rockefeller University,HG02984_PB1_m64055e_220517_182131_m64055e_220517_182131,WGS,GENOMIC,size fractionation,single,Megaruptor 3,Pippin HT,PACBIO_SMRT,Sequel II,C2,P2,119906,2004239111,2.0,16715,122.0,50187.0,14292,17263,20935,13317,15970,19343,,True,,True,15
HG02841,bam,m64330e_220407_180519.demultiplex.bc1021--bc1021.5mc.hifi_reads.bam,s3://human-pangenomics/working/HPRC/HG02841/raw_data/PacBio_HiFi/primrose/m64330e_220407_180519.demultiplex.bc1021--bc1021.5mc.hifi_reads.bam,unaligned reads,RU_Y3,2.9,3.26,HG02841.m64330e_220407_180519.dc.q20.fastq.gz,s3://human-pangenomics/submissions/B4B0B5DC-5FD5-42D5-8434-10DEF7D99E98--HPRC_DEEPCONSENSUS_v1pt2_2024_02_q20_re-run/HG02841/raw_data/PacBio_HiFi/deepconsensus/v1pt2/HG02841.m64330e_220407_180519.dc.q20.fastq.gz,6.0.0,,SRP305758,,SRR30151970,PRJNA701308,SAMN37797106,HiFi sequencing of 20kb fractionated gDNA,,vgl-lab@rockefeller.edu,Rockefeller University,HG02841_PB1_m64330e_220407_180519_m64330e_220407_180519,WGS,GENOMIC,size fractionation,single,Megaruptor 3,Pippin HT,PACBIO_SMRT,Sequel II,C2,P2,556026,9018445903,9.02,16219,65.0,47984.0,14039,16463,19604,13397,15543,18406,,True,,True,32
HG02841,bam,m64334e_220412_183749.demultiplex.bc1021--bc1021.5mc.hifi_reads.bam,s3://human-pangenomics/working/HPRC/HG02841/raw_data/PacBio_HiFi/primrose/m64334e_220412_183749.demultiplex.bc1021--bc1021.5mc.hifi_reads.bam,unaligned reads,RU_Y3,3.6,,HG01150.m64334e_220412_183749.dc.q20.fastq.gz,,6.0.0,,SRP305758,,SRR30151968,PRJNA701308,SAMN37797106,HiFi sequencing of 20kb fractionated gDNA,,vgl-lab@rockefeller.edu,Rockefeller University,HG02841_PB1_m64334e_220412_183749_m64334e_220412_183749,WGS,GENOMIC,size fractionation,single,Megaruptor 3,Pippin HT,PACBIO_SMRT,Sequel II,C2,P2,687065,11067164812,11.07,16107,272.0,52702.0,13963,16317,19383,13350,15440,18231,,True,,True,31
HG00140,bam,m64043_220728_173215-bc1018.5mc.hifi_reads.bam,s3://human-pangenomics/working/HPRC/HG00140/raw_data/PacBio_HiFi/m64043_220728_173215-bc1018.5mc.hifi_reads.bam,unaligned reads,WUSTL_HPRC_HiFi_Year3,3.3,3.66,HG00140.m64043_220728_173215.dc.q20.fastq.gz,s3://human-pangenomics/submissions/42AFCE59-2972-45EE-BB72-5B84E7B57377--HPRC_DEEPCONSENSUS_v1pt2_2023_08_q20/HG00140/raw_data/PacBio_HiFi/deepconsensus/v1pt2/HG00140.m64043_220728_173215.dc.q20.fastq.gz,6.0.0,,SRP305758,,SRR23732295,PRJNA701308,SAMN33621941,HiFi sequencing of 20kb fractionated gDNA,,tgraves@wustl.edu,Washington University,HG00140_lib1,WGS,GENOMIC,size fractionation,single,Megaruptor 1,SageELF,PACBIO_SMRT,Sequel II,C2,P2.2,517275,10233445025,10.23,19783,51.0,53341.0,18131,19724,21738,17853,19373,21259,,True,,True,33
HG00323,bam,m64136_220708_205611-bc1016.5mc.hifi_reads.bam,s3://human-pangenomics/working/HPRC/HG00323/raw_data/PacBio_HiFi/m64136_220708_205611-bc1016.5mc.hifi_reads.bam,unaligned reads,WUSTL_HPRC_HiFi_Year3,10.8,11.82,HG00323.m64136_220708_205611.dc.q20.fastq.gz,s3://human-pangenomics/submissions/42AFCE59-2972-45EE-BB72-5B84E7B57377--HPRC_DEEPCONSENSUS_v1pt2_2023_08_q20/HG00323/raw_data/PacBio_HiFi/deepconsensus/v1pt2/HG00323.m64136_220708_205611.dc.q20.fastq.gz,6.0.0,,SRP305758,,SRR23732294,PRJNA701308,SAMN33621942,HiFi sequencing of 20kb fractionated gDNA,,tgraves@wustl.edu,Washington University,HG00323_lib1,WGS,GENOMIC,size fractionation,single,Megaruptor 1,SageELF,PACBIO_SMRT,Sequel II,C2,P2.2,1744844,33478490857,33.48,19187,61.0,61839.0,16743,19365,22473,16250,18478,21546,,True,,True,34
HG00408,bam,m64136_211114_164241-bc1002.5mc.hifi_reads.bam,s3://human-pangenomics/working/HPRC/HG00408/raw_data/PacBio_HiFi/m64136_211114_164241-bc1002.5mc.hifi_reads.bam,unaligned reads,WUSTL_HPRC_HiFi_Year3,12.5,14.6,HG00408.m64136_211114_164241.dc.q20.fastq.gz,s3://human-pangenomics/submissions/42AFCE59-2972-45EE-BB72-5B84E7B57377--HPRC_DEEPCONSENSUS_v1pt2_2023_08_q20/HG00408/raw_data/PacBio_HiFi/deepconsensus/v1pt2/HG00408.m64136_211114_164241.dc.q20.fastq.gz,6.0.0,,SRP305758,,SRR23732283,PRJNA701308,SAMN33621943,HiFi sequencing of 20kb fractionated gDNA,,tgraves@wustl.edu,Washington University,HG00408_lib1,WGS,GENOMIC,size fractionation,single,Megaruptor 1,SageELF,PACBIO_SMRT,Sequel II,C2,P2.2,2018757,38730219265,38.73,19185,139.0,53377.0,16770,18510,22318,16486,17935,20910,,True,,True,34
HG00597,bam,m64043_211210_180342-bc1021.5mc.hifi_reads.bam,s3://human-pangenomics/working/HPRC/HG00597/raw_data/PacBio_HiFi/m64043_211210_180342-bc1021.5mc.hifi_reads.bam,unaligned reads,WUSTL_HPRC_HiFi_Year3,11.0,13.15,HG00597.m64043_211210_180342.dc.q20.fastq.gz,s3://human-pangenomics/submissions/42AFCE59-2972-45EE-BB72-5B84E7B57377--HPRC_DEEPCONSENSUS_v1pt2_2023_08_q20/HG00597/raw_data/PacBio_HiFi/deepconsensus/v1pt2/HG00597.m64043_211210_180342.dc.q20.fastq.gz,6.0.0,,SRP305758,,SRR23732280,PRJNA701308,SAMN33621944,HiFi sequencing of 20kb fractionated gDNA,,tgraves@wustl.edu,Washington University,HG00597_lib1,WGS,GENOMIC,size fractionation,single,Megaruptor 1,SageELF,PACBIO_SMRT,Sequel II,C2,P2.2,1621355,34138087985,34.14,21055,406.0,56238.0,19270,20815,22972,19061,20477,22470,,True,,True,32
HG01261,bam,m64043_211222_184851-bc1001.5mc.hifi_reads.bam,s3://human-pangenomics/working/HPRC/HG01261/raw_data/PacBio_HiFi/m64043_211222_184851-bc1001.5mc.hifi_reads.bam,unaligned reads,WUSTL_HPRC_HiFi_Year3,4.5,5.18,HG01261.m64043_211222_184851.dc.q20.fastq.gz,s3://human-pangenomics/submissions/42AFCE59-2972-45EE-BB72-5B84E7B57377--HPRC_DEEPCONSENSUS_v1pt2_2023_08_q20/HG01261/raw_data/PacBio_HiFi/deepconsensus/v1pt2/HG01261.m64043_211222_184851.dc.q20.fastq.gz,6.0.0,,SRP305758,,SRR23732278,PRJNA701308,SAMN33621946,HiFi sequencing of 20kb fractionated gDNA,,tgraves@wustl.edu,Washington University,HG01261_lib1,WGS,GENOMIC,size fractionation,single,Megaruptor 1,SageELF,PACBIO_SMRT,Sequel II,C2,P2.2,664050,13944839852,13.94,20999,718.0,67189.0,18369,20229,24356,18072,19630,22593,,True,,True,34
HG01975,bam,m64043_211113_003158-bc1003.5mc.hifi_reads.bam,s3://human-pangenomics/working/HPRC/HG01975/raw_data/PacBio_HiFi/m64043_211113_003158-bc1003.5mc.hifi_reads.bam,unaligned reads,WUSTL_HPRC_HiFi_Year3,12.1,13.52,HG01975.m64043_211113_003158.dc.q20.fastq.gz,s3://human-pangenomics/submissions/42AFCE59-2972-45EE-BB72-5B84E7B57377--HPRC_DEEPCONSENSUS_v1pt2_2023_08_q20/HG01975/raw_data/PacBio_HiFi/deepconsensus/v1pt2/HG01975.m64043_211113_003158.dc.q20.fastq.gz,6.0.0,,SRP305758,,SRR23732277,PRJNA701308,SAMN33621947,HiFi sequencing of 20kb fractionated gDNA,,tgraves@wustl.edu,Washington University,HG01975_lib1,WGS,GENOMIC,size fractionation,single,Megaruptor 1,SageELF,PACBIO_SMRT,Sequel II,C2,P2.2,1897742,37414972875,37.41,19715,230.0,58778.0,17823,19259,21526,17636,18916,20851,,True,,True,34
HG02015,bam,m64043_210903_163032-bc1022.5mc.hifi_reads.bam,s3://human-pangenomics/working/HPRC/HG02015/raw_data/PacBio_HiFi/m64043_210903_163032-bc1022.5mc.hifi_reads.bam,unaligned reads,WUSTL_HPRC_HiFi_Year3,24.2,14.3,HG02015.m64043_210903_163032.dc.q20.fastq.gz,s3://human-pangenomics/submissions/42AFCE59-2972-45EE-BB72-5B84E7B57377--HPRC_DEEPCONSENSUS_v1pt2_2023_08_q20/HG02015/raw_data/PacBio_HiFi/deepconsensus/v1pt2/HG02015.m64043_210903_163032.dc.q20.fastq.gz,6.0.0,,SRP305758,,SRR23732276,PRJNA701308,SAMN33621948,HiFi sequencing of 20kb fractionated gDNA,,tgraves@wustl.edu,Washington University,HG02015_lib1,WGS,GENOMIC,size fractionation,single,Megaruptor 1,SageELF,PACBIO_SMRT,Sequel II,C2,P2.2,3865204,75027463744,75.03,19410,51.0,388970.0,16688,19402,23437,16061,17931,21538,,True,,True,29
HG02056,bam,m64136_211121_153454-bc1009.5mc.hifi_reads.bam,s3://human-pangenomics/working/HPRC/HG02056/raw_data/PacBio_HiFi/m64136_211121_153454-bc1009.5mc.hifi_reads.bam,unaligned reads,WUSTL_HPRC_HiFi_Year3,9.2,11.25,HG02056.m64136_211121_153454.dc.q20.fastq.gz,s3://human-pangenomics/submissions/42AFCE59-2972-45EE-BB72-5B84E7B57377--HPRC_DEEPCONSENSUS_v1pt2_2023_08_q20/HG02056/raw_data/PacBio_HiFi/deepconsensus/v1pt2/HG02056.m64136_211121_153454.dc.q20.fastq.gz,6.0.0,,SRP305758,,SRR23732275,PRJNA701308,SAMN33621949,HiFi sequencing of 20kb fractionated gDNA,,tgraves@wustl.edu,Washington University,HG02056_lib1,WGS,GENOMIC,size fractionation,single,Megaruptor 1,SageELF,PACBIO_SMRT,Sequel II,C2,P2.2,1434407,28490874747,28.49,19862,199.0,55264.0,18090,19721,22333,17760,19254,21430,,True,,True,34
HG02129,bam,m64136_220424_050632-bc1001.5mc.hifi_reads.bam,s3://human-pangenomics/working/HPRC/HG02129/raw_data/PacBio_HiFi/m64136_220424_050632-bc1001.5mc.hifi_reads.bam,unaligned reads,WUSTL_HPRC_HiFi_Year3,10.3,11.91,HG02129.m64136_220424_050632.dc.q20.fastq.gz,s3://human-pangenomics/submissions/42AFCE59-2972-45EE-BB72-5B84E7B57377--HPRC_DEEPCONSENSUS_v1pt2_2023_08_q20/HG02129/raw_data/PacBio_HiFi/deepconsensus/v1pt2/HG02129.m64136_220424_050632.dc.q20.fastq.gz,6.0.0,,SRP305758,,SRR23732274,PRJNA701308,SAMN33621950,HiFi sequencing of 20kb fractionated gDNA,,tgraves@wustl.edu,Washington University,HG02129_lib1,WGS,GENOMIC,size fractionation,single,Megaruptor 1,SageELF,PACBIO_SMRT,Sequel II,C2,P2.2,1668439,32061676319,32.06,19216,95.0,56783.0,16979,19358,21704,16330,18825,20955,,True,,True,30
HG02155,bam,m64043_220728_173215-bc1012.5mc.hifi_reads.bam,s3://human-pangenomics/working/HPRC/HG02155/raw_data/PacBio_HiFi/m64043_220728_173215-bc1012.5mc.hifi_reads.bam,unaligned reads,WUSTL_HPRC_HiFi_Year3,3.9,4.35,HG00140.m64043_220728_173215.dc.q20.fastq.gz,s3://human-pangenomics/submissions/42AFCE59-2972-45EE-BB72-5B84E7B57377--HPRC_DEEPCONSENSUS_v1pt2_2023_08_q20/HG02155/raw_data/PacBio_HiFi/deepconsensus/v1pt2/HG02155.m64043_220728_173215.dc.q20.fastq.gz,6.0.0,,SRP305758,,SRR23732293,PRJNA701308,SAMN33621951,HiFi sequencing of 20kb fractionated gDNA,,tgraves@wustl.edu,Washington University,HG02155_lib1,WGS,GENOMIC,size fractionation,single,Megaruptor 1,SageELF,PACBIO_SMRT,Sequel II,C2,P2.2,605059,12121610916,12.12,20033,61.0,55945.0,17476,19953,23518,17036,19069,22395,,True,,True,34
HG02258,bam,m64043_211217_180919-bc1011.5mc.hifi_reads.bam,s3://human-pangenomics/working/HPRC/HG02258/raw_data/PacBio_HiFi/m64043_211217_180919-bc1011.5mc.hifi_reads.bam,unaligned reads,WUSTL_HPRC_HiFi_Year3,9.8,11.99,HG02258.m64043_211217_180919.dc.q20.fastq.gz,s3://human-pangenomics/submissions/42AFCE59-2972-45EE-BB72-5B84E7B57377--HPRC_DEEPCONSENSUS_v1pt2_2023_08_q20/HG02258/raw_data/PacBio_HiFi/deepconsensus/v1pt2/HG02258.m64043_211217_180919.dc.q20.fastq.gz,6.0.0,,SRP305758,,SRR23732292,PRJNA701308,SAMN33621952,HiFi sequencing of 20kb fractionated gDNA,,tgraves@wustl.edu,Washington University,HG02258_lib1,WGS,GENOMIC,size fractionation,single,Megaruptor 1,SageELF,PACBIO_SMRT,Sequel II,C2,P2.2,1471798,30383642106,30.38,20643,61.0,53399.0,18946,20502,22571,18701,20169,22088,,True,,True,34
HG02273,bam,m64043_220429_171542-bc1002.5mc.hifi_reads.bam,s3://human-pangenomics/working/HPRC/HG02273/raw_data/PacBio_HiFi/m64043_220429_171542-bc1002.5mc.hifi_reads.bam,unaligned reads,WUSTL_HPRC_HiFi_Year3,12.3,14.09,HG02273.m64043_220429_171542.dc.q20.fastq.gz,s3://human-pangenomics/submissions/42AFCE59-2972-45EE-BB72-5B84E7B57377--HPRC_DEEPCONSENSUS_v1pt2_2023_08_q20/HG02273/raw_data/PacBio_HiFi/deepconsensus/v1pt2/HG02273.m64043_220429_171542.dc.q20.fastq.gz,6.0.0,,SRP305758,,SRR23732291,PRJNA701308,SAMN33621953,HiFi sequencing of 20kb fractionated gDNA,,tgraves@wustl.edu,Washington University,HG02273_lib1,WGS,GENOMIC,size fractionation,single,Megaruptor 1,SageELF,PACBIO_SMRT,Sequel II,C2,P2.2,1848889,38026194906,38.03,20567,139.0,58982.0,17731,20899,23890,17280,20013,22954,,True,,True,34
HG02965,bam,m64043_220715_182700-bc1017.5mc.hifi_reads.bam,s3://human-pangenomics/working/HPRC/HG02965/raw_data/PacBio_HiFi/m64043_220715_182700-bc1017.5mc.hifi_reads.bam,unaligned reads,WUSTL_HPRC_HiFi_Year3,11.5,12.54,HG02965.m64043_220715_182700.dc.q20.fastq.gz,s3://human-pangenomics/submissions/42AFCE59-2972-45EE-BB72-5B84E7B57377--HPRC_DEEPCONSENSUS_v1pt2_2023_08_q20/HG02965/raw_data/PacBio_HiFi/deepconsensus/v1pt2/HG02965.m64043_220715_182700.dc.q20.fastq.gz,6.0.0,,SRP305758,,SRR23732290,PRJNA701308,SAMN33621954,HiFi sequencing of 20kb fractionated gDNA,,tgraves@wustl.edu,Washington University,HG02965_lib1,WGS,GENOMIC,size fractionation,single,Megaruptor 1,SageELF,PACBIO_SMRT,Sequel II,C2,P2.2,1698253,35646111219,35.65,20989,61.0,73722.0,18203,20521,24916,17769,19678,23131,,True,,True,34
HG02976,bam,m64043_220621_134351-bc1009.5mc.hifi_reads.bam,s3://human-pangenomics/working/HPRC/HG02976/raw_data/PacBio_HiFi/m64043_220621_134351-bc1009.5mc.hifi_reads.bam,unaligned reads,WUSTL_HPRC_HiFi_Year3,8.1,9.07,HG02976.m64043_220621_134351.dc.q20.fastq.gz,s3://human-pangenomics/submissions/42AFCE59-2972-45EE-BB72-5B84E7B57377--HPRC_DEEPCONSENSUS_v1pt2_2023_08_q20/HG02976/raw_data/PacBio_HiFi/deepconsensus/v1pt2/HG02976.m64043_220621_134351.dc.q20.fastq.gz,6.0.0,,SRP305758,,SRR23732289,PRJNA701308,SAMN33621955,HiFi sequencing of 20kb fractionated gDNA,,tgraves@wustl.edu,Washington University,HG02976_lib1,WGS,GENOMIC,size fractionation,single,Megaruptor 1,SageELF,PACBIO_SMRT,Sequel II,C2,P2.2,1258651,25120924503,25.12,19958,214.0,54707.0,18311,19886,21906,18038,19542,21427,,True,,True,34
HG03195,bam,m64136_220617_195203-bc1010.5mc.hifi_reads.bam,s3://human-pangenomics/working/HPRC/HG03195/raw_data/PacBio_HiFi/m64136_220617_195203-bc1010.5mc.hifi_reads.bam,unaligned reads,WUSTL_HPRC_HiFi_Year3,12.4,13.76,HG03195.m64136_220617_195203.dc.q20.fastq.gz,s3://human-pangenomics/submissions/42AFCE59-2972-45EE-BB72-5B84E7B57377--HPRC_DEEPCONSENSUS_v1pt2_2023_08_q20/HG03195/raw_data/PacBio_HiFi/deepconsensus/v1pt2/HG03195.m64136_220617_195203.dc.q20.fastq.gz,6.0.0,,SRP305758,,SRR23732288,PRJNA701308,SAMN33621956,HiFi sequencing of 20kb fractionated gDNA,,tgraves@wustl.edu,Washington University,HG03195_lib1,WGS,GENOMIC,size fractionation,single,Megaruptor 1,SageELF,PACBIO_SMRT,Sequel II,C2,P2.2,1851955,38391026616,38.39,20729,54.0,68687.0,17921,20557,24463,17481,19529,23196,,True,,True,33
HG03225,bam,m64043_220516_150157-bc1008.5mc.hifi_reads.bam,s3://human-pangenomics/working/HPRC/HG03225/raw_data/PacBio_HiFi/m64043_220516_150157-bc1008.5mc.hifi_reads.bam,unaligned reads,WUSTL_HPRC_HiFi_Year3,9.2,,,,6.0.0,,SRP305758,,SRR23732287,PRJNA701308,SAMN33621957,HiFi sequencing of 20kb fractionated gDNA,,tgraves@wustl.edu,Washington University,HG03225_lib1,WGS,GENOMIC,size fractionation,single,Megaruptor 1,SageELF,PACBIO_SMRT,Sequel II,C2,P2.2,1344981,28643913675,28.64,21296,83.0,56783.0,19029,21243,24403,18584,20581,23437,,True,,True,34
HG03834,bam,m64043_220107_191226-bc1012.5mc.hifi_reads.bam,s3://human-pangenomics/working/HPRC/HG03834/raw_data/PacBio_HiFi/m64043_220107_191226-bc1012.5mc.hifi_reads.bam,unaligned reads,WUSTL_HPRC_HiFi_Year3,12.3,14.27,HG03834.m64043_220107_191226.dc.q20.fastq.gz,s3://human-pangenomics/submissions/42AFCE59-2972-45EE-BB72-5B84E7B57377--HPRC_DEEPCONSENSUS_v1pt2_2023_08_q20/HG03834/raw_data/PacBio_HiFi/deepconsensus/v1pt2/HG03834.m64043_220107_191226.dc.q20.fastq.gz,6.0.0,,SRP305758,,SRR23732286,PRJNA701308,SAMN33621958,HiFi sequencing of 20kb fractionated gDNA,,tgraves@wustl.edu,Washington University,HG03834_lib1,WGS,GENOMIC,size fractionation,single,Megaruptor 1,SageELF,PACBIO_SMRT,Sequel II,C2,P2.2,1829039,38210943876,38.21,20891,123.0,62493.0,19092,20668,22878,18853,20313,22331,,True,,True,34
NA18971,bam,m64043_220703_150718-bc1011.5mc.hifi_reads.bam,s3://human-pangenomics/working/HPRC/NA18971/raw_data/PacBio_HiFi/m64043_220703_150718-bc1011.5mc.hifi_reads.bam,unaligned reads,WUSTL_HPRC_HiFi_Year3,10.3,12.1,NA18971.m64043_220703_150718.dc.q20.fastq.gz,s3://human-pangenomics/submissions/42AFCE59-2972-45EE-BB72-5B84E7B57377--HPRC_DEEPCONSENSUS_v1pt2_2023_08_q20/NA18971/raw_data/PacBio_HiFi/deepconsensus/v1pt2/NA18971.m64043_220703_150718.dc.q20.fastq.gz,6.0.0,,SRP305758,,SRR23732282,PRJNA701308,SAMN33621961,HiFi sequencing of 20kb fractionated gDNA,,tgraves@wustl.edu,Washington University,NA18971_lib1,WGS,GENOMIC,size fractionation,single,Megaruptor 1,SageELF,PACBIO_SMRT,Sequel II,C2,P2.2,1539349,31815106412,31.82,20667,62.0,65993.0,18541,20882,23733,17974,20210,22885,,True,,True,35
NA20805,bam,m64136_220726_203708-bc1020.5mc.hifi_reads.bam,s3://human-pangenomics/working/HPRC/NA20805/raw_data/PacBio_HiFi/m64136_220726_203708-bc1020.5mc.hifi_reads.bam,unaligned reads,WUSTL_HPRC_HiFi_Year3,12.2,14.02,NA20805.m64136_220726_203708.dc.q20.fastq.gz,s3://human-pangenomics/submissions/42AFCE59-2972-45EE-BB72-5B84E7B57377--HPRC_DEEPCONSENSUS_v1pt2_2023_08_q20/NA20805/raw_data/PacBio_HiFi/deepconsensus/v1pt2/NA20805.m64136_220726_203708.dc.q20.fastq.gz,6.0.0,,SRP305758,,SRR23732281,PRJNA701308,SAMN33621962,HiFi sequencing of 20kb fractionated gDNA,,tgraves@wustl.edu,Washington University,NA20805_lib1,WGS,GENOMIC,size fractionation,single,Megaruptor 1,SageELF,PACBIO_SMRT,Sequel II,C2,P2.2,1837659,37967752313,37.97,20660,133.0,66827.0,19189,20755,22563,18923,20455,22209,,True,,True,34
HG00140,bam,m64136_220719_122056-bc1018.5mc.hifi_reads.bam,s3://human-pangenomics/working/HPRC/HG00140/raw_data/PacBio_HiFi/m64136_220719_122056-bc1018.5mc.hifi_reads.bam,unaligned reads,WUSTL_HPRC_HiFi_Year3,10.9,12.63,HG00140.m64136_220719_122056.dc.q20.fastq.gz,s3://human-pangenomics/submissions/42AFCE59-2972-45EE-BB72-5B84E7B57377--HPRC_DEEPCONSENSUS_v1pt2_2023_08_q20/HG00140/raw_data/PacBio_HiFi/deepconsensus/v1pt2/HG00140.m64136_220719_122056.dc.q20.fastq.gz,6.0.0,,SRP305758,,SRR23732295,PRJNA701308,SAMN33621941,HiFi sequencing of 20kb fractionated gDNA,,tgraves@wustl.edu,Washington University,HG00140_lib1,WGS,GENOMIC,size fractionation,single,Megaruptor 1,SageELF,PACBIO_SMRT,Sequel II,C2,P2.2,1547133,33866031514,33.87,21889,137.0,73370.0,19047,21631,25828,18518,20699,24213,,True,,True,34
HG00323,bam,m64136_220712_144943-bc1016.5mc.hifi_reads.bam,s3://human-pangenomics/working/HPRC/HG00323/raw_data/PacBio_HiFi/m64136_220712_144943-bc1016.5mc.hifi_reads.bam,unaligned reads,WUSTL_HPRC_HiFi_Year3,11.2,12.3,HG00323.m64136_220712_144943.dc.q20.fastq.gz,s3://human-pangenomics/submissions/42AFCE59-2972-45EE-BB72-5B84E7B57377--HPRC_DEEPCONSENSUS_v1pt2_2023_08_q20/HG00323/raw_data/PacBio_HiFi/deepconsensus/v1pt2/HG00323.m64136_220712_144943.dc.q20.fastq.gz,6.0.0,,SRP305758,,SRR23732294,PRJNA701308,SAMN33621942,HiFi sequencing of 20kb fractionated gDNA,,tgraves@wustl.edu,Washington University,HG00323_lib1,WGS,GENOMIC,size fractionation,single,Megaruptor 1,SageELF,PACBIO_SMRT,Sequel II,C2,P2.2,1813262,34715893912,34.72,19145,61.0,59292.0,16716,19311,22414,16227,18433,21488,,True,,True,34
HG00408,bam,m64136_211111_194404-bc1002.5mc.hifi_reads.bam,s3://human-pangenomics/working/HPRC/HG00408/raw_data/PacBio_HiFi/m64136_211111_194404-bc1002.5mc.hifi_reads.bam,unaligned reads,WUSTL_HPRC_HiFi_Year3,12.4,14.46,HG00408.m64136_211111_194404.dc.q20.fastq.gz,s3://human-pangenomics/submissions/42AFCE59-2972-45EE-BB72-5B84E7B57377--HPRC_DEEPCONSENSUS_v1pt2_2023_08_q20/HG00408/raw_data/PacBio_HiFi/deepconsensus/v1pt2/HG00408.m64136_211111_194404.dc.q20.fastq.gz,6.0.0,,SRP305758,,SRR23732283,PRJNA701308,SAMN33621943,HiFi sequencing of 20kb fractionated gDNA,,tgraves@wustl.edu,Washington University,HG00408_lib1,WGS,GENOMIC,size fractionation,single,Megaruptor 1,SageELF,PACBIO_SMRT,Sequel II,C2,P2.2,2002652,38355055565,38.36,19152,81.0,58108.0,16758,18490,22251,16477,17924,20859,,True,,True,34
HG00597,bam,m64043_211213_155654-bc1021.5mc.hifi_reads.bam,s3://human-pangenomics/working/HPRC/HG00597/raw_data/PacBio_HiFi/m64043_211213_155654-bc1021.5mc.hifi_reads.bam,unaligned reads,WUSTL_HPRC_HiFi_Year3,10.6,12.94,HG00597.m64043_211213_155654.dc.q20.fastq.gz,s3://human-pangenomics/submissions/42AFCE59-2972-45EE-BB72-5B84E7B57377--HPRC_DEEPCONSENSUS_v1pt2_2023_08_q20/HG00597/raw_data/PacBio_HiFi/deepconsensus/v1pt2/HG00597.m64043_211213_155654.dc.q20.fastq.gz,6.0.0,,SRP305758,,SRR23732280,PRJNA701308,SAMN33621944,HiFi sequencing of 20kb fractionated gDNA,,tgraves@wustl.edu,Washington University,HG00597_lib1,WGS,GENOMIC,size fractionation,single,Megaruptor 1,SageELF,PACBIO_SMRT,Sequel II,C2,P2.2,1557646,32720246548,32.72,21006,61.0,54955.0,19247,20774,22899,19041,20445,22411,,True,,True,33
HG01261,bam,m64136_211108_160613-bc1001.5mc.hifi_reads.bam,s3://human-pangenomics/working/HPRC/HG01261/raw_data/PacBio_HiFi/m64136_211108_160613-bc1001.5mc.hifi_reads.bam,unaligned reads,WUSTL_HPRC_HiFi_Year3,10.5,12.55,HG01261.m64136_211108_160613.dc.q20.fastq.gz,s3://human-pangenomics/submissions/42AFCE59-2972-45EE-BB72-5B84E7B57377--HPRC_DEEPCONSENSUS_v1pt2_2023_08_q20/HG01261/raw_data/PacBio_HiFi/deepconsensus/v1pt2/HG01261.m64136_211108_160613.dc.q20.fastq.gz,6.0.0,,SRP305758,,SRR23732278,PRJNA701308,SAMN33621946,HiFi sequencing of 20kb fractionated gDNA,,tgraves@wustl.edu,Washington University,HG01261_lib1,WGS,GENOMIC,size fractionation,single,Megaruptor 1,SageELF,PACBIO_SMRT,Sequel II,C2,P2.2,1544394,32544026126,32.54,21072,204.0,65223.0,18429,20313,24465,18129,19707,22728,,True,,True,34
HG01975,bam,m64043_211114_112934-bc1003.5mc.hifi_reads.bam,s3://human-pangenomics/working/HPRC/HG01975/raw_data/PacBio_HiFi/m64043_211114_112934-bc1003.5mc.hifi_reads.bam,unaligned reads,WUSTL_HPRC_HiFi_Year3,11.7,13.0,HG01975.m64043_211114_112934.dc.q20.fastq.gz,s3://human-pangenomics/submissions/42AFCE59-2972-45EE-BB72-5B84E7B57377--HPRC_DEEPCONSENSUS_v1pt2_2023_08_q20/HG01975/raw_data/PacBio_HiFi/deepconsensus/v1pt2/HG01975.m64043_211114_112934.dc.q20.fastq.gz,6.0.0,,SRP305758,,SRR23732277,PRJNA701308,SAMN33621947,HiFi sequencing of 20kb fractionated gDNA,,tgraves@wustl.edu,Washington University,HG01975_lib1,WGS,GENOMIC,size fractionation,single,Megaruptor 1,SageELF,PACBIO_SMRT,Sequel II,C2,P2.2,1841180,36273475358,36.27,19701,142.0,61049.0,17814,19250,21498,17627,18908,20835,,True,,True,34
HG02056,bam,m64043_220114_181052-bc1009.5mc.hifi_reads.bam,s3://human-pangenomics/working/HPRC/HG02056/raw_data/PacBio_HiFi/m64043_220114_181052-bc1009.5mc.hifi_reads.bam,unaligned reads,WUSTL_HPRC_HiFi_Year3,9.4,10.49,HG02056.m64043_220114_181052.dc.q20.fastq.gz,s3://human-pangenomics/submissions/42AFCE59-2972-45EE-BB72-5B84E7B57377--HPRC_DEEPCONSENSUS_v1pt2_2023_08_q20/HG02056/raw_data/PacBio_HiFi/deepconsensus/v1pt2/HG02056.m64043_220114_181052.dc.q20.fastq.gz,6.0.0,,SRP305758,,SRR23732275,PRJNA701308,SAMN33621949,HiFi sequencing of 20kb fractionated gDNA,,tgraves@wustl.edu,Washington University,HG02056_lib1,WGS,GENOMIC,size fractionation,single,Megaruptor 1,SageELF,PACBIO_SMRT,Sequel II,C2,P2.2,1407236,29056368441,29.06,20647,276.0,62255.0,18454,20670,24438,17986,19880,23140,,True,,True,34
HG02129,bam,m64136_220426_155627-bc1001.5mc.hifi_reads.bam,s3://human-pangenomics/working/HPRC/HG02129/raw_data/PacBio_HiFi/m64136_220426_155627-bc1001.5mc.hifi_reads.bam,unaligned reads,WUSTL_HPRC_HiFi_Year3,13.5,15.01,HG02129.m64136_220426_155627.dc.q20.fastq.gz,s3://human-pangenomics/submissions/42AFCE59-2972-45EE-BB72-5B84E7B57377--HPRC_DEEPCONSENSUS_v1pt2_2023_08_q20/HG02129/raw_data/PacBio_HiFi/deepconsensus/v1pt2/HG02129.m64136_220426_155627.dc.q20.fastq.gz,6.0.0,,SRP305758,,SRR23732274,PRJNA701308,SAMN33621950,HiFi sequencing of 20kb fractionated gDNA,,tgraves@wustl.edu,Washington University,HG02129_lib1,WGS,GENOMIC,size fractionation,single,Megaruptor 1,SageELF,PACBIO_SMRT,Sequel II,C2,P2.2,2179533,42004596679,42.0,19272,61.0,61990.0,17036,19403,21791,16361,18861,21022,,True,,True,33
HG02155,bam,m64136_220705_120453-bc1012.5mc.hifi_reads.bam,s3://human-pangenomics/working/HPRC/HG02155/raw_data/PacBio_HiFi/m64136_220705_120453-bc1012.5mc.hifi_reads.bam,unaligned reads,WUSTL_HPRC_HiFi_Year3,10.2,11.3,HG02155.m64136_220705_120453.dc.q20.fastq.gz,s3://human-pangenomics/submissions/42AFCE59-2972-45EE-BB72-5B84E7B57377--HPRC_DEEPCONSENSUS_v1pt2_2023_08_q20/HG02155/raw_data/PacBio_HiFi/deepconsensus/v1pt2/HG02155.m64136_220705_120453.dc.q20.fastq.gz,6.0.0,,SRP305758,,SRR23732293,PRJNA701308,SAMN33621951,HiFi sequencing of 20kb fractionated gDNA,,tgraves@wustl.edu,Washington University,HG02155_lib1,WGS,GENOMIC,size fractionation,single,Megaruptor 1,SageELF,PACBIO_SMRT,Sequel II,C2,P2.2,1599995,31584932406,31.58,19740,219.0,64074.0,17269,19476,23090,16881,18713,21906,,True,,True,32
HG02258,bam,m64043_211219_050421-bc1011.5mc.hifi_reads.bam,s3://human-pangenomics/working/HPRC/HG02258/raw_data/PacBio_HiFi/m64043_211219_050421-bc1011.5mc.hifi_reads.bam,unaligned reads,WUSTL_HPRC_HiFi_Year3,11.6,13.63,HG02258.m64043_211219_050421.dc.q20.fastq.gz,s3://human-pangenomics/submissions/42AFCE59-2972-45EE-BB72-5B84E7B57377--HPRC_DEEPCONSENSUS_v1pt2_2023_08_q20/HG02258/raw_data/PacBio_HiFi/deepconsensus/v1pt2/HG02258.m64043_211219_050421.dc.q20.fastq.gz,6.0.0,,SRP305758,,SRR23732292,PRJNA701308,SAMN33621952,HiFi sequencing of 20kb fractionated gDNA,,tgraves@wustl.edu,Washington University,HG02258_lib1,WGS,GENOMIC,size fractionation,single,Megaruptor 1,SageELF,PACBIO_SMRT,Sequel II,C2,P2.2,1746272,36007958539,36.01,20619,203.0,53658.0,18916,20475,22548,18671,20138,22062,,True,,True,34
HG02273,bam,m64043_220503_153752-bc1002.5mc.hifi_reads.bam,s3://human-pangenomics/working/HPRC/HG02273/raw_data/PacBio_HiFi/m64043_220503_153752-bc1002.5mc.hifi_reads.bam,unaligned reads,WUSTL_HPRC_HiFi_Year3,14.3,16.11,HG02273.m64043_220503_153752.dc.q20.fastq.gz,s3://human-pangenomics/submissions/42AFCE59-2972-45EE-BB72-5B84E7B57377--HPRC_DEEPCONSENSUS_v1pt2_2023_08_q20/HG02273/raw_data/PacBio_HiFi/deepconsensus/v1pt2/HG02273.m64043_220503_153752.dc.q20.fastq.gz,6.0.0,,SRP305758,,SRR23732291,PRJNA701308,SAMN33621953,HiFi sequencing of 20kb fractionated gDNA,,tgraves@wustl.edu,Washington University,HG02273_lib1,WGS,GENOMIC,size fractionation,single,Megaruptor 1,SageELF,PACBIO_SMRT,Sequel II,C2,P2.2,2150606,44366503595,44.37,20629,327.0,67692.0,17766,20967,23999,17297,20076,23036,,True,,True,34
HG02965,bam,m64043_220719_122051-bc1017.5mc.hifi_reads.bam,s3://human-pangenomics/working/HPRC/HG02965/raw_data/PacBio_HiFi/m64043_220719_122051-bc1017.5mc.hifi_reads.bam,unaligned reads,WUSTL_HPRC_HiFi_Year3,13.5,15.28,HG02965.m64043_220719_122051.dc.q20.fastq.gz,s3://human-pangenomics/submissions/42AFCE59-2972-45EE-BB72-5B84E7B57377--HPRC_DEEPCONSENSUS_v1pt2_2023_08_q20/HG02965/raw_data/PacBio_HiFi/deepconsensus/v1pt2/HG02965.m64043_220719_122051.dc.q20.fastq.gz,6.0.0,,SRP305758,,SRR23732290,PRJNA701308,SAMN33621954,HiFi sequencing of 20kb fractionated gDNA,,tgraves@wustl.edu,Washington University,HG02965_lib1,WGS,GENOMIC,size fractionation,single,Megaruptor 1,SageELF,PACBIO_SMRT,Sequel II,C2,P2.2,2016822,41992148990,41.99,20820,61.0,66417.0,18128,20329,24489,17723,19557,22800,,True,,True,33
HG02976,bam,m64043_220619_164635-bc1009.5mc.hifi_reads.bam,s3://human-pangenomics/working/HPRC/HG02976/raw_data/PacBio_HiFi/m64043_220619_164635-bc1009.5mc.hifi_reads.bam,unaligned reads,WUSTL_HPRC_HiFi_Year3,12.0,13.27,HG02976.m64043_220619_164635.dc.q20.fastq.gz,s3://human-pangenomics/submissions/42AFCE59-2972-45EE-BB72-5B84E7B57377--HPRC_DEEPCONSENSUS_v1pt2_2023_08_q20/HG02976/raw_data/PacBio_HiFi/deepconsensus/v1pt2/HG02976.m64043_220619_164635.dc.q20.fastq.gz,6.0.0,,SRP305758,,SRR23732289,PRJNA701308,SAMN33621955,HiFi sequencing of 20kb fractionated gDNA,,tgraves@wustl.edu,Washington University,HG02976_lib1,WGS,GENOMIC,size fractionation,single,Megaruptor 1,SageELF,PACBIO_SMRT,Sequel II,C2,P2.2,1867914,37286464203,37.29,19961,633.0,69085.0,18314,19893,21915,18043,19546,21434,,True,,True,18
HG03195,bam,m64136_220619_164654-bc1010.5mc.hifi_reads.bam,s3://human-pangenomics/working/HPRC/HG03195/raw_data/PacBio_HiFi/m64136_220619_164654-bc1010.5mc.hifi_reads.bam,unaligned reads,WUSTL_HPRC_HiFi_Year3,11.3,12.89,HG03195.m64136_220619_164654.dc.q20.fastq.gz,s3://human-pangenomics/submissions/42AFCE59-2972-45EE-BB72-5B84E7B57377--HPRC_DEEPCONSENSUS_v1pt2_2023_08_q20/HG03195/raw_data/PacBio_HiFi/deepconsensus/v1pt2/HG03195.m64136_220619_164654.dc.q20.fastq.gz,6.0.0,,SRP305758,,SRR23732288,PRJNA701308,SAMN33621956,HiFi sequencing of 20kb fractionated gDNA,,tgraves@wustl.edu,Washington University,HG03195_lib1,WGS,GENOMIC,size fractionation,single,Megaruptor 1,SageELF,PACBIO_SMRT,Sequel II,C2,P2.2,1688750,34900743310,34.9,20666,52.0,64535.0,17895,20471,24342,17464,19472,23096,,True,,True,34
HG03225,bam,m64043_220518_120044-bc1008.5mc.hifi_reads.bam,s3://human-pangenomics/working/HPRC/HG03225/raw_data/PacBio_HiFi/m64043_220518_120044-bc1008.5mc.hifi_reads.bam,unaligned reads,WUSTL_HPRC_HiFi_Year3,10.6,12.28,HG03225.m64043_220518_120044.dc.q20.fastq.gz,s3://human-pangenomics/submissions/42AFCE59-2972-45EE-BB72-5B84E7B57377--HPRC_DEEPCONSENSUS_v1pt2_2023_08_q20/HG03225/raw_data/PacBio_HiFi/deepconsensus/v1pt2/HG03225.m64043_220518_120044.dc.q20.fastq.gz,6.0.0,,SRP305758,,SRR23732287,PRJNA701308,SAMN33621957,HiFi sequencing of 20kb fractionated gDNA,,tgraves@wustl.edu,Washington University,HG03225_lib1,WGS,GENOMIC,size fractionation,single,Megaruptor 1,SageELF,PACBIO_SMRT,Sequel II,C2,P2.2,1532258,32725639816,32.73,21357,188.0,64236.0,19060,21306,24500,18611,20634,23516,,True,,True,33
HG03834,bam,m64043_220109_060731-bc1012.5mc.hifi_reads.bam,s3://human-pangenomics/working/HPRC/HG03834/raw_data/PacBio_HiFi/m64043_220109_060731-bc1012.5mc.hifi_reads.bam,unaligned reads,WUSTL_HPRC_HiFi_Year3,13.0,14.47,HG03834.m64043_220109_060731.dc.q20.fastq.gz,s3://human-pangenomics/submissions/42AFCE59-2972-45EE-BB72-5B84E7B57377--HPRC_DEEPCONSENSUS_v1pt2_2023_08_q20/HG03834/raw_data/PacBio_HiFi/deepconsensus/v1pt2/HG03834.m64043_220109_060731.dc.q20.fastq.gz,6.0.0,,SRP305758,,SRR23732286,PRJNA701308,SAMN33621958,HiFi sequencing of 20kb fractionated gDNA,,tgraves@wustl.edu,Washington University,HG03834_lib1,WGS,GENOMIC,size fractionation,single,Megaruptor 1,SageELF,PACBIO_SMRT,Sequel II,C2,P2.2,1927254,40253924320,40.25,20886,365.0,58988.0,19083,20657,22877,18844,20303,22326,,True,,True,34
NA18971,bam,m64043_220705_120954-bc1011.5mc.hifi_reads.bam,s3://human-pangenomics/working/HPRC/NA18971/raw_data/PacBio_HiFi/m64043_220705_120954-bc1011.5mc.hifi_reads.bam,unaligned reads,WUSTL_HPRC_HiFi_Year3,11.2,12.3,NA18971.m64043_220705_120954.dc.q20.fastq.gz,s3://human-pangenomics/submissions/42AFCE59-2972-45EE-BB72-5B84E7B57377--HPRC_DEEPCONSENSUS_v1pt2_2023_08_q20/NA18971/raw_data/PacBio_HiFi/deepconsensus/v1pt2/NA18971.m64043_220705_120954.dc.q20.fastq.gz,6.0.0,,SRP305758,,SRR23732282,PRJNA701308,SAMN33621961,HiFi sequencing of 20kb fractionated gDNA,,tgraves@wustl.edu,Washington University,NA18971_lib1,WGS,GENOMIC,size fractionation,single,Megaruptor 1,SageELF,PACBIO_SMRT,Sequel II,C2,P2.2,1663617,34591963353,34.59,20793,249.0,65996.0,18634,21002,23888,18069,20318,23028,,True,,True,33
NA20805,bam,m64136_220730_113921-bc1020.5mc.hifi_reads.bam,s3://human-pangenomics/working/HPRC/NA20805/raw_data/PacBio_HiFi/m64136_220730_113921-bc1020.5mc.hifi_reads.bam,unaligned reads,WUSTL_HPRC_HiFi_Year3,13.3,14.77,NA20805.m64136_220730_113921.dc.q20.fastq.gz,s3://human-pangenomics/submissions/42AFCE59-2972-45EE-BB72-5B84E7B57377--HPRC_DEEPCONSENSUS_v1pt2_2023_08_q20/NA20805/raw_data/PacBio_HiFi/deepconsensus/v1pt2/NA20805.m64136_220730_113921.dc.q20.fastq.gz,6.0.0,,SRP305758,,SRR23732281,PRJNA701308,SAMN33621962,HiFi sequencing of 20kb fractionated gDNA,,tgraves@wustl.edu,Washington University,NA20805_lib1,WGS,GENOMIC,size fractionation,single,Megaruptor 1,SageELF,PACBIO_SMRT,Sequel II,C2,P2.2,1986077,41078853991,41.08,20683,61.0,72987.0,19203,20770,22581,18939,20471,22226,,True,,True,34
HG00140,bam,m64136_220717_152248-bc1018.5mc.hifi_reads.bam,s3://human-pangenomics/working/HPRC/HG00140/raw_data/PacBio_HiFi/m64136_220717_152248-bc1018.5mc.hifi_reads.bam,unaligned reads,WUSTL_HPRC_HiFi_Year3,11.0,12.64,HG00140.m64136_220717_152248.dc.q20.fastq.gz,s3://human-pangenomics/submissions/42AFCE59-2972-45EE-BB72-5B84E7B57377--HPRC_DEEPCONSENSUS_v1pt2_2023_08_q20/HG00140/raw_data/PacBio_HiFi/deepconsensus/v1pt2/HG00140.m64136_220717_152248.dc.q20.fastq.gz,6.0.0,,SRP305758,,SRR23732295,PRJNA701308,SAMN33621941,HiFi sequencing of 20kb fractionated gDNA,,tgraves@wustl.edu,Washington University,HG00140_lib1,WGS,GENOMIC,size fractionation,single,Megaruptor 1,SageELF,PACBIO_SMRT,Sequel II,C2,P2.2,1550035,34068521767,34.07,21979,51.0,68045.0,19100,21722,25987,18559,20771,24336,,True,,True,34
HG00323,bam,m64043_220728_173215-bc1016.5mc.hifi_reads.bam,s3://human-pangenomics/working/HPRC/HG00323/raw_data/PacBio_HiFi/m64043_220728_173215-bc1016.5mc.hifi_reads.bam,unaligned reads,WUSTL_HPRC_HiFi_Year3,2.2,2.43,HG00140.m64043_220728_173215.dc.q20.fastq.gz,s3://human-pangenomics/submissions/42AFCE59-2972-45EE-BB72-5B84E7B57377--HPRC_DEEPCONSENSUS_v1pt2_2023_08_q20/HG00323/raw_data/PacBio_HiFi/deepconsensus/v1pt2/HG00323.m64043_220728_173215.dc.q20.fastq.gz,6.0.0,,SRP305758,,SRR23732294,PRJNA701308,SAMN33621942,HiFi sequencing of 20kb fractionated gDNA,,tgraves@wustl.edu,Washington University,HG00323_lib1,WGS,GENOMIC,size fractionation,single,Megaruptor 1,SageELF,PACBIO_SMRT,Sequel II,C2,P2.2,316229,6741622889,6.74,21318,62.0,51718.0,19395,21416,23864,18987,20930,23238,,True,,True,34
HG00408,bam,m64136_211113_063830-bc1002.5mc.hifi_reads.bam,s3://human-pangenomics/working/HPRC/HG00408/raw_data/PacBio_HiFi/m64136_211113_063830-bc1002.5mc.hifi_reads.bam,unaligned reads,WUSTL_HPRC_HiFi_Year3,12.5,14.31,HG00408.m64136_211113_063830.dc.q20.fastq.gz,s3://human-pangenomics/submissions/42AFCE59-2972-45EE-BB72-5B84E7B57377--HPRC_DEEPCONSENSUS_v1pt2_2023_08_q20/HG00408/raw_data/PacBio_HiFi/deepconsensus/v1pt2/HG00408.m64136_211113_063830.dc.q20.fastq.gz,6.0.0,,SRP305758,,SRR23732283,PRJNA701308,SAMN33621943,HiFi sequencing of 20kb fractionated gDNA,,tgraves@wustl.edu,Washington University,HG00408_lib1,WGS,GENOMIC,size fractionation,single,Megaruptor 1,SageELF,PACBIO_SMRT,Sequel II,C2,P2.2,2008291,38660030224,38.66,19250,124.0,59031.0,16802,18580,22446,16510,17982,21042,,True,,True,34
HG00597,bam,m64043_211222_184851-bc1021.5mc.hifi_reads.bam,s3://human-pangenomics/working/HPRC/HG00597/raw_data/PacBio_HiFi/m64043_211222_184851-bc1021.5mc.hifi_reads.bam,unaligned reads,WUSTL_HPRC_HiFi_Year3,4.3,4.84,HG01261.m64043_211222_184851.dc.q20.fastq.gz,s3://human-pangenomics/submissions/42AFCE59-2972-45EE-BB72-5B84E7B57377--HPRC_DEEPCONSENSUS_v1pt2_2023_08_q20/HG00597/raw_data/PacBio_HiFi/deepconsensus/v1pt2/HG00597.m64043_211222_184851.dc.q20.fastq.gz,6.0.0,,SRP305758,,SRR23732280,PRJNA701308,SAMN33621944,HiFi sequencing of 20kb fractionated gDNA,,tgraves@wustl.edu,Washington University,HG00597_lib1,WGS,GENOMIC,size fractionation,single,Megaruptor 1,SageELF,PACBIO_SMRT,Sequel II,C2,P2.2,849916,13455521650,13.46,15831,124.0,38317.0,15074,15865,16687,15003,15777,16605,,True,,True,34
HG01261,bam,m64136_211105_181124-bc1001.5mc.hifi_reads.bam,s3://human-pangenomics/working/HPRC/HG01261/raw_data/PacBio_HiFi/m64136_211105_181124-bc1001.5mc.hifi_reads.bam,unaligned reads,WUSTL_HPRC_HiFi_Year3,9.7,12.33,HG01261.m64136_211105_181124.dc.q20.fastq.gz,s3://human-pangenomics/submissions/42AFCE59-2972-45EE-BB72-5B84E7B57377--HPRC_DEEPCONSENSUS_v1pt2_2023_08_q20/HG01261/raw_data/PacBio_HiFi/deepconsensus/v1pt2/HG01261.m64136_211105_181124.dc.q20.fastq.gz,6.0.0,,SRP305758,,SRR23732278,PRJNA701308,SAMN33621946,HiFi sequencing of 20kb fractionated gDNA,,tgraves@wustl.edu,Washington University,HG01261_lib1,WGS,GENOMIC,size fractionation,single,Megaruptor 1,SageELF,PACBIO_SMRT,Sequel II,C2,P2.2,1438147,30182743796,30.18,20987,986.0,58704.0,18395,20237,24263,18104,19655,22562,,True,,True,34
HG01975,bam,m64043_211222_184851-bc1003.5mc.hifi_reads.bam,s3://human-pangenomics/working/HPRC/HG01975/raw_data/PacBio_HiFi/m64043_211222_184851-bc1003.5mc.hifi_reads.bam,unaligned reads,WUSTL_HPRC_HiFi_Year3,1.9,2.14,HG01261.m64043_211222_184851.dc.q20.fastq.gz,s3://human-pangenomics/submissions/42AFCE59-2972-45EE-BB72-5B84E7B57377--HPRC_DEEPCONSENSUS_v1pt2_2023_08_q20/HG01975/raw_data/PacBio_HiFi/deepconsensus/v1pt2/HG01975.m64043_211222_184851.dc.q20.fastq.gz,6.0.0,,SRP305758,,SRR23732277,PRJNA701308,SAMN33621947,HiFi sequencing of 20kb fractionated gDNA,,tgraves@wustl.edu,Washington University,HG01975_lib1,WGS,GENOMIC,size fractionation,single,Megaruptor 1,SageELF,PACBIO_SMRT,Sequel II,C2,P2.2,295158,5813671901,5.81,19696,811.0,67517.0,17814,19237,21478,17631,18899,20818,,True,,True,34
HG02015,bam,m64043_210901_164337-bc1022.5mc.hifi_reads.bam,s3://human-pangenomics/working/HPRC/HG02015/raw_data/PacBio_HiFi/m64043_210901_164337-bc1022.5mc.hifi_reads.bam,unaligned reads,WUSTL_HPRC_HiFi_Year3,18.8,11.95,HG02015.m64043_210901_164337.dc.q20.fastq.gz,s3://human-pangenomics/submissions/42AFCE59-2972-45EE-BB72-5B84E7B57377--HPRC_DEEPCONSENSUS_v1pt2_2023_08_q20/HG02015/raw_data/PacBio_HiFi/deepconsensus/v1pt2/HG02015.m64043_210901_164337.dc.q20.fastq.gz,6.0.0,,SRP305758,,SRR23732276,PRJNA701308,SAMN33621948,HiFi sequencing of 20kb fractionated gDNA,,tgraves@wustl.edu,Washington University,HG02015_lib1,WGS,GENOMIC,size fractionation,single,Megaruptor 1,SageELF,PACBIO_SMRT,Sequel II,C2,P2.2,3075646,58139125879,58.14,18903,51.0,373990.0,16510,18970,22812,15928,17686,21174,,True,,True,18
HG02056,bam,m64136_211120_043838-bc1009.5mc.hifi_reads.bam,s3://human-pangenomics/working/HPRC/HG02056/raw_data/PacBio_HiFi/m64136_211120_043838-bc1009.5mc.hifi_reads.bam,unaligned reads,WUSTL_HPRC_HiFi_Year3,8.8,11.3,HG02056.m64136_211120_043838.dc.q20.fastq.gz,s3://human-pangenomics/submissions/42AFCE59-2972-45EE-BB72-5B84E7B57377--HPRC_DEEPCONSENSUS_v1pt2_2023_08_q20/HG02056/raw_data/PacBio_HiFi/deepconsensus/v1pt2/HG02056.m64136_211120_043838.dc.q20.fastq.gz,6.0.0,,SRP305758,,SRR23732275,PRJNA701308,SAMN33621949,HiFi sequencing of 20kb fractionated gDNA,,tgraves@wustl.edu,Washington University,HG02056_lib1,WGS,GENOMIC,size fractionation,single,Megaruptor 1,SageELF,PACBIO_SMRT,Sequel II,C2,P2.2,1369700,27141258277,27.14,19815,116.0,50015.0,18068,19682,22217,17748,19225,21357,,True,,True,34
HG02129,bam,m64136_220422_181133-bc1001.5mc.hifi_reads.bam,s3://human-pangenomics/working/HPRC/HG02129/raw_data/PacBio_HiFi/m64136_220422_181133-bc1001.5mc.hifi_reads.bam,unaligned reads,WUSTL_HPRC_HiFi_Year3,12.0,13.97,HG02129.m64136_220422_181133.dc.q20.fastq.gz,s3://human-pangenomics/submissions/42AFCE59-2972-45EE-BB72-5B84E7B57377--HPRC_DEEPCONSENSUS_v1pt2_2023_08_q20/HG02129/raw_data/PacBio_HiFi/deepconsensus/v1pt2/HG02129.m64136_220422_181133.dc.q20.fastq.gz,6.0.0,,SRP305758,,SRR23732274,PRJNA701308,SAMN33621950,HiFi sequencing of 20kb fractionated gDNA,,tgraves@wustl.edu,Washington University,HG02129_lib1,WGS,GENOMIC,size fractionation,single,Megaruptor 1,SageELF,PACBIO_SMRT,Sequel II,C2,P2.2,1943961,37306593554,37.31,19191,139.0,65275.0,16939,19334,21674,16313,18805,20933,,True,,True,28
HG02155,bam,m64136_220701_181202-bc1012.5mc.hifi_reads.bam,s3://human-pangenomics/working/HPRC/HG02155/raw_data/PacBio_HiFi/m64136_220701_181202-bc1012.5mc.hifi_reads.bam,unaligned reads,WUSTL_HPRC_HiFi_Year3,11.1,13.02,HG02155.m64136_220701_181202.dc.q20.fastq.gz,s3://human-pangenomics/submissions/42AFCE59-2972-45EE-BB72-5B84E7B57377--HPRC_DEEPCONSENSUS_v1pt2_2023_08_q20/HG02155/raw_data/PacBio_HiFi/deepconsensus/v1pt2/HG02155.m64136_220701_181202.dc.q20.fastq.gz,6.0.0,,SRP305758,,SRR23732293,PRJNA701308,SAMN33621951,HiFi sequencing of 20kb fractionated gDNA,,tgraves@wustl.edu,Washington University,HG02155_lib1,WGS,GENOMIC,size fractionation,single,Megaruptor 1,SageELF,PACBIO_SMRT,Sequel II,C2,P2.2,1746882,34332255688,34.33,19653,69.0,63056.0,17224,19369,22944,16848,18635,21767,,True,,True,36
HG02258,bam,m64043_211220_160211-bc1011.5mc.hifi_reads.bam,s3://human-pangenomics/working/HPRC/HG02258/raw_data/PacBio_HiFi/m64043_211220_160211-bc1011.5mc.hifi_reads.bam,unaligned reads,WUSTL_HPRC_HiFi_Year3,12.9,14.84,HG02258.m64043_211220_160211.dc.q20.fastq.gz,s3://human-pangenomics/submissions/42AFCE59-2972-45EE-BB72-5B84E7B57377--HPRC_DEEPCONSENSUS_v1pt2_2023_08_q20/HG02258/raw_data/PacBio_HiFi/deepconsensus/v1pt2/HG02258.m64043_211220_160211.dc.q20.fastq.gz,6.0.0,,SRP305758,,SRR23732292,PRJNA701308,SAMN33621952,HiFi sequencing of 20kb fractionated gDNA,,tgraves@wustl.edu,Washington University,HG02258_lib1,WGS,GENOMIC,size fractionation,single,Megaruptor 1,SageELF,PACBIO_SMRT,Sequel II,C2,P2.2,1948134,40089424862,40.09,20578,100.0,50640.0,18894,20440,22488,18651,20107,22012,,True,,True,34
HG02273,bam,m64043_220501_041051-bc1002.5mc.hifi_reads.bam,s3://human-pangenomics/working/HPRC/HG02273/raw_data/PacBio_HiFi/m64043_220501_041051-bc1002.5mc.hifi_reads.bam,unaligned reads,WUSTL_HPRC_HiFi_Year3,12.6,14.28,HG02273.m64043_220501_041051.dc.q20.fastq.gz,s3://human-pangenomics/submissions/42AFCE59-2972-45EE-BB72-5B84E7B57377--HPRC_DEEPCONSENSUS_v1pt2_2023_08_q20/HG02273/raw_data/PacBio_HiFi/deepconsensus/v1pt2/HG02273.m64043_220501_041051.dc.q20.fastq.gz,6.0.0,,SRP305758,,SRR23732291,PRJNA701308,SAMN33621953,HiFi sequencing of 20kb fractionated gDNA,,tgraves@wustl.edu,Washington University,HG02273_lib1,WGS,GENOMIC,size fractionation,single,Megaruptor 1,SageELF,PACBIO_SMRT,Sequel II,C2,P2.2,1904184,39207885275,39.21,20590,139.0,60518.0,17739,20923,23937,17281,20032,22984,,True,,True,34
HG02965,bam,m64043_220717_152237-bc1017.5mc.hifi_reads.bam,s3://human-pangenomics/working/HPRC/HG02965/raw_data/PacBio_HiFi/m64043_220717_152237-bc1017.5mc.hifi_reads.bam,unaligned reads,WUSTL_HPRC_HiFi_Year3,12.9,15.06,HG02965.m64043_220717_152237.dc.q20.fastq.gz,s3://human-pangenomics/submissions/42AFCE59-2972-45EE-BB72-5B84E7B57377--HPRC_DEEPCONSENSUS_v1pt2_2023_08_q20/HG02965/raw_data/PacBio_HiFi/deepconsensus/v1pt2/HG02965.m64043_220717_152237.dc.q20.fastq.gz,6.0.0,,SRP305758,,SRR23732290,PRJNA701308,SAMN33621954,HiFi sequencing of 20kb fractionated gDNA,,tgraves@wustl.edu,Washington University,HG02965_lib1,WGS,GENOMIC,size fractionation,single,Megaruptor 1,SageELF,PACBIO_SMRT,Sequel II,C2,P2.2,1934110,40119820394,40.12,20743,61.0,67060.0,18087,20257,24333,17692,19502,22679,,True,,True,31
HG02976,bam,m64043_220726_203720-bc1009.5mc.hifi_reads.bam,s3://human-pangenomics/working/HPRC/HG02976/raw_data/PacBio_HiFi/m64043_220726_203720-bc1009.5mc.hifi_reads.bam,unaligned reads,WUSTL_HPRC_HiFi_Year3,4.9,5.39,HG03195.m64043_220726_203720.dc.q20.fastq.gz,s3://human-pangenomics/submissions/42AFCE59-2972-45EE-BB72-5B84E7B57377--HPRC_DEEPCONSENSUS_v1pt2_2023_08_q20/HG02976/raw_data/PacBio_HiFi/deepconsensus/v1pt2/HG02976.m64043_220726_203720.dc.q20.fastq.gz,6.0.0,,SRP305758,,SRR23732289,PRJNA701308,SAMN33621955,HiFi sequencing of 20kb fractionated gDNA,,tgraves@wustl.edu,Washington University,HG02976_lib1,WGS,GENOMIC,size fractionation,single,Megaruptor 1,SageELF,PACBIO_SMRT,Sequel II,C2,P2.2,755542,15045982932,15.05,19914,205.0,57617.0,18278,19846,21842,18011,19503,21372,,True,,True,36
HG03195,bam,m64136_220621_134558-bc1010.5mc.hifi_reads.bam,s3://human-pangenomics/working/HPRC/HG03195/raw_data/PacBio_HiFi/m64136_220621_134558-bc1010.5mc.hifi_reads.bam,unaligned reads,WUSTL_HPRC_HiFi_Year3,10.6,12.08,HG03195.m64136_220621_134558.dc.q20.fastq.gz,s3://human-pangenomics/submissions/42AFCE59-2972-45EE-BB72-5B84E7B57377--HPRC_DEEPCONSENSUS_v1pt2_2023_08_q20/HG03195/raw_data/PacBio_HiFi/deepconsensus/v1pt2/HG03195.m64136_220621_134558.dc.q20.fastq.gz,6.0.0,,SRP305758,,SRR23732288,PRJNA701308,SAMN33621956,HiFi sequencing of 20kb fractionated gDNA,,tgraves@wustl.edu,Washington University,HG03195_lib1,WGS,GENOMIC,size fractionation,single,Megaruptor 1,SageELF,PACBIO_SMRT,Sequel II,C2,P2.2,1572497,32834403528,32.83,20880,139.0,69884.0,18042,20781,24628,17587,19710,23384,,True,,True,34
HG03225,bam,m64043_220726_203720-bc1008.5mc.hifi_reads.bam,s3://human-pangenomics/working/HPRC/HG03225/raw_data/PacBio_HiFi/m64043_220726_203720-bc1008.5mc.hifi_reads.bam,unaligned reads,WUSTL_HPRC_HiFi_Year3,7.7,8.55,HG03195.m64043_220726_203720.dc.q20.fastq.gz,s3://human-pangenomics/submissions/42AFCE59-2972-45EE-BB72-5B84E7B57377--HPRC_DEEPCONSENSUS_v1pt2_2023_08_q20/HG03225/raw_data/PacBio_HiFi/deepconsensus/v1pt2/HG03225.m64043_220726_203720.dc.q20.fastq.gz,6.0.0,,SRP305758,,SRR23732287,PRJNA701308,SAMN33621957,HiFi sequencing of 20kb fractionated gDNA,,tgraves@wustl.edu,Washington University,HG03225_lib1,WGS,GENOMIC,size fractionation,single,Megaruptor 1,SageELF,PACBIO_SMRT,Sequel II,C2,P2.2,1187476,23862784465,23.86,20095,521.0,59173.0,18363,20023,22169,18057,19643,21619,,True,,True,35
HG03834,bam,m64043_220110_170603-bc1012.5mc.hifi_reads.bam,s3://human-pangenomics/working/HPRC/HG03834/raw_data/PacBio_HiFi/m64043_220110_170603-bc1012.5mc.hifi_reads.bam,unaligned reads,WUSTL_HPRC_HiFi_Year3,12.4,13.97,HG03834.m64043_220110_170603.dc.q20.fastq.gz,s3://human-pangenomics/submissions/42AFCE59-2972-45EE-BB72-5B84E7B57377--HPRC_DEEPCONSENSUS_v1pt2_2023_08_q20/HG03834/raw_data/PacBio_HiFi/deepconsensus/v1pt2/HG03834.m64043_220110_170603.dc.q20.fastq.gz,6.0.0,,SRP305758,,SRR23732286,PRJNA701308,SAMN33621958,HiFi sequencing of 20kb fractionated gDNA,,tgraves@wustl.edu,Washington University,HG03834_lib1,WGS,GENOMIC,size fractionation,single,Megaruptor 1,SageELF,PACBIO_SMRT,Sequel II,C2,P2.2,1841790,38424503061,38.42,20862,124.0,62573.0,19071,20638,22829,18833,20288,22289,,True,,True,34
NA18971,bam,m64043_220728_173215-bc1011.5mc.hifi_reads.bam,s3://human-pangenomics/working/HPRC/NA18971/raw_data/PacBio_HiFi/m64043_220728_173215-bc1011.5mc.hifi_reads.bam,unaligned reads,WUSTL_HPRC_HiFi_Year3,4.0,4.33,HG00140.m64043_220728_173215.dc.q20.fastq.gz,s3://human-pangenomics/submissions/42AFCE59-2972-45EE-BB72-5B84E7B57377--HPRC_DEEPCONSENSUS_v1pt2_2023_08_q20/NA18971/raw_data/PacBio_HiFi/deepconsensus/v1pt2/NA18971.m64043_220728_173215.dc.q20.fastq.gz,6.0.0,,SRP305758,,SRR23732282,PRJNA701308,SAMN33621961,HiFi sequencing of 20kb fractionated gDNA,,tgraves@wustl.edu,Washington University,NA18971_lib1,WGS,GENOMIC,size fractionation,single,Megaruptor 1,SageELF,PACBIO_SMRT,Sequel II,C2,P2.2,767828,12335160946,12.34,16065,123.0,41182.0,14925,16155,17514,14712,15923,17251,,True,,True,34
NA20805,bam,m64136_220728_160902-bc1020.5mc.hifi_reads.bam,s3://human-pangenomics/working/HPRC/NA20805/raw_data/PacBio_HiFi/m64136_220728_160902-bc1020.5mc.hifi_reads.bam,unaligned reads,WUSTL_HPRC_HiFi_Year3,13.3,14.81,NA20805.m64136_220728_160902.dc.q20.fastq.gz,s3://human-pangenomics/submissions/42AFCE59-2972-45EE-BB72-5B84E7B57377--HPRC_DEEPCONSENSUS_v1pt2_2023_08_q20/NA20805/raw_data/PacBio_HiFi/deepconsensus/v1pt2/NA20805.m64136_220728_160902.dc.q20.fastq.gz,6.0.0,,SRP305758,,SRR23732281,PRJNA701308,SAMN33621962,HiFi sequencing of 20kb fractionated gDNA,,tgraves@wustl.edu,Washington University,NA20805_lib1,WGS,GENOMIC,size fractionation,single,Megaruptor 1,SageELF,PACBIO_SMRT,Sequel II,C2,P2.2,1997924,41329526305,41.33,20686,139.0,69098.0,19207,20776,22588,18940,20477,22231,,True,,True,34
HG00140,bam,m64136_220715_182717-bc1018.5mc.hifi_reads.bam,s3://human-pangenomics/working/HPRC/HG00140/raw_data/PacBio_HiFi/m64136_220715_182717-bc1018.5mc.hifi_reads.bam,unaligned reads,WUSTL_HPRC_HiFi_Year3,10.4,11.91,HG00140.m64136_220715_182717.dc.q20.fastq.gz,s3://human-pangenomics/submissions/42AFCE59-2972-45EE-BB72-5B84E7B57377--HPRC_DEEPCONSENSUS_v1pt2_2023_08_q20/HG00140/raw_data/PacBio_HiFi/deepconsensus/v1pt2/HG00140.m64136_220715_182717.dc.q20.fastq.gz,6.0.0,,SRP305758,,SRR23732295,PRJNA701308,SAMN33621941,HiFi sequencing of 20kb fractionated gDNA,,tgraves@wustl.edu,Washington University,HG00140_lib1,WGS,GENOMIC,size fractionation,single,Megaruptor 1,SageELF,PACBIO_SMRT,Sequel II,C2,P2.2,1465069,32183433807,32.18,21967,199.0,72755.0,19094,21721,25959,18553,20771,24326,,True,,True,33
HG00323,bam,m64136_220710_175208-bc1016.5mc.hifi_reads.bam,s3://human-pangenomics/working/HPRC/HG00323/raw_data/PacBio_HiFi/m64136_220710_175208-bc1016.5mc.hifi_reads.bam,unaligned reads,WUSTL_HPRC_HiFi_Year3,10.9,12.17,HG00323.m64136_220710_175208.dc.q20.fastq.gz,s3://human-pangenomics/submissions/42AFCE59-2972-45EE-BB72-5B84E7B57377--HPRC_DEEPCONSENSUS_v1pt2_2023_08_q20/HG00323/raw_data/PacBio_HiFi/deepconsensus/v1pt2/HG00323.m64136_220710_175208.dc.q20.fastq.gz,6.0.0,,SRP305758,,SRR23732294,PRJNA701308,SAMN33621942,HiFi sequencing of 20kb fractionated gDNA,,tgraves@wustl.edu,Washington University,HG00323_lib1,WGS,GENOMIC,size fractionation,single,Megaruptor 1,SageELF,PACBIO_SMRT,Sequel II,C2,P2.2,1775333,33941426923,33.94,19118,52.0,62063.0,16692,19270,22381,16209,18393,21456,,True,,True,30
HG00597,bam,m64043_211212_045901-bc1021.5mc.hifi_reads.bam,s3://human-pangenomics/working/HPRC/HG00597/raw_data/PacBio_HiFi/m64043_211212_045901-bc1021.5mc.hifi_reads.bam,unaligned reads,WUSTL_HPRC_HiFi_Year3,10.8,13.0,HG00597.m64043_211212_045901.dc.q20.fastq.gz,s3://human-pangenomics/submissions/42AFCE59-2972-45EE-BB72-5B84E7B57377--HPRC_DEEPCONSENSUS_v1pt2_2023_08_q20/HG00597/raw_data/PacBio_HiFi/deepconsensus/v1pt2/HG00597.m64043_211212_045901.dc.q20.fastq.gz,6.0.0,,SRP305758,,SRR23732280,PRJNA701308,SAMN33621944,HiFi sequencing of 20kb fractionated gDNA,,tgraves@wustl.edu,Washington University,HG00597_lib1,WGS,GENOMIC,size fractionation,single,Megaruptor 1,SageELF,PACBIO_SMRT,Sequel II,C2,P2.2,1586624,33361982455,33.36,21027,62.0,54098.0,19260,20789,22926,19052,20458,22436,,True,,True,34
HG01261,bam,m64136_211107_050725-bc1001.5mc.hifi_reads.bam,s3://human-pangenomics/working/HPRC/HG01261/raw_data/PacBio_HiFi/m64136_211107_050725-bc1001.5mc.hifi_reads.bam,unaligned reads,WUSTL_HPRC_HiFi_Year3,10.4,12.77,HG01261.m64136_211107_050725.dc.q20.fastq.gz,s3://human-pangenomics/submissions/42AFCE59-2972-45EE-BB72-5B84E7B57377--HPRC_DEEPCONSENSUS_v1pt2_2023_08_q20/HG01261/raw_data/PacBio_HiFi/deepconsensus/v1pt2/HG01261.m64136_211107_050725.dc.q20.fastq.gz,6.0.0,,SRP305758,,SRR23732278,PRJNA701308,SAMN33621946,HiFi sequencing of 20kb fractionated gDNA,,tgraves@wustl.edu,Washington University,HG01261_lib1,WGS,GENOMIC,size fractionation,single,Megaruptor 1,SageELF,PACBIO_SMRT,Sequel II,C2,P2.2,1514497,32158315632,32.16,21233,170.0,64761.0,18510,20474,24807,18194,19824,23063,,True,,True,34
HG01975,bam,m64043_211115_222749-bc1003.5mc.hifi_reads.bam,s3://human-pangenomics/working/HPRC/HG01975/raw_data/PacBio_HiFi/m64043_211115_222749-bc1003.5mc.hifi_reads.bam,unaligned reads,WUSTL_HPRC_HiFi_Year3,9.4,10.5,HG01975.m64043_211115_222749.dc.q20.fastq.gz,s3://human-pangenomics/submissions/42AFCE59-2972-45EE-BB72-5B84E7B57377--HPRC_DEEPCONSENSUS_v1pt2_2023_08_q20/HG01975/raw_data/PacBio_HiFi/deepconsensus/v1pt2/HG01975.m64043_211115_222749.dc.q20.fastq.gz,6.0.0,,SRP305758,,SRR23732277,PRJNA701308,SAMN33621947,HiFi sequencing of 20kb fractionated gDNA,,tgraves@wustl.edu,Washington University,HG01975_lib1,WGS,GENOMIC,size fractionation,single,Megaruptor 1,SageELF,PACBIO_SMRT,Sequel II,C2,P2.2,1481915,29243979674,29.24,19733,818.0,60746.0,17828,19276,21558,17640,18930,20876,,True,,True,35
HG02056,bam,m64136_211118_185339-bc1009.5mc.hifi_reads.bam,s3://human-pangenomics/working/HPRC/HG02056/raw_data/PacBio_HiFi/m64136_211118_185339-bc1009.5mc.hifi_reads.bam,unaligned reads,WUSTL_HPRC_HiFi_Year3,9.4,11.68,HG02056.m64136_211118_185339.dc.q20.fastq.gz,s3://human-pangenomics/submissions/42AFCE59-2972-45EE-BB72-5B84E7B57377--HPRC_DEEPCONSENSUS_v1pt2_2023_08_q20/HG02056/raw_data/PacBio_HiFi/deepconsensus/v1pt2/HG02056.m64136_211118_185339.dc.q20.fastq.gz,6.0.0,,SRP305758,,SRR23732275,PRJNA701308,SAMN33621949,HiFi sequencing of 20kb fractionated gDNA,,tgraves@wustl.edu,Washington University,HG02056_lib1,WGS,GENOMIC,size fractionation,single,Megaruptor 1,SageELF,PACBIO_SMRT,Sequel II,C2,P2.2,1468626,29158250441,29.16,19854,122.0,51507.0,18083,19712,22301,17756,19247,21406,,True,,True,34
HG02155,bam,m64136_220703_150713-bc1012.5mc.hifi_reads.bam,s3://human-pangenomics/working/HPRC/HG02155/raw_data/PacBio_HiFi/m64136_220703_150713-bc1012.5mc.hifi_reads.bam,unaligned reads,WUSTL_HPRC_HiFi_Year3,10.1,12.01,HG02155.m64136_220703_150713.dc.q20.fastq.gz,s3://human-pangenomics/submissions/42AFCE59-2972-45EE-BB72-5B84E7B57377--HPRC_DEEPCONSENSUS_v1pt2_2023_08_q20/HG02155/raw_data/PacBio_HiFi/deepconsensus/v1pt2/HG02155.m64136_220703_150713.dc.q20.fastq.gz,6.0.0,,SRP305758,,SRR23732293,PRJNA701308,SAMN33621951,HiFi sequencing of 20kb fractionated gDNA,,tgraves@wustl.edu,Washington University,HG02155_lib1,WGS,GENOMIC,size fractionation,single,Megaruptor 1,SageELF,PACBIO_SMRT,Sequel II,C2,P2.2,1596721,31298698030,31.3,19601,61.0,56609.0,17196,19308,22847,16826,18592,21674,,True,,True,35
HG02258,bam,m64043_220114_181052-bc1011.5mc.hifi_reads.bam,s3://human-pangenomics/working/HPRC/HG02258/raw_data/PacBio_HiFi/m64043_220114_181052-bc1011.5mc.hifi_reads.bam,unaligned reads,WUSTL_HPRC_HiFi_Year3,2.2,2.46,HG02056.m64043_220114_181052.dc.q20.fastq.gz,s3://human-pangenomics/submissions/42AFCE59-2972-45EE-BB72-5B84E7B57377--HPRC_DEEPCONSENSUS_v1pt2_2023_08_q20/HG02258/raw_data/PacBio_HiFi/deepconsensus/v1pt2/HG02258.m64043_220114_181052.dc.q20.fastq.gz,6.0.0,,SRP305758,,SRR23732292,PRJNA701308,SAMN33621952,HiFi sequencing of 20kb fractionated gDNA,,tgraves@wustl.edu,Washington University,HG02258_lib1,WGS,GENOMIC,size fractionation,single,Megaruptor 1,SageELF,PACBIO_SMRT,Sequel II,C2,P2.2,333250,6878212374,6.88,20639,217.0,47039.0,18935,20497,22571,18686,20163,22078,,True,,True,34
HG02976,bam,m64043_220617_195135-bc1009.5mc.hifi_reads.bam,s3://human-pangenomics/working/HPRC/HG02976/raw_data/PacBio_HiFi/m64043_220617_195135-bc1009.5mc.hifi_reads.bam,unaligned reads,WUSTL_HPRC_HiFi_Year3,11.4,12.51,HG02976.m64043_220617_195135.dc.q20.fastq.gz,s3://human-pangenomics/submissions/42AFCE59-2972-45EE-BB72-5B84E7B57377--HPRC_DEEPCONSENSUS_v1pt2_2023_08_q20/HG02976/raw_data/PacBio_HiFi/deepconsensus/v1pt2/HG02976.m64043_220617_195135.dc.q20.fastq.gz,6.0.0,,SRP305758,,SRR23732289,PRJNA701308,SAMN33621955,HiFi sequencing of 20kb fractionated gDNA,,tgraves@wustl.edu,Washington University,HG02976_lib1,WGS,GENOMIC,size fractionation,single,Megaruptor 1,SageELF,PACBIO_SMRT,Sequel II,C2,P2.2,1765009,35330491836,35.33,20017,396.0,53116.0,18347,19941,21988,18072,19589,21498,,True,,True,34
HG03195,bam,m64043_220726_203720-bc1010.5mc.hifi_reads.bam,s3://human-pangenomics/working/HPRC/HG03195/raw_data/PacBio_HiFi/m64043_220726_203720-bc1010.5mc.hifi_reads.bam,unaligned reads,WUSTL_HPRC_HiFi_Year3,0.9,1.02,HG03195.m64043_220726_203720.dc.q20.fastq.gz,s3://human-pangenomics/submissions/42AFCE59-2972-45EE-BB72-5B84E7B57377--HPRC_DEEPCONSENSUS_v1pt2_2023_08_q20/HG03195/raw_data/PacBio_HiFi/deepconsensus/v1pt2/HG03195.m64043_220726_203720.dc.q20.fastq.gz,6.0.0,,SRP305758,,SRR23732288,PRJNA701308,SAMN33621956,HiFi sequencing of 20kb fractionated gDNA,,tgraves@wustl.edu,Washington University,HG03195_lib1,WGS,GENOMIC,size fractionation,single,Megaruptor 1,SageELF,PACBIO_SMRT,Sequel II,C2,P2.2,117862,2810055296,2.81,23841,894.0,57429.0,21539,23799,26818,21102,23205,25986,,True,,True,34
HG03225,bam,m64136_220518_004520-bc1008.5mc.hifi_reads.bam,s3://human-pangenomics/working/HPRC/HG03225/raw_data/PacBio_HiFi/m64136_220518_004520-bc1008.5mc.hifi_reads.bam,unaligned reads,WUSTL_HPRC_HiFi_Year3,8.7,10.19,HG03225.m64136_220518_004520.dc.q20.fastq.gz,s3://human-pangenomics/submissions/42AFCE59-2972-45EE-BB72-5B84E7B57377--HPRC_DEEPCONSENSUS_v1pt2_2023_08_q20/HG03225/raw_data/PacBio_HiFi/deepconsensus/v1pt2/HG03225.m64136_220518_004520.dc.q20.fastq.gz,6.0.0,,SRP305758,,SRR23732287,PRJNA701308,SAMN33621957,HiFi sequencing of 20kb fractionated gDNA,,tgraves@wustl.edu,Washington University,HG03225_lib1,WGS,GENOMIC,size fractionation,single,Megaruptor 1,SageELF,PACBIO_SMRT,Sequel II,C2,P2.2,1261872,26980532443,26.98,21381,83.0,56904.0,19083,21321,24508,18637,20656,23529,,True,,True,34
NA18971,bam,m64043_220701_181144-bc1011.5mc.hifi_reads.bam,s3://human-pangenomics/working/HPRC/NA18971/raw_data/PacBio_HiFi/m64043_220701_181144-bc1011.5mc.hifi_reads.bam,unaligned reads,WUSTL_HPRC_HiFi_Year3,11.0,12.61,NA18971.m64043_220701_181144.dc.q20.fastq.gz,s3://human-pangenomics/submissions/42AFCE59-2972-45EE-BB72-5B84E7B57377--HPRC_DEEPCONSENSUS_v1pt2_2023_08_q20/NA18971/raw_data/PacBio_HiFi/deepconsensus/v1pt2/NA18971.m64043_220701_181144.dc.q20.fastq.gz,6.0.0,,SRP305758,,SRR23732282,PRJNA701308,SAMN33621961,HiFi sequencing of 20kb fractionated gDNA,,tgraves@wustl.edu,Washington University,NA18971_lib1,WGS,GENOMIC,size fractionation,single,Megaruptor 1,SageELF,PACBIO_SMRT,Sequel II,C2,P2.2,1642606,34029092180,34.03,20716,61.0,62433.0,18582,20932,23785,18018,20255,22941,,True,,True,32
HG02071,bam,m54329U_210507_224951-bc1011_BAK8A_OA.hifi_reads.bam,s3://human-pangenomics/working/HPRC/HG02071/raw_data/PacBio_HiFi/m54329U_210507_224951-bc1011_BAK8A_OA.hifi_reads.bam,unaligned reads,UW_HPRC_HiFi_Y2,1.0,1.32,HG02071.m54329U_210507_224951.dc.q20.fastq.gz,s3://human-pangenomics/submissions/B4B0B5DC-5FD5-42D5-8434-10DEF7D99E98--HPRC_DEEPCONSENSUS_v1pt2_2024_02_q20_re-run/HG02071/raw_data/PacBio_HiFi/deepconsensus/v1pt2/HG02071.m54329U_210507_224951.dc.q20.fastq.gz,6.0.0,,SRP305758,,SRR18158591,PRJNA701308,SAMN26267380,HiFi sequencing of 22kb fractionated gDNA,,kmiyamot@uw.edu,University of Washington,HG02071a.HFSS,WGS,GENOMIC,size fractionation,single,Megaruptor 3,PippinHT,PACBIO_SMRT,Sequel II,C2,P2.2,147915,3026195060,3.03,20459,769.0,42220.0,17858,20494,23946,17306,19625,22805,,True,m54329U_210507_224951-bc1011_BAK8A_OA.5mc.hifi_reads.bam,True,33
HG02074,bam,m54329U_210507_224951-bc1010_BAK8A_OA.hifi_reads.bam,s3://human-pangenomics/working/HPRC/HG02074/raw_data/PacBio_HiFi/m54329U_210507_224951-bc1010_BAK8A_OA.hifi_reads.bam,unaligned reads,UW_HPRC_HiFi_Y2,1.0,1.35,HG02074.m54329U_210507_224951.dc.q20.fastq.gz,s3://human-pangenomics/submissions/B4B0B5DC-5FD5-42D5-8434-10DEF7D99E98--HPRC_DEEPCONSENSUS_v1pt2_2024_02_q20_re-run/HG02074/raw_data/PacBio_HiFi/deepconsensus/v1pt2/HG02074.m54329U_210507_224951.dc.q20.fastq.gz,6.0.0,,SRP305758,,SRR18158593,PRJNA701308,SAMN26267381,HiFi sequencing of 20kb fractionated gDNA,,kmiyamot@uw.edu,University of Washington,HG02074a.HFSS,WGS,GENOMIC,size fractionation,single,Megaruptor 3,PippinHT,PACBIO_SMRT,Sequel II,C2,P2.2,174993,3174472950,3.17,18140,122.0,45596.0,15736,18325,21635,15121,17428,20473,,True,m54329U_210507_224951-bc1010_BAK8A_OA.5mc.hifi_reads.bam,True,34
HG03942,bam,m54329U_210507_224951-bc1017_BAK8B_OA.hifi_reads.bam,s3://human-pangenomics/working/HPRC/HG03942/raw_data/PacBio_HiFi/m54329U_210507_224951-bc1017_BAK8B_OA.hifi_reads.bam,unaligned reads,UW_HPRC_HiFi_Y2,0.9,1.28,HG03942.m54329U_210507_224951.dc.q20.fastq.gz,s3://human-pangenomics/submissions/B4B0B5DC-5FD5-42D5-8434-10DEF7D99E98--HPRC_DEEPCONSENSUS_v1pt2_2024_02_q20_re-run/HG03942/raw_data/PacBio_HiFi/deepconsensus/v1pt2/HG03942.m54329U_210507_224951.dc.q20.fastq.gz,6.0.0,,SRP305758,,SRR18158599,PRJNA701308,SAMN26267387,HiFi sequencing of 21kb fractionated gDNA,,kmiyamot@uw.edu,University of Washington,HG03942a.HFSS,WGS,GENOMIC,size fractionation,single,Megaruptor 3,PippinHT,PACBIO_SMRT,Sequel II,C2,P2.2,147995,2941012697,2.94,19872,142.0,45692.0,17301,20000,23516,16690,19090,22312,,True,m54329U_210507_224951-bc1017_BAK8B_OA.5mc.hifi_reads.bam,True,34
HG04204,bam,m54329U_210507_224951-bc1003_BAK8A_OA.hifi_reads.bam,s3://human-pangenomics/working/HPRC/HG04204/raw_data/PacBio_HiFi/m54329U_210507_224951-bc1003_BAK8A_OA.hifi_reads.bam,unaligned reads,UW_HPRC_HiFi_Y2,1.2,1.58,HG04204.m54329U_210507_224951.dc.q20.fastq.gz,s3://human-pangenomics/submissions/B4B0B5DC-5FD5-42D5-8434-10DEF7D99E98--HPRC_DEEPCONSENSUS_v1pt2_2024_02_q20_re-run/HG04204/raw_data/PacBio_HiFi/deepconsensus/v1pt2/HG04204.m54329U_210507_224951.dc.q20.fastq.gz,6.0.0,,SRP305758,,SRR18158603,PRJNA701308,SAMN26267390,HiFi sequencing of 24kb fractionated gDNA,,kmiyamot@uw.edu,University of Washington,HG04204.HFSS,WGS,GENOMIC,size fractionation,single,Megaruptor 3,PippinHT,PACBIO_SMRT,Sequel II,C2,P2.2,189916,3674050040,3.67,19345,552.0,48819.0,16934,19409,22632,16436,18608,21607,,True,m54329U_210507_224951-bc1003_BAK8A_OA.5mc.hifi_reads.bam,True,34
HG04228,bam,m54329U_210507_224951-bc1008_BAK8A_OA.hifi_reads.bam,s3://human-pangenomics/working/HPRC/HG04228/raw_data/PacBio_HiFi/m54329U_210507_224951-bc1008_BAK8A_OA.hifi_reads.bam,unaligned reads,UW_HPRC_HiFi_Y2,1.1,1.46,HG04228.m54329U_210507_224951.dc.q20.fastq.gz,s3://human-pangenomics/submissions/B4B0B5DC-5FD5-42D5-8434-10DEF7D99E98--HPRC_DEEPCONSENSUS_v1pt2_2024_02_q20_re-run/HG04228/raw_data/PacBio_HiFi/deepconsensus/v1pt2/HG04228.m54329U_210507_224951.dc.q20.fastq.gz,6.0.0,,SRP305758,,SRR18158583,PRJNA701308,SAMN26267391,HiFi sequencing of 24kb fractionated gDNA,,kmiyamot@uw.edu,University of Washington,HG04228a.HFSS,WGS,GENOMIC,size fractionation,single,Megaruptor 3,PippinHT,PACBIO_SMRT,Sequel II,C2,P2.2,169644,3359403014,3.36,19802,573.0,50556.0,17205,19981,23533,16563,19003,22307,,True,m54329U_210507_224951-bc1008_BAK8A_OA.5mc.hifi_reads.bam,True,34
HG02135,bam,m54329U_210615_233707-bc1009_BAK8A_OA.hifi_reads.bam,s3://human-pangenomics/working/HPRC/HG02135/raw_data/PacBio_HiFi/m54329U_210615_233707-bc1009_BAK8A_OA.hifi_reads.bam,unaligned reads,UW_HPRC_HiFi_Y2,6.5,7.8,HG02135.m54329U_210615_233707.dc.q20.fastq.gz,s3://human-pangenomics/submissions/B4B0B5DC-5FD5-42D5-8434-10DEF7D99E98--HPRC_DEEPCONSENSUS_v1pt2_2024_02_q20_re-run/HG02135/raw_data/PacBio_HiFi/deepconsensus/v1pt2/HG02135.m54329U_210615_233707.dc.q20.fastq.gz,6.0.0,,SRP305758,,SRR18158584,PRJNA701308,SAMN26267392,HiFi sequencing of 20kb fractionated gDNA,,kmiyamot@uw.edu,University of Washington,HG02135a.HFSS,WGS,GENOMIC,size fractionation,single,Megaruptor 3,PippinHT,PACBIO_SMRT,Sequel II,C2,P2.2,1140779,20107735346,20.11,17626,122.0,52606.0,15220,17751,21043,14644,16847,19859,,True,m54329U_210615_233707-bc1009_BAK8A_OA.5mc.hifi_reads.bam,True,34
HG04204,bam,m54329U_210514_222517-bc1003_BAK8A_OA.hifi_reads.bam,s3://human-pangenomics/working/HPRC/HG04204/raw_data/PacBio_HiFi/m54329U_210514_222517-bc1003_BAK8A_OA.hifi_reads.bam,unaligned reads,UW_HPRC_HiFi_Y2,9.0,11.4,HG04204.m54329U_210514_222517.dc.q20.fastq.gz,s3://human-pangenomics/submissions/B4B0B5DC-5FD5-42D5-8434-10DEF7D99E98--HPRC_DEEPCONSENSUS_v1pt2_2024_02_q20_re-run/HG04204/raw_data/PacBio_HiFi/deepconsensus/v1pt2/HG04204.m54329U_210514_222517.dc.q20.fastq.gz,6.0.0,,SRP305758,,SRR18158603,PRJNA701308,SAMN26267390,HiFi sequencing of 24kb fractionated gDNA,,kmiyamot@uw.edu,University of Washington,HG04204.HFSS,WGS,GENOMIC,size fractionation,single,Megaruptor 3,PippinHT,PACBIO_SMRT,Sequel II,C2,P2.2,1440144,27879875624,27.88,19359,59.0,52568.0,16942,19438,22667,16424,18624,21632,,True,m54329U_210514_222517-bc1003_BAK8A_OA.5mc.hifi_reads.bam,True,33
HG02135,bam,m54329U_210507_224951-bc1009_BAK8A_OA.hifi_reads.bam,s3://human-pangenomics/working/HPRC/HG02135/raw_data/PacBio_HiFi/m54329U_210507_224951-bc1009_BAK8A_OA.hifi_reads.bam,unaligned reads,UW_HPRC_HiFi_Y2,0.9,1.22,HG02135.m54329U_210507_224951.dc.q20.fastq.gz,s3://human-pangenomics/submissions/B4B0B5DC-5FD5-42D5-8434-10DEF7D99E98--HPRC_DEEPCONSENSUS_v1pt2_2024_02_q20_re-run/HG02135/raw_data/PacBio_HiFi/deepconsensus/v1pt2/HG02135.m54329U_210507_224951.dc.q20.fastq.gz,6.0.0,,SRP305758,,SRR18158584,PRJNA701308,SAMN26267392,HiFi sequencing of 20kb fractionated gDNA,,kmiyamot@uw.edu,University of Washington,HG02135a.HFSS,WGS,GENOMIC,size fractionation,single,Megaruptor 3,PippinHT,PACBIO_SMRT,Sequel II,C2,P2.2,157627,2868292075,2.87,18196,1129.0,48978.0,15772,18430,21760,15126,17489,20600,,True,m54329U_210507_224951-bc1009_BAK8A_OA.5mc.hifi_reads.bam,True,33
HG04204,bam,m54329U_210517_210109-bc1003_BAK8A_OA.hifi_reads.bam,s3://human-pangenomics/working/HPRC/HG04204/raw_data/PacBio_HiFi/m54329U_210517_210109-bc1003_BAK8A_OA.hifi_reads.bam,unaligned reads,UW_HPRC_HiFi_Y2,8.1,10.51,HG04204.m54329U_210517_210109.dc.q20.fastq.gz,s3://human-pangenomics/submissions/B4B0B5DC-5FD5-42D5-8434-10DEF7D99E98--HPRC_DEEPCONSENSUS_v1pt2_2024_02_q20_re-run/HG04204/raw_data/PacBio_HiFi/deepconsensus/v1pt2/HG04204.m54329U_210517_210109.dc.q20.fastq.gz,6.0.0,,SRP305758,,SRR18158603,PRJNA701308,SAMN26267390,HiFi sequencing of 24kb fractionated gDNA,,kmiyamot@uw.edu,University of Washington,HG04204.HFSS,WGS,GENOMIC,size fractionation,single,Megaruptor 3,PippinHT,PACBIO_SMRT,Sequel II,C2,P2.2,1290942,24982993730,24.98,19352,287.0,54149.0,16962,19431,22592,16456,18640,21590,,True,m54329U_210517_210109-bc1003_BAK8A_OA.5mc.hifi_reads.bam,True,34
HG04204,bam,m54329U_210519_065152-bc1003_BAK8A_OA.hifi_reads.bam,s3://human-pangenomics/working/HPRC/HG04204/raw_data/PacBio_HiFi/m54329U_210519_065152-bc1003_BAK8A_OA.hifi_reads.bam,unaligned reads,UW_HPRC_HiFi_Y2,10.0,12.02,HG04204.m54329U_210519_065152.dc.q20.fastq.gz,s3://human-pangenomics/submissions/B4B0B5DC-5FD5-42D5-8434-10DEF7D99E98--HPRC_DEEPCONSENSUS_v1pt2_2024_02_q20_re-run/HG04204/raw_data/PacBio_HiFi/deepconsensus/v1pt2/HG04204.m54329U_210519_065152.dc.q20.fastq.gz,6.0.0,,SRP305758,,SRR18158603,PRJNA701308,SAMN26267390,HiFi sequencing of 24kb fractionated gDNA,,kmiyamot@uw.edu,University of Washington,HG04204.HFSS,WGS,GENOMIC,size fractionation,single,Megaruptor 3,PippinHT,PACBIO_SMRT,Sequel II,C2,P2.2,1579943,30994485468,30.99,19617,62.0,55860.0,17171,19759,23019,16614,18916,21983,,True,m54329U_210519_065152-bc1003_BAK8A_OA.5mc.hifi_reads.bam,True,29
HG04204,bam,m54329U_210520_213459-bc1003_BAK8A_OA.hifi_reads.bam,s3://human-pangenomics/working/HPRC/HG04204/raw_data/PacBio_HiFi/m54329U_210520_213459-bc1003_BAK8A_OA.hifi_reads.bam,unaligned reads,UW_HPRC_HiFi_Y2,10.4,,,,6.0.0,,SRP305758,,SRR18158603,PRJNA701308,SAMN26267390,HiFi sequencing of 24kb fractionated gDNA,,kmiyamot@uw.edu,University of Washington,HG04204.HFSS,WGS,GENOMIC,size fractionation,single,Megaruptor 3,PippinHT,PACBIO_SMRT,Sequel II,C2,P2.2,1634946,32264696883,32.26,19734,122.0,57880.0,17264,19894,23179,16694,19036,22131,,True,m54329U_210520_213459-bc1003_BAK8A_OA.5mc.hifi_reads.bam,True,34
