sample_ID,total_bp,coverage,filetype,instrument_model,library_construction_protocol,library_layout,library_strategy,read_length,Family ID,Paternal ID,Maternal ID,Gender,Phenotype,Population,Relationship,Siblings,Second Order,Third Order,Other Comments,phasing,path,filename
HG00097,114209267700,36.84,cram,Illumina NovaSeq 6000,TruSeq DNA PCR-free,PAIRED,WGS,150,HG00097,0,0,2,0,GBR,unrel,0,0,0,0,hic,s3://human-pangenomics/working/HPRC/HG00097/raw_data/Illumina/child/HG00097.final.cram,HG00097.final.cram
HG00126,139636375200,45.04,cram,Illumina NovaSeq 6000,TruSeq DNA PCR-free,PAIRED,WGS,150,HG00126,0,0,1,0,GBR,unrel,0,0,0,0,hic,s3://human-pangenomics/working/HPRC/HG00126/raw_data/Illumina/child/HG00126.final.cram,HG00126.final.cram
HG00128,147460895100,47.57,cram,Illumina NovaSeq 6000,TruSeq DNA PCR-free,PAIRED,WGS,150,HG00128,0,0,2,0,GBR,unrel,0,0,0,0,hic,s3://human-pangenomics/working/HPRC/HG00128/raw_data/Illumina/child/HG00128.final.cram,HG00128.final.cram
HG00133,170378106600,54.96,cram,Illumina NovaSeq 6000,TruSeq DNA PCR-free,PAIRED,WGS,150,HG00133,0,0,2,0,GBR,unrel,0,0,0,0,hic,s3://human-pangenomics/working/HPRC/HG00133/raw_data/Illumina/child/HG00133.final.cram,HG00133.final.cram
HG00146,147092152200,47.45,cram,Illumina NovaSeq 6000,TruSeq DNA PCR-free,PAIRED,WGS,150,GBR002,0,0,2,0,GBR,child,HG00147,0,0,0,hic,s3://human-pangenomics/working/HPRC/HG00146/raw_data/Illumina/child/HG00146.final.cram,HG00146.final.cram
HG00232,190075365300,61.31,cram,Illumina NovaSeq 6000,TruSeq DNA PCR-free,PAIRED,WGS,150,HG00232,0,0,2,0,GBR,unrel,0,0,0,0,hic,s3://human-pangenomics/working/HPRC/HG00232/raw_data/Illumina/child/HG00232.final.cram,HG00232.final.cram
HG00235,127356309000,41.08,cram,Illumina NovaSeq 6000,TruSeq DNA PCR-free,PAIRED,WGS,150,HG00235,0,0,2,0,GBR,unrel,0,0,0,0,hic,s3://human-pangenomics/working/HPRC/HG00235/raw_data/Illumina/child/HG00235.final.cram,HG00235.final.cram
HG00253,123229621800,39.75,cram,Illumina NovaSeq 6000,TruSeq DNA PCR-free,PAIRED,WGS,150,HG00253,0,0,2,0,GBR,unrel,0,0,0,0,hic,s3://human-pangenomics/working/HPRC/HG00253/raw_data/Illumina/child/HG00253.final.cram,HG00253.final.cram
HG00272,152952429900,49.34,cram,Illumina NovaSeq 6000,TruSeq DNA PCR-free,PAIRED,WGS,150,HG00272,0,0,2,0,FIN,unrel,0,0,0,0,hic,s3://human-pangenomics/working/HPRC/HG00272/raw_data/Illumina/child/HG00272.final.cram,HG00272.final.cram
HG00290,150108838800,48.42,cram,Illumina NovaSeq 6000,TruSeq DNA PCR-free,PAIRED,WGS,150,HG00290,0,0,1,0,FIN,unrel,0,0,0,0,hic,s3://human-pangenomics/working/HPRC/HG00290/raw_data/Illumina/child/HG00290.final.cram,HG00290.final.cram
HG00320,132430362000,42.72,cram,Illumina NovaSeq 6000,TruSeq DNA PCR-free,PAIRED,WGS,150,HG00320,0,0,2,0,FIN,unrel,0,0,0,0,hic,s3://human-pangenomics/working/HPRC/HG00320/raw_data/Illumina/child/HG00320.final.cram,HG00320.final.cram
HG00321,186546837600,60.18,cram,Illumina NovaSeq 6000,TruSeq DNA PCR-free,PAIRED,WGS,150,HG00321,0,0,1,0,FIN,unrel,0,0,0,0,hic,s3://human-pangenomics/working/HPRC/HG00321/raw_data/Illumina/child/HG00321.final.cram,HG00321.final.cram
HG00329,119526513600,38.56,cram,Illumina NovaSeq 6000,TruSeq DNA PCR-free,PAIRED,WGS,150,HG00329,0,0,1,0,FIN,unrel,0,0,0,0,hic,s3://human-pangenomics/working/HPRC/HG00329/raw_data/Illumina/child/HG00329.final.cram,HG00329.final.cram
HG00344,115578613800,37.28,cram,Illumina NovaSeq 6000,TruSeq DNA PCR-free,PAIRED,WGS,150,HG00344,0,0,2,0,FIN,unrel,0,0,0,0,hic,s3://human-pangenomics/working/HPRC/HG00344/raw_data/Illumina/child/HG00344.final.cram,HG00344.final.cram
HG00350,159586951200,51.48,cram,Illumina NovaSeq 6000,TruSeq DNA PCR-free,PAIRED,WGS,150,HG00350,0,0,2,0,FIN,unrel,0,0,0,0,hic,s3://human-pangenomics/working/HPRC/HG00350/raw_data/Illumina/child/HG00350.final.cram,HG00350.final.cram
HG01167,155840855700,50.27,cram,Illumina NovaSeq 6000,TruSeq DNA PCR-free,PAIRED,WGS,150,PR39,0,0,1,0,PUR,father,0,0,0,0,hic,s3://human-pangenomics/working/HPRC/HG01167/raw_data/Illumina/child/HG01167.final.cram,HG01167.final.cram
HG01786,177493282500,57.26,cram,Illumina NovaSeq 6000,TruSeq DNA PCR-free,PAIRED,WGS,150,IBS054,0,0,2,0,IBS,mother,0,0,0,0,hic,s3://human-pangenomics/working/HPRC/HG01786/raw_data/Illumina/child/HG01786.final.cram,HG01786.final.cram
HG02178,110647204500,35.69,cram,Illumina NovaSeq 6000,TruSeq DNA PCR-free,PAIRED,WGS,150,HG02178,0,0,2,0,CDX,unrel,0,0,0,0,hic,s3://human-pangenomics/working/HPRC/HG02178/raw_data/Illumina/child/HG02178.final.cram,HG02178.final.cram
HG02392,111310053300,35.91,cram,Illumina NovaSeq 6000,TruSeq DNA PCR-free,PAIRED,WGS,150,HG02392,0,0,1,0,CDX,unrel,0,0,0,0,hic,s3://human-pangenomics/working/HPRC/HG02392/raw_data/Illumina/child/HG02392.final.cram,HG02392.final.cram
HG02583,143070139500,46.15,cram,Illumina NovaSeq 6000,TruSeq DNA PCR-free,PAIRED,WGS,150,GB23,0,0,2,0,GWD,mother,0,0,0,0,hic,s3://human-pangenomics/working/HPRC/HG02583/raw_data/Illumina/child/HG02583.final.cram,HG02583.final.cram
HG03270,189567396900,61.15,cram,Illumina NovaSeq 6000,TruSeq DNA PCR-free,PAIRED,WGS,150,NG65,0,0,2,0,ESN,mother,0,0,0,0,hic,s3://human-pangenomics/working/HPRC/HG03270/raw_data/Illumina/child/HG03270.final.cram,HG03270.final.cram
HG03369,138802343400,44.77,cram,Illumina NovaSeq 6000,TruSeq DNA PCR-free,PAIRED,WGS,150,NG98,0,0,2,0,ESN,mother,0,0,0,0,hic,s3://human-pangenomics/working/HPRC/HG03369/raw_data/Illumina/child/HG03369.final.cram,HG03369.final.cram
HG03521,115772198400,37.35,cram,Illumina NovaSeq 6000,TruSeq DNA PCR-free,PAIRED,WGS,150,NG109,0,0,1,0,ESN,father,0,0,0,0,hic,s3://human-pangenomics/working/HPRC/HG03521/raw_data/Illumina/child/HG03521.final.cram,HG03521.final.cram
HG03583,111373602900,35.93,cram,Illumina NovaSeq 6000,TruSeq DNA PCR-free,PAIRED,WGS,150,SL73,0,0,2,0,MSL,mother,0,0,0,0,hic,s3://human-pangenomics/working/HPRC/HG03583/raw_data/Illumina/child/HG03583.final.cram,HG03583.final.cram
HG03784,116321406900,37.52,cram,Illumina NovaSeq 6000,TruSeq DNA PCR-free,PAIRED,WGS,150,IT023,0,0,2,0,ITU,mother,0,0,0,0,hic,s3://human-pangenomics/working/HPRC/HG03784/raw_data/Illumina/child/HG03784.final.cram,HG03784.final.cram
HG03874,118145130300,38.11,cram,Illumina NovaSeq 6000,TruSeq DNA PCR-free,PAIRED,WGS,150,IT006,0,0,2,0,ITU,mother,0,0,0,0,hic,s3://human-pangenomics/working/HPRC/HG03874/raw_data/Illumina/child/HG03874.final.cram,HG03874.final.cram
NA18505,127185626400,41.03,cram,Illumina NovaSeq 6000,TruSeq DNA PCR-free,PAIRED,WGS,150,Y005,0,0,2,0,YRI,mother,0,0,0,0,hic,s3://human-pangenomics/working/HPRC/NA18505/raw_data/Illumina/child/NA18505.final.cram,NA18505.final.cram
NA18508,158863810500,51.25,cram,Illumina NovaSeq 6000,TruSeq DNA PCR-free,PAIRED,WGS,150,Y009,0,0,2,0,YRI,mother,0,0,0,0,hic,s3://human-pangenomics/working/HPRC/NA18508/raw_data/Illumina/child/NA18508.final.cram,NA18508.final.cram
NA18565,176157852000,56.83,cram,Illumina NovaSeq 6000,TruSeq DNA PCR-free,PAIRED,WGS,150,NA18565,0,0,2,0,CHB,unrel,0,0,0,0,hic,s3://human-pangenomics/working/HPRC/NA18565/raw_data/Illumina/child/NA18565.final.cram,NA18565.final.cram
NA18608,109514502000,35.33,cram,Illumina NovaSeq 6000,TruSeq DNA PCR-free,PAIRED,WGS,150,NA18608,0,0,1,0,CHB,unrel,0,0,0,0,hic,s3://human-pangenomics/working/HPRC/NA18608/raw_data/Illumina/child/NA18608.final.cram,NA18608.final.cram
NA18620,120573181500,38.89,cram,Illumina NovaSeq 6000,TruSeq DNA PCR-free,PAIRED,WGS,150,NA18620,0,0,1,0,CHB,unrel,0,0,0,0,hic,s3://human-pangenomics/working/HPRC/NA18620/raw_data/Illumina/child/NA18620.final.cram,NA18620.final.cram
NA18879,135207334200,43.62,cram,Illumina NovaSeq 6000,TruSeq DNA PCR-free,PAIRED,WGS,150,Y021,0,0,1,0,YRI,father,0,0,0,0,hic,s3://human-pangenomics/working/HPRC/NA18879/raw_data/Illumina/child/NA18879.final.cram,NA18879.final.cram
NA18952,116851393500,37.69,cram,Illumina NovaSeq 6000,TruSeq DNA PCR-free,PAIRED,WGS,150,NA18952,0,0,1,0,JPT,unrel,0,0,0,0,hic,s3://human-pangenomics/working/HPRC/NA18952/raw_data/Illumina/child/NA18952.final.cram,NA18952.final.cram
NA18974,143844059400,46.4,cram,Illumina NovaSeq 6000,TruSeq DNA PCR-free,PAIRED,WGS,150,NA18974,0,0,1,0,JPT,unrel,0,0,0,0,hic,s3://human-pangenomics/working/HPRC/NA18974/raw_data/Illumina/child/NA18974.final.cram,NA18974.final.cram
NA18976,109078425600,35.19,cram,Illumina NovaSeq 6000,TruSeq DNA PCR-free,PAIRED,WGS,150,NA18976,0,0,2,0,JPT,unrel,0,0,0,0,hic,s3://human-pangenomics/working/HPRC/NA18976/raw_data/Illumina/child/NA18976.final.cram,NA18976.final.cram
NA19036,166848546600,53.82,cram,Illumina NovaSeq 6000,TruSeq DNA PCR-free,PAIRED,WGS,150,NA19036,0,0,2,0,LWK,unrel,0,0,0,0,hic,s3://human-pangenomics/working/HPRC/NA19036/raw_data/Illumina/child/NA19036.final.cram,NA19036.final.cram
NA19443,112109981100,36.16,cram,Illumina NovaSeq 6000,TruSeq DNA PCR-free,PAIRED,WGS,150,NA19443,0,0,1,0,LWK,unrel,NA19470,NA19469,0,0,hic,s3://human-pangenomics/working/HPRC/NA19443/raw_data/Illumina/child/NA19443.final.cram,NA19443.final.cram
NA19682,107078654100,34.54,cram,Illumina NovaSeq 6000,TruSeq DNA PCR-free,PAIRED,WGS,150,m010,0,0,1,0,MXL,father,0,0,0,0,hic,s3://human-pangenomics/working/HPRC/NA19682/raw_data/Illumina/child/NA19682.final.cram,NA19682.final.cram
NA19700,111741532200,36.05,cram,Illumina NovaSeq 6000,TruSeq DNA PCR-free,PAIRED,WGS,150,2367,0,0,1,0,ASW,father,0,0,0,0,hic,s3://human-pangenomics/working/HPRC/NA19700/raw_data/Illumina/child/NA19700.final.cram,NA19700.final.cram
NA19776,110225467200,35.56,cram,Illumina NovaSeq 6000,TruSeq DNA PCR-free,PAIRED,WGS,150,m034,0,0,2,0,MXL,mother,0,0,0,0,hic,s3://human-pangenomics/working/HPRC/NA19776/raw_data/Illumina/child/NA19776.final.cram,NA19776.final.cram
NA19835,141125999700,45.52,cram,Illumina NovaSeq 6000,TruSeq DNA PCR-free,PAIRED,WGS,150,2424,0,0,2,0,ASW,mother,0,0,0,0,hic,s3://human-pangenomics/working/HPRC/NA19835/raw_data/Illumina/child/NA19835.final.cram,NA19835.final.cram
NA19909,109476672900,35.32,cram,Illumina NovaSeq 6000,TruSeq DNA PCR-free,PAIRED,WGS,150,2427,0,0,2,0,ASW,mother,0,0,0,0,hic,s3://human-pangenomics/working/HPRC/NA19909/raw_data/Illumina/child/NA19909.final.cram,NA19909.final.cram
NA20282,106056631500,34.21,cram,Illumina NovaSeq 6000,TruSeq DNA PCR-free,PAIRED,WGS,150,2469,0,0,2,0,ASW,mother,NA20301,"NA20302,NA20313",0,0,hic,s3://human-pangenomics/working/HPRC/NA20282/raw_data/Illumina/child/NA20282.final.cram,NA20282.final.cram
NA20346,111107174700,35.84,cram,Illumina NovaSeq 6000,TruSeq DNA PCR-free,PAIRED,WGS,150,2490,0,0,1,0,ASW,father,0,0,0,0,hic,s3://human-pangenomics/working/HPRC/NA20346/raw_data/Illumina/child/NA20346.final.cram,NA20346.final.cram
NA20503,121860073200,39.31,cram,Illumina NovaSeq 6000,TruSeq DNA PCR-free,PAIRED,WGS,150,NA20503,0,0,2,0,TSI,unrel,0,0,0,0,hic,s3://human-pangenomics/working/HPRC/NA20503/raw_data/Illumina/child/NA20503.final.cram,NA20503.final.cram
NA20762,178172662500,57.48,cram,Illumina NovaSeq 6000,TruSeq DNA PCR-free,PAIRED,WGS,150,NA20762,0,0,1,0,TSI,unrel,0,0,0,0,hic,s3://human-pangenomics/working/HPRC/NA20762/raw_data/Illumina/child/NA20762.final.cram,NA20762.final.cram
NA20806,118981407600,38.38,cram,Illumina NovaSeq 6000,TruSeq DNA PCR-free,PAIRED,WGS,150,NA20806,0,0,1,0,TSI,unrel,0,0,0,0,hic,s3://human-pangenomics/working/HPRC/NA20806/raw_data/Illumina/child/NA20806.final.cram,NA20806.final.cram
NA20809,112552003200,36.31,cram,Illumina NovaSeq 6000,TruSeq DNA PCR-free,PAIRED,WGS,150,NA20809,0,0,1,0,TSI,unrel,0,0,0,0,hic,s3://human-pangenomics/working/HPRC/NA20809/raw_data/Illumina/child/NA20809.final.cram,NA20809.final.cram
NA20827,137845318200,44.47,cram,Illumina NovaSeq 6000,TruSeq DNA PCR-free,PAIRED,WGS,150,NA20827,0,0,1,0,TSI,unrel,0,0,0,0,hic,s3://human-pangenomics/working/HPRC/NA20827/raw_data/Illumina/child/NA20827.final.cram,NA20827.final.cram
NA20850,157988611800,50.96,cram,Illumina NovaSeq 6000,TruSeq DNA PCR-free,PAIRED,WGS,150,NA20850,0,0,1,0,GIH,unrel,0,0,0,0,hic,s3://human-pangenomics/working/HPRC/NA20850/raw_data/Illumina/child/NA20850.final.cram,NA20850.final.cram
NA20870,107404344600,34.65,cram,Illumina NovaSeq 6000,TruSeq DNA PCR-free,PAIRED,WGS,150,NA20870,0,0,1,0,GIH,unrel,0,0,0,0,hic,s3://human-pangenomics/working/HPRC/NA20870/raw_data/Illumina/child/NA20870.final.cram,NA20870.final.cram
NA21093,143994153000,46.45,cram,Illumina NovaSeq 6000,TruSeq DNA PCR-free,PAIRED,WGS,150,NA21093,0,0,1,0,GIH,unrel,0,0,0,0,hic,s3://human-pangenomics/working/HPRC/NA21093/raw_data/Illumina/child/NA21093.final.cram,NA21093.final.cram
NA21102,136537550400,44.04,cram,Illumina NovaSeq 6000,TruSeq DNA PCR-free,PAIRED,WGS,150,NA21102,0,0,2,0,GIH,unrel,0,0,0,0,hic,s3://human-pangenomics/working/HPRC/NA21102/raw_data/Illumina/child/NA21102.final.cram,NA21102.final.cram
NA21106,179280390300,57.83,cram,Illumina NovaSeq 6000,TruSeq DNA PCR-free,PAIRED,WGS,150,NA21106,0,0,2,0,GIH,unrel,0,0,0,0,hic,s3://human-pangenomics/working/HPRC/NA21106/raw_data/Illumina/child/NA21106.final.cram,NA21106.final.cram
NA21110,160804054500,51.87,cram,Illumina NovaSeq 6000,TruSeq DNA PCR-free,PAIRED,WGS,150,NA21110,0,0,2,0,GIH,unrel,0,0,0,0,hic,s3://human-pangenomics/working/HPRC/NA21110/raw_data/Illumina/child/NA21110.final.cram,NA21110.final.cram
NA21144,100005352200,32.26,cram,Illumina NovaSeq 6000,TruSeq DNA PCR-free,PAIRED,WGS,150,NA21144,0,0,2,0,GIH,unrel,0,0,0,0,hic,s3://human-pangenomics/working/HPRC/NA21144/raw_data/Illumina/child/NA21144.final.cram,NA21144.final.cram
NA19185,127410739500,41.1,cram,Illumina NovaSeq 6000,TruSeq DNA PCR-free,PAIRED,WGS,150,Y039,0,0,2,0,YRI,mother,0,0,0,0,hic,s3://human-pangenomics/working/HPRC/NA19185/raw_data/Illumina/child/NA19185.final.cram,NA19185.final.cram
HG03239,106491346500,34.35,cram,Illumina NovaSeq 6000,TruSeq DNA PCR-free,PAIRED,WGS,150,PK41,HG03237,HG03238,2,0,PJL,child,0,0,0,0,trio,s3://human-pangenomics/working/HPRC/HG03239/raw_data/Illumina/child/HG03239.final.cram,HG03239.final.cram
HG01255,116578965900,37.61,cram,Illumina NovaSeq 6000,TruSeq DNA PCR-free,PAIRED,WGS,150,CLM15,HG01253,HG01254,1,0,CLM,child,0,0,0,0,trio,s3://human-pangenomics/working/HPRC/HG01255/raw_data/Illumina/child/HG01255.final.cram,HG01255.final.cram
HG02738,139157036100,44.89,cram,Illumina NovaSeq 6000,TruSeq DNA PCR-free,PAIRED,WGS,150,PK27,HG02736,HG02737,1,0,PJL,child,0,0,0,0,trio,s3://human-pangenomics/working/HPRC/HG02738/raw_data/Illumina/child/HG02738.final.cram,HG02738.final.cram
HG04157,115172611500,37.15,cram,Illumina NovaSeq 6000,TruSeq DNA PCR-free,PAIRED,WGS,150,BD52,HG04155,HG04156,1,0,BEB,child,0,0,0,0,trio,s3://human-pangenomics/working/HPRC/HG04157/raw_data/Illumina/child/HG04157.final.cram,HG04157.final.cram
HG02074,142697641500,46.03,cram,Illumina NovaSeq 6000,TruSeq DNA PCR-free,PAIRED,WGS,150,VN066,HG02076,HG02075,1,0,KHV,child,0,0,0,0,trio,s3://human-pangenomics/working/HPRC/HG02074/raw_data/Illumina/child/HG02074.final.cram,HG02074.final.cram
HG02886,126521326500,40.81,cram,Illumina NovaSeq 6000,TruSeq DNA PCR-free,PAIRED,WGS,150,GB89,HG02884,HG02885,2,0,GWD,child,0,0,0,0,trio,s3://human-pangenomics/working/HPRC/HG02886/raw_data/Illumina/child/HG02886.final.cram,HG02886.final.cram
HG01993,113375027400,36.57,cram,Illumina NovaSeq 6000,TruSeq DNA PCR-free,PAIRED,WGS,150,PEL29,HG01991,HG01992,2,0,PEL,child,0,0,0,0,trio,s3://human-pangenomics/working/HPRC/HG01993/raw_data/Illumina/child/HG01993.final.cram,HG01993.final.cram
HG03209,110958607200,35.79,cram,Illumina NovaSeq 6000,TruSeq DNA PCR-free,PAIRED,WGS,150,SL17,0,0,1,0,MSL,child,0,0,0,0,hic,s3://human-pangenomics/working/HPRC/HG03209/raw_data/Illumina/child/HG03209.final.cram,HG03209.final.cram
HG03669,116856173700,37.7,cram,Illumina NovaSeq 6000,TruSeq DNA PCR-free,PAIRED,WGS,150,PK58,HG03667,HG03668,2,0,PJL,child,0,0,0,0,trio,s3://human-pangenomics/working/HPRC/HG03669/raw_data/Illumina/child/HG03669.final.cram,HG03669.final.cram
HG03688,114775293600,37.02,cram,Illumina NovaSeq 6000,TruSeq DNA PCR-free,PAIRED,WGS,150,ST016,HG03885,HG03886,1,0,STU,child,0,0,0,0,trio,s3://human-pangenomics/working/HPRC/HG03688/raw_data/Illumina/child/HG03688.final.cram,HG03688.final.cram
HG02514,122328868800,39.46,cram,Illumina NovaSeq 6000,TruSeq DNA PCR-free,PAIRED,WGS,150,VN087,HG02512,HG02513,1,0,KHV,child,0,0,0,0,trio,s3://human-pangenomics/working/HPRC/HG02514/raw_data/Illumina/child/HG02514.final.cram,HG02514.final.cram
HG03704,113404275000,36.58,cram,Illumina NovaSeq 6000,TruSeq DNA PCR-free,PAIRED,WGS,150,PK60,HG03702,HG03703,2,0,PJL,child,0,0,0,0,trio,s3://human-pangenomics/working/HPRC/HG03704/raw_data/Illumina/child/HG03704.final.cram,HG03704.final.cram
HG02258,113854787400,36.73,cram,Illumina NovaSeq 6000,TruSeq DNA PCR-free,PAIRED,WGS,150,BB22,HG02314,HG02315,1,0,ACB,child,0,0,0,0,trio,s3://human-pangenomics/working/HPRC/HG02258/raw_data/Illumina/child/HG02258.final.cram,HG02258.final.cram
HG00438,112494705300,36.29,cram,Illumina NovaSeq 6000,TruSeq DNA PCR-free,PAIRED,WGS,150,SH012,HG00436,HG00437,2,0,CHS,child,0,0,0,0,trio,s3://human-pangenomics/working/HPRC/HG00438/raw_data/Illumina/child/HG00438.final.cram,HG00438.final.cram
HG02391,107779311000,34.77,cram,Illumina NovaSeq 6000,TruSeq DNA PCR-free,PAIRED,WGS,150,HG02391,0,0,1,0,CDX,unrel,0,0,0,0,hic,s3://human-pangenomics/working/HPRC/HG02391/raw_data/Illumina/child/HG02391.final.cram,HG02391.final.cram
NA18971,113721271200,36.68,cram,Illumina NovaSeq 6000,TruSeq DNA PCR-free,PAIRED,WGS,150,NA18971,0,0,1,0,JPT,unrel,0,0,0,0,hic,s3://human-pangenomics/working/HPRC/NA18971/raw_data/Illumina/child/NA18971.final.cram,NA18971.final.cram
HG02622,121651228200,39.24,cram,Illumina NovaSeq 6000,TruSeq DNA PCR-free,PAIRED,WGS,150,GB31,HG02620,HG02621,2,0,GWD,child,0,0,0,0,trio,s3://human-pangenomics/working/HPRC/HG02622/raw_data/Illumina/child/HG02622.final.cram,HG02622.final.cram
HG01943,110566086600,35.67,cram,Illumina NovaSeq 6000,TruSeq DNA PCR-free,PAIRED,WGS,150,PEL016,HG01941,HG01942,1,0,PEL,child,0,0,0,0,trio,s3://human-pangenomics/working/HPRC/HG01943/raw_data/Illumina/child/HG01943.final.cram,HG01943.final.cram
HG02698,110825891400,35.75,cram,Illumina NovaSeq 6000,TruSeq DNA PCR-free,PAIRED,WGS,150,PK21,HG02696,HG02697,1,0,PJL,child,0,0,0,0,trio,s3://human-pangenomics/working/HPRC/HG02698/raw_data/Illumina/child/HG02698.final.cram,HG02698.final.cram
HG04187,111195480000,35.87,cram,Illumina NovaSeq 6000,TruSeq DNA PCR-free,PAIRED,WGS,150,BD62,HG04185,HG04186,1,0,BEB,child,0,0,0,0,trio,s3://human-pangenomics/working/HPRC/HG04187/raw_data/Illumina/child/HG04187.final.cram,HG04187.final.cram
HG00706,114053497800,36.79,cram,Illumina NovaSeq 6000,TruSeq DNA PCR-free,PAIRED,WGS,150,SH090,HG00704,HG00705,1,0,CHS,child,0,0,0,0,trio,s3://human-pangenomics/working/HPRC/HG00706/raw_data/Illumina/child/HG00706.final.cram,HG00706.final.cram
HG01940,115652333100,37.31,cram,Illumina NovaSeq 6000,TruSeq DNA PCR-free,PAIRED,WGS,150,PEL015,HG01938,HG01939,2,0,PEL,child,0,0,0,0,trio,s3://human-pangenomics/working/HPRC/HG01940/raw_data/Illumina/child/HG01940.final.cram,HG01940.final.cram
HG01358,118564051500,38.25,cram,Illumina NovaSeq 6000,TruSeq DNA PCR-free,PAIRED,WGS,150,CLM31,HG01356,HG01357,1,0,CLM,child,0,0,0,0,trio,s3://human-pangenomics/working/HPRC/HG01358/raw_data/Illumina/child/HG01358.final.cram,HG01358.final.cram
HG01258,115229884800,37.17,cram,Illumina NovaSeq 6000,TruSeq DNA PCR-free,PAIRED,WGS,150,CLM16,HG01256,HG01257,1,0,CLM,child,0,0,0,Replaces HG01814 which was withdrawn,trio,s3://human-pangenomics/working/HPRC/HG01258/raw_data/Illumina/child/HG01258.final.cram,HG01258.final.cram
HG01784,109015586700,35.17,cram,Illumina NovaSeq 6000,TruSeq DNA PCR-free,PAIRED,WGS,150,IBS053,0,0,2,0,IBS,mother,0,0,0,0,hic,s3://human-pangenomics/working/HPRC/HG01784/raw_data/Illumina/child/HG01784.final.cram,HG01784.final.cram
NA18522,104407727100,33.68,cram,Illumina NovaSeq 6000,TruSeq DNA PCR-free,PAIRED,WGS,150,Y016,0,0,1,0,YRI,father,0,0,0,0,hic,s3://human-pangenomics/working/HPRC/NA18522/raw_data/Illumina/child/NA18522.final.cram,NA18522.final.cram
HG03942,111827950800,36.07,cram,Illumina NovaSeq 6000,TruSeq DNA PCR-free,PAIRED,WGS,150,BD42,HG03941,HG03940,1,0,BEB,child,0,0,0,0,trio,s3://human-pangenomics/working/HPRC/HG03942/raw_data/Illumina/child/HG03942.final.cram,HG03942.final.cram
HG01192,104945716800,33.85,cram,Illumina NovaSeq 6000,TruSeq DNA PCR-free,PAIRED,WGS,150,PR40,HG01190,HG01191,1,0,PUR,child,0,0,0,0,trio,s3://human-pangenomics/working/HPRC/HG01192/raw_data/Illumina/child/HG01192.final.cram,HG01192.final.cram
HG03742,119117517300,38.43,cram,Illumina NovaSeq 6000,TruSeq DNA PCR-free,PAIRED,WGS,150,IT015,0,0,1,0,ITU,father,0,0,0,0,hic,s3://human-pangenomics/working/HPRC/HG03742/raw_data/Illumina/child/HG03742.final.cram,HG03742.final.cram
NA19391,109615147200,35.36,cram,Illumina NovaSeq 6000,TruSeq DNA PCR-free,PAIRED,WGS,150,NA19391,0,0,2,0,LWK,unrel,0,0,0,0,hic,s3://human-pangenomics/working/HPRC/NA19391/raw_data/Illumina/child/NA19391.final.cram,NA19391.final.cram
HG01081,114883436400,37.06,cram,Illumina NovaSeq 6000,TruSeq DNA PCR-free,PAIRED,WGS,150,PR21,HG01079,HG01080,2,0,PUR,child,0,0,0,0,trio,s3://human-pangenomics/working/HPRC/HG01081/raw_data/Illumina/child/HG01081.final.cram,HG01081.final.cram
HG04184,107228098800,34.59,cram,Illumina NovaSeq 6000,TruSeq DNA PCR-free,PAIRED,WGS,150,BD61,HG04182,HG04183,2,0,BEB,child,0,0,0,0,trio,s3://human-pangenomics/working/HPRC/HG04184/raw_data/Illumina/child/HG04184.final.cram,HG04184.final.cram
HG01433,120178563900,38.77,cram,Illumina NovaSeq 6000,TruSeq DNA PCR-free,PAIRED,WGS,150,CLM43,HG01431,HG01432,1,0,CLM,child,0,0,0,0,trio,s3://human-pangenomics/working/HPRC/HG01433/raw_data/Illumina/child/HG01433.final.cram,HG01433.final.cram
HG01074,111434925000,35.95,cram,Illumina NovaSeq 6000,TruSeq DNA PCR-free,PAIRED,WGS,150,PR18,HG01072,HG01073,1,0,PUR,child,0,0,0,0,trio,s3://human-pangenomics/working/HPRC/HG01074/raw_data/Illumina/child/HG01074.final.cram,HG01074.final.cram
NA20905,161379588000,52.06,cram,Illumina NovaSeq 6000,TruSeq DNA PCR-free,PAIRED,WGS,150,NA20905,0,0,1,0,GIH,unrel,0,0,0,0,hic,s3://human-pangenomics/working/HPRC/NA20905/raw_data/Illumina/child/NA20905.final.cram,NA20905.final.cram
HG02148,118934782800,38.37,cram,Illumina NovaSeq 6000,TruSeq DNA PCR-free,PAIRED,WGS,150,PEL39,HG02146,HG02147,2,0,PEL,child,0,0,0,0,trio,s3://human-pangenomics/working/HPRC/HG02148/raw_data/Illumina/child/HG02148.final.cram,HG02148.final.cram
HG04204,112500814200,36.29,cram,Illumina NovaSeq 6000,TruSeq DNA PCR-free,PAIRED,WGS,150,ST006,HG03679,HG03642,1,0,STU,child,0,0,0,0,trio,s3://human-pangenomics/working/HPRC/HG04204/raw_data/Illumina/child/HG04204.final.cram,HG04204.final.cram
HG00639,103297494000,33.32,cram,Illumina NovaSeq 6000,TruSeq DNA PCR-free,PAIRED,WGS,150,PR03,HG00637,HG00638,2,0,PUR,child,0,0,0,0,trio,s3://human-pangenomics/working/HPRC/HG00639/raw_data/Illumina/child/HG00639.final.cram,HG00639.final.cram
HG01960,121095282000,39.06,cram,Illumina NovaSeq 6000,TruSeq DNA PCR-free,PAIRED,WGS,150,BB11,HG01988,HG01989,2,0,ACB,child,0,0,0,0,trio,s3://human-pangenomics/working/HPRC/HG01960/raw_data/Illumina/child/HG01960.final.cram,HG01960.final.cram
HG02056,110798827200,35.74,cram,Illumina NovaSeq 6000,TruSeq DNA PCR-free,PAIRED,WGS,150,VN060,HG02058,HG02057,1,0,KHV,child,0,0,0,0,trio,s3://human-pangenomics/working/HPRC/HG02056/raw_data/Illumina/child/HG02056.final.cram,HG02056.final.cram
HG03139,120759402300,38.95,cram,Illumina NovaSeq 6000,TruSeq DNA PCR-free,PAIRED,WGS,150,NG39,0,0,1,0,ESN,father,0,0,0,0,hic,s3://human-pangenomics/working/HPRC/HG03139/raw_data/Illumina/child/HG03139.final.cram,HG03139.final.cram
HG02129,117984755400,38.06,cram,Illumina NovaSeq 6000,TruSeq DNA PCR-free,PAIRED,WGS,150,VN079,HG02131,HG02130,1,0,KHV,child,0,0,0,0,trio,s3://human-pangenomics/working/HPRC/HG02129/raw_data/Illumina/child/HG02129.final.cram,HG02129.final.cram
HG02280,122266447500,39.44,cram,Illumina NovaSeq 6000,TruSeq DNA PCR-free,PAIRED,WGS,150,BB23,HG02307,HG02308,2,0,ACB,child,0,0,0,0,trio,s3://human-pangenomics/working/HPRC/HG02280/raw_data/Illumina/child/HG02280.final.cram,HG02280.final.cram
NA20805,115985435400,37.41,cram,Illumina NovaSeq 6000,TruSeq DNA PCR-free,PAIRED,WGS,150,NA20805,0,0,1,0,TSI,unrel,0,0,0,0,hic,s3://human-pangenomics/working/HPRC/NA20805/raw_data/Illumina/child/NA20805.final.cram,NA20805.final.cram
HG01952,113746670100,36.69,cram,Illumina NovaSeq 6000,TruSeq DNA PCR-free,PAIRED,WGS,150,PEL019,HG01950,HG01951,1,0,PEL,child,0,0,0,0,trio,s3://human-pangenomics/working/HPRC/HG01952/raw_data/Illumina/child/HG01952.final.cram,HG01952.final.cram
HG02523,112387790700,36.25,cram,Illumina NovaSeq 6000,TruSeq DNA PCR-free,PAIRED,WGS,150,VN090,HG02521,HG02522,2,0,KHV,child,0,0,0,0,trio,s3://human-pangenomics/working/HPRC/HG02523/raw_data/Illumina/child/HG02523.final.cram,HG02523.final.cram
HG02451,116697557100,37.64,cram,Illumina NovaSeq 6000,TruSeq DNA PCR-free,PAIRED,WGS,150,BB46,HG02449,HG02450,2,0,ACB,child,0,0,0,0,trio,s3://human-pangenomics/working/HPRC/HG02451/raw_data/Illumina/child/HG02451.final.cram,HG02451.final.cram
HG02668,106578490200,34.38,cram,Illumina NovaSeq 6000,TruSeq DNA PCR-free,PAIRED,WGS,150,GB40,HG02666,HG02667,1,0,GWD,child,0,0,0,0,trio,s3://human-pangenomics/working/HPRC/HG02668/raw_data/Illumina/child/HG02668.final.cram,HG02668.final.cram
HG01981,113916681000,36.75,cram,Illumina NovaSeq 6000,TruSeq DNA PCR-free,PAIRED,WGS,150,PEL27,HG01979,HG01980,2,0,PEL,child,0,0,0,0,trio,s3://human-pangenomics/working/HPRC/HG01981/raw_data/Illumina/child/HG01981.final.cram,HG01981.final.cram
HG02717,119895876900,38.68,cram,Illumina NovaSeq 6000,TruSeq DNA PCR-free,PAIRED,WGS,150,GB50,HG02715,HG02716,1,0,GWD,child,0,0,0,0,trio,s3://human-pangenomics/working/HPRC/HG02717/raw_data/Illumina/child/HG02717.final.cram,HG02717.final.cram
HG02922,108193599600,34.9,cram,Illumina NovaSeq 6000,TruSeq DNA PCR-free,PAIRED,WGS,150,NG06,0,0,2,0,ESN,mother,0,0,0,0,hic,s3://human-pangenomics/working/HPRC/HG02922/raw_data/Illumina/child/HG02922.final.cram,HG02922.final.cram
HG00423,113361687000,36.57,cram,Illumina NovaSeq 6000,TruSeq DNA PCR-free,PAIRED,WGS,150,SH007,HG00421,HG00422,2,0,CHS,child,0,0,0,0,trio,s3://human-pangenomics/working/HPRC/HG00423/raw_data/Illumina/child/HG00423.final.cram,HG00423.final.cram
HG03017,117788308500,38,cram,Illumina NovaSeq 6000,TruSeq DNA PCR-free,PAIRED,WGS,150,PK35,HG03015,HG03016,1,0,PJL,child,0,0,0,0,trio,s3://human-pangenomics/working/HPRC/HG03017/raw_data/Illumina/child/HG03017.final.cram,HG03017.final.cram
HG03804,106238504400,34.27,cram,Illumina NovaSeq 6000,TruSeq DNA PCR-free,PAIRED,WGS,150,BD18,HG03803,HG03802,2,0,BEB,child,0,0,0,0,trio,s3://human-pangenomics/working/HPRC/HG03804/raw_data/Illumina/child/HG03804.final.cram,HG03804.final.cram
HG00408,113385324300,36.58,cram,Illumina NovaSeq 6000,TruSeq DNA PCR-free,PAIRED,WGS,150,SH002,HG00406,HG00407,2,0,CHS,child,0,0,0,0,trio,s3://human-pangenomics/working/HPRC/HG00408/raw_data/Illumina/child/HG00408.final.cram,HG00408.final.cram
HG00658,110560325400,35.66,cram,Illumina NovaSeq 6000,TruSeq DNA PCR-free,PAIRED,WGS,150,SH074,HG00656,HG00657,1,0,CHS,child,HG00702,"HG00703,HG00703",0,0,trio,s3://human-pangenomics/working/HPRC/HG00658/raw_data/Illumina/child/HG00658.final.cram,HG00658.final.cram
HG02735,121263884400,39.12,cram,Illumina NovaSeq 6000,TruSeq DNA PCR-free,PAIRED,WGS,150,PK26,HG02733,HG02734,1,0,PJL,child,0,0,0,0,trio,s3://human-pangenomics/working/HPRC/HG02735/raw_data/Illumina/child/HG02735.final.cram,HG02735.final.cram
HG00099,128644524300,41.5,cram,Illumina NovaSeq 6000,TruSeq DNA PCR-free,PAIRED,WGS,150,HG00099,0,0,2,0,GBR,unrel,0,0,0,0,hic,s3://human-pangenomics/working/HPRC/HG00099/raw_data/Illumina/child/HG00099.final.cram,HG00099.final.cram
HG01530,109816310100,35.42,cram,Illumina NovaSeq 6000,TruSeq DNA PCR-free,PAIRED,WGS,150,IBS011,0,0,1,0,IBS,father,0,0,0,0,hic,s3://human-pangenomics/working/HPRC/HG01530/raw_data/Illumina/child/HG01530.final.cram,HG01530.final.cram
HG02015,118271589000,38.15,cram,Illumina NovaSeq 6000,TruSeq DNA PCR-free,PAIRED,WGS,150,VN046,HG02017,HG02016,1,0,KHV,child,0,0,0,0,trio,s3://human-pangenomics/working/HPRC/HG02015/raw_data/Illumina/child/HG02015.final.cram,HG02015.final.cram
HG00642,115511069100,37.26,cram,Illumina NovaSeq 6000,TruSeq DNA PCR-free,PAIRED,WGS,150,PR04,HG00640,HG00641,1,0,PUR,child,0,0,0,0,trio,s3://human-pangenomics/working/HPRC/HG00642/raw_data/Illumina/child/HG00642.final.cram,HG00642.final.cram
HG02572,113450591400,36.6,cram,Illumina NovaSeq 6000,TruSeq DNA PCR-free,PAIRED,WGS,150,GB21,HG02570,HG02571,1,0,GWD,child,0,0,0,0,trio,s3://human-pangenomics/working/HPRC/HG02572/raw_data/Illumina/child/HG02572.final.cram,HG02572.final.cram
HG01975,119486241300,38.54,cram,Illumina NovaSeq 6000,TruSeq DNA PCR-free,PAIRED,WGS,150,PEL25,HG01974,HG01973,2,0,PEL,child,0,0,0,0,trio,s3://human-pangenomics/working/HPRC/HG01975/raw_data/Illumina/child/HG01975.final.cram,HG01975.final.cram
HG01150,117582455700,37.93,cram,Illumina NovaSeq 6000,TruSeq DNA PCR-free,PAIRED,WGS,150,CLM12,HG01148,HG01149,2,0,CLM,child,0,0,0,0,trio,s3://human-pangenomics/working/HPRC/HG01150/raw_data/Illumina/child/HG01150.final.cram,HG01150.final.cram
HG03654,112084877100,36.16,cram,Illumina NovaSeq 6000,TruSeq DNA PCR-free,PAIRED,WGS,150,PK53,HG03652,HG03653,1,0,PJL,child,0,0,0,0,trio,s3://human-pangenomics/working/HPRC/HG03654/raw_data/Illumina/child/HG03654.final.cram,HG03654.final.cram
NA20752,109330854600,35.27,cram,Illumina NovaSeq 6000,TruSeq DNA PCR-free,PAIRED,WGS,150,NA20752,0,0,1,0,TSI,unrel,0,0,0,0,hic,s3://human-pangenomics/working/HPRC/NA20752/raw_data/Illumina/child/NA20752.final.cram,NA20752.final.cram
HG00609,116006773200,37.42,cram,Illumina NovaSeq 6000,TruSeq DNA PCR-free,PAIRED,WGS,150,SH062,HG00607,HG00608,1,0,CHS,child,0,0,0,0,trio,s3://human-pangenomics/working/HPRC/HG00609/raw_data/Illumina/child/HG00609.final.cram,HG00609.final.cram
HG02132,115105950600,37.13,cram,Illumina NovaSeq 6000,TruSeq DNA PCR-free,PAIRED,WGS,150,VN080,HG02134,HG02133,1,0,KHV,child,0,0,0,0,trio,s3://human-pangenomics/working/HPRC/HG02132/raw_data/Illumina/child/HG02132.final.cram,HG02132.final.cram
HG00597,111475988700,35.96,cram,Illumina NovaSeq 6000,TruSeq DNA PCR-free,PAIRED,WGS,150,SH058,HG00595,HG00596,2,0,CHS,child,0,0,0,0,trio,s3://human-pangenomics/working/HPRC/HG00597/raw_data/Illumina/child/HG00597.final.cram,HG00597.final.cram
HG03579,108770931900,35.09,cram,Illumina NovaSeq 6000,TruSeq DNA PCR-free,PAIRED,WGS,150,SL72,HG03577,HG03578,1,0,MSL,child,0,0,0,0,trio,s3://human-pangenomics/working/HPRC/HG03579/raw_data/Illumina/child/HG03579.final.cram,HG03579.final.cram
HG00673,106082029200,34.22,cram,Illumina NovaSeq 6000,TruSeq DNA PCR-free,PAIRED,WGS,150,SH079,HG00671,HG00672,1,0,CHS,child,0,0,0,0,trio,s3://human-pangenomics/working/HPRC/HG00673/raw_data/Illumina/child/HG00673.final.cram,HG00673.final.cram
HG03831,110632460700,35.69,cram,Illumina NovaSeq 6000,TruSeq DNA PCR-free,PAIRED,WGS,150,BD27,HG03830,HG03829,2,0,BEB,child,0,0,0,0,trio,s3://human-pangenomics/working/HPRC/HG03831/raw_data/Illumina/child/HG03831.final.cram,HG03831.final.cram
HG03453,109713735300,35.39,cram,Illumina NovaSeq 6000,TruSeq DNA PCR-free,PAIRED,WGS,150,SL50,HG03451,HG03452,2,0,MSL,child,0,0,0,0,trio,s3://human-pangenomics/working/HPRC/HG03453/raw_data/Illumina/child/HG03453.final.cram,HG03453.final.cram
NA19159,115901003400,37.39,cram,Illumina NovaSeq 6000,TruSeq DNA PCR-free,PAIRED,WGS,150,Y056,0,0,2,0,YRI,mother,0,0,0,0,hic,s3://human-pangenomics/working/HPRC/NA19159/raw_data/Illumina/child/NA19159.final.cram,NA19159.final.cram
NA18570,107836022400,34.79,cram,Illumina NovaSeq 6000,TruSeq DNA PCR-free,PAIRED,WGS,150,NA18570,0,0,2,0,CHB,unrel,0,0,0,0,hic,s3://human-pangenomics/working/HPRC/NA18570/raw_data/Illumina/child/NA18570.final.cram,NA18570.final.cram
HG02602,119510310000,38.55,cram,Illumina NovaSeq 6000,TruSeq DNA PCR-free,PAIRED,WGS,150,PK09,HG02600,HG02601,1,0,PJL,child,0,0,0,0,trio,s3://human-pangenomics/working/HPRC/HG02602/raw_data/Illumina/child/HG02602.final.cram,HG02602.final.cram
HG01496,106292473500,34.29,cram,Illumina NovaSeq 6000,TruSeq DNA PCR-free,PAIRED,WGS,150,CLM64,HG01494,HG01495,2,0,CLM,child,0,0,0,0,trio,s3://human-pangenomics/working/HPRC/HG01496/raw_data/Illumina/child/HG01496.final.cram,HG01496.final.cram
HG01106,114258479400,36.86,cram,Illumina NovaSeq 6000,TruSeq DNA PCR-free,PAIRED,WGS,150,PR25,HG01104,HG01105,1,0,PUR,child,0,0,0,0,trio,s3://human-pangenomics/working/HPRC/HG01106/raw_data/Illumina/child/HG01106.final.cram,HG01106.final.cram
HG03225,111651319800,36.02,cram,Illumina NovaSeq 6000,TruSeq DNA PCR-free,PAIRED,WGS,150,SL23,0,0,1,0,MSL,father,0,0,0,0,hic,s3://human-pangenomics/working/HPRC/HG03225/raw_data/Illumina/child/HG03225.final.cram,HG03225.final.cram
HG01252,116253712800,37.5,cram,Illumina NovaSeq 6000,TruSeq DNA PCR-free,PAIRED,WGS,150,CLM14,HG01250,HG01251,1,0,CLM,child,0,0,0,0,trio,s3://human-pangenomics/working/HPRC/HG01252/raw_data/Illumina/child/HG01252.final.cram,HG01252.final.cram
HG03050,110162223000,35.54,cram,Illumina NovaSeq 6000,TruSeq DNA PCR-free,PAIRED,WGS,150,GB113,HG03048,HG03049,1,0,GWD,child,0,0,0,0,trio,s3://human-pangenomics/working/HPRC/HG03050/raw_data/Illumina/child/HG03050.final.cram,HG03050.final.cram
HG03834,109795859700,35.42,cram,Illumina NovaSeq 6000,TruSeq DNA PCR-free,PAIRED,WGS,150,BD28,HG03833,HG03832,2,0,BEB,child,0,0,0,0,trio,s3://human-pangenomics/working/HPRC/HG03834/raw_data/Illumina/child/HG03834.final.cram,HG03834.final.cram
HG00735,108789511500,35.09,cram,Illumina NovaSeq 6000,TruSeq DNA PCR-free,PAIRED,WGS,150,PR06,HG01047,HG00734,2,0,PUR,child,0,0,0,0,trio,s3://human-pangenomics/working/HPRC/HG00735/raw_data/Illumina/child/HG00735.final.cram,HG00735.final.cram
HG02300,117372230400,37.86,cram,Illumina NovaSeq 6000,TruSeq DNA PCR-free,PAIRED,WGS,150,PEL52,HG02299,HG02298,1,0,PEL,child,0,HG02302,0,0,trio,s3://human-pangenomics/working/HPRC/HG02300/raw_data/Illumina/child/HG02300.final.cram,HG02300.final.cram
HG03130,148832187300,48.01,cram,Illumina NovaSeq 6000,TruSeq DNA PCR-free,PAIRED,WGS,150,NG36,0,0,1,0,ESN,father,0,0,0,0,hic,s3://human-pangenomics/working/HPRC/HG03130/raw_data/Illumina/child/HG03130.final.cram,HG03130.final.cram
HG03041,112274295000,36.22,cram,Illumina NovaSeq 6000,TruSeq DNA PCR-free,PAIRED,WGS,150,GB110,HG03039,HG03040,2,0,GWD,child,0,0,0,0,trio,s3://human-pangenomics/working/HPRC/HG03041/raw_data/Illumina/child/HG03041.final.cram,HG03041.final.cram
NA18983,102666023100,33.12,cram,Illumina NovaSeq 6000,TruSeq DNA PCR-free,PAIRED,WGS,150,NA18983,0,0,1,0,JPT,unrel,0,0,0,0,hic,s3://human-pangenomics/working/HPRC/NA18983/raw_data/Illumina/child/NA18983.final.cram,NA18983.final.cram
HG03927,109497906900,35.32,cram,Illumina NovaSeq 6000,TruSeq DNA PCR-free,PAIRED,WGS,150,BD37,HG03926,HG03925,2,0,BEB,child,0,0,0,0,trio,s3://human-pangenomics/working/HPRC/HG03927/raw_data/Illumina/child/HG03927.final.cram,HG03927.final.cram
NA18747,111397459800,35.93,cram,Illumina NovaSeq 6000,TruSeq DNA PCR-free,PAIRED,WGS,150,NA18747,0,0,1,0,CHB,unrel,0,0,0,0,hic,s3://human-pangenomics/working/HPRC/NA18747/raw_data/Illumina/child/NA18747.final.cram,NA18747.final.cram
HG01346,114444906900,36.92,cram,Illumina NovaSeq 6000,TruSeq DNA PCR-free,PAIRED,WGS,150,CLM27,HG01344,HG01345,2,0,CLM,child,0,0,0,0,trio,s3://human-pangenomics/working/HPRC/HG01346/raw_data/Illumina/child/HG01346.final.cram,HG01346.final.cram
HG03195,112457547600,36.28,cram,Illumina NovaSeq 6000,TruSeq DNA PCR-free,PAIRED,WGS,150,NG58,0,0,2,0,ESN,mother,0,0,0,0,hic,s3://human-pangenomics/working/HPRC/HG03195/raw_data/Illumina/child/HG03195.final.cram,HG03195.final.cram
HG01099,123095129700,39.71,cram,Illumina NovaSeq 6000,TruSeq DNA PCR-free,PAIRED,WGS,150,PR31,HG01097,HG01098,1,0,PUR,child,0,0,0,0,trio,s3://human-pangenomics/working/HPRC/HG01099/raw_data/Illumina/child/HG01099.final.cram,HG01099.final.cram
HG03816,102473619600,33.06,cram,Illumina NovaSeq 6000,TruSeq DNA PCR-free,PAIRED,WGS,150,BD22,HG03815,HG03814,2,0,BEB,child,0,0,0,0,trio,s3://human-pangenomics/working/HPRC/HG03816/raw_data/Illumina/child/HG03816.final.cram,HG03816.final.cram
HG02965,115370704200,37.22,cram,Illumina NovaSeq 6000,TruSeq DNA PCR-free,PAIRED,WGS,150,NG20,0,0,1,0,ESN,father,0,0,0,0,hic,s3://human-pangenomics/working/HPRC/HG02965/raw_data/Illumina/child/HG02965.final.cram,HG02965.final.cram
HG00738,114873994800,37.06,cram,Illumina NovaSeq 6000,TruSeq DNA PCR-free,PAIRED,WGS,150,PR07,HG00736,HG00737,1,0,PUR,child,0,0,0,0,trio,s3://human-pangenomics/working/HPRC/HG00738/raw_data/Illumina/child/HG00738.final.cram,HG00738.final.cram
HG02165,112868544600,36.41,cram,Illumina NovaSeq 6000,TruSeq DNA PCR-free,PAIRED,WGS,150,HG02165,0,0,2,0,CDX,unrel,0,0,0,0,hic,s3://human-pangenomics/working/HPRC/HG02165/raw_data/Illumina/child/HG02165.final.cram,HG02165.final.cram
HG02615,121380239400,39.15,cram,Illumina NovaSeq 6000,TruSeq DNA PCR-free,PAIRED,WGS,150,GB29,HG02613,HG02614,2,0,GWD,child,0,0,0,0,trio,s3://human-pangenomics/working/HPRC/HG02615/raw_data/Illumina/child/HG02615.final.cram,HG02615.final.cram
HG01891,114187692900,36.83,cram,Illumina NovaSeq 6000,TruSeq DNA PCR-free,PAIRED,WGS,150,BB05,HG01890,HG01889,2,0,ACB,child,0,0,0,0,trio,s3://human-pangenomics/working/HPRC/HG01891/raw_data/Illumina/child/HG01891.final.cram,HG01891.final.cram
HG00544,110286351600,35.58,cram,Illumina NovaSeq 6000,TruSeq DNA PCR-free,PAIRED,WGS,150,SH042,HG00542,HG00543,2,0,CHS,child,0,0,0,0,trio,s3://human-pangenomics/working/HPRC/HG00544/raw_data/Illumina/child/HG00544.final.cram,HG00544.final.cram
HG01969,117734654700,37.98,cram,Illumina NovaSeq 6000,TruSeq DNA PCR-free,PAIRED,WGS,150,PEL023,HG01967,HG01968,2,0,PEL,child,0,0,0,0,trio,s3://human-pangenomics/working/HPRC/HG01969/raw_data/Illumina/child/HG01969.final.cram,HG01969.final.cram
HG02155,104768624100,33.8,cram,Illumina NovaSeq 6000,TruSeq DNA PCR-free,PAIRED,WGS,150,HG02155,0,0,2,0,CDX,unrel,0,0,0,0,hic,s3://human-pangenomics/working/HPRC/HG02155/raw_data/Illumina/child/HG02155.final.cram,HG02155.final.cram
HG01261,115109477100,37.13,cram,Illumina NovaSeq 6000,TruSeq DNA PCR-free,PAIRED,WGS,150,CLM17,HG01259,HG01260,1,0,CLM,child,0,0,0,0,trio,s3://human-pangenomics/working/HPRC/HG01261/raw_data/Illumina/child/HG01261.final.cram,HG01261.final.cram
HG04160,110324412300,35.59,cram,Illumina NovaSeq 6000,TruSeq DNA PCR-free,PAIRED,WGS,150,BD53,HG04158,HG04159,1,0,BEB,child,0,0,0,0,trio,s3://human-pangenomics/working/HPRC/HG04160/raw_data/Illumina/child/HG04160.final.cram,HG04160.final.cram
NA20799,111636815400,36.01,cram,Illumina NovaSeq 6000,TruSeq DNA PCR-free,PAIRED,WGS,150,NA20799,0,0,2,0,TSI,unrel,0,0,0,0,hic,s3://human-pangenomics/working/HPRC/NA20799/raw_data/Illumina/child/NA20799.final.cram,NA20799.final.cram
HG01071,115658477400,37.31,cram,Illumina NovaSeq 6000,TruSeq DNA PCR-free,PAIRED,WGS,150,PR17,HG01069,HG01070,2,0,PUR,child,0,0,0,0,trio,s3://human-pangenomics/working/HPRC/HG01071/raw_data/Illumina/child/HG01071.final.cram,HG01071.final.cram
HG00140,113709575100,36.68,cram,Illumina NovaSeq 6000,TruSeq DNA PCR-free,PAIRED,WGS,150,HG00140,0,0,1,0,GBR,unrel,0,0,0,0,hic,s3://human-pangenomics/working/HPRC/HG00140/raw_data/Illumina/child/HG00140.final.cram,HG00140.final.cram
HG02083,114536268900,36.95,cram,Illumina NovaSeq 6000,TruSeq DNA PCR-free,PAIRED,WGS,150,VN069,HG02085,HG02084,1,0,KHV,child,0,0,0,0,trio,s3://human-pangenomics/working/HPRC/HG02083/raw_data/Illumina/child/HG02083.final.cram,HG02083.final.cram
HG02040,113528210100,36.62,cram,Illumina NovaSeq 6000,TruSeq DNA PCR-free,PAIRED,WGS,150,VN054,0,0,1,0,KHV,unrel,0,0,0,0,hic,s3://human-pangenomics/working/HPRC/HG02040/raw_data/Illumina/child/HG02040.final.cram,HG02040.final.cram
HG04199,110442464400,35.63,cram,Illumina NovaSeq 6000,TruSeq DNA PCR-free,PAIRED,WGS,150,ST203,HG04100,HG04099,1,0,STU,child,0,0,0,0,trio,s3://human-pangenomics/working/HPRC/HG04199/raw_data/Illumina/child/HG04199.final.cram,HG04199.final.cram
HG00558,109289181000,35.25,cram,Illumina NovaSeq 6000,TruSeq DNA PCR-free,PAIRED,WGS,150,SH045,HG00556,HG00557,2,0,CHS,child,0,0,0,0,trio,s3://human-pangenomics/working/HPRC/HG00558/raw_data/Illumina/child/HG00558.final.cram,HG00558.final.cram
HG02647,124929174000,40.3,cram,Illumina NovaSeq 6000,TruSeq DNA PCR-free,PAIRED,WGS,150,GB38,HG02645,HG02646,1,0,GWD,child,0,0,0,0,trio,s3://human-pangenomics/working/HPRC/HG02647/raw_data/Illumina/child/HG02647.final.cram,HG02647.final.cram
HG04115,108206234100,34.91,cram,Illumina NovaSeq 6000,TruSeq DNA PCR-free,PAIRED,WGS,150,ST111,HG03896,HG03894,1,0,STU,child,0,0,0,0,trio,s3://human-pangenomics/working/HPRC/HG04115/raw_data/Illumina/child/HG04115.final.cram,HG04115.final.cram
HG01978,124966936200,40.31,cram,Illumina NovaSeq 6000,TruSeq DNA PCR-free,PAIRED,WGS,150,PEL26,HG01977,HG01976,2,0,PEL,child,0,0,0,0,trio,s3://human-pangenomics/working/HPRC/HG01978/raw_data/Illumina/child/HG01978.final.cram,HG01978.final.cram
HG02273,110213354100,35.55,cram,Illumina NovaSeq 6000,TruSeq DNA PCR-free,PAIRED,WGS,150,PEL46,HG02271,HG02272,2,0,PEL,child,0,0,0,0,hic,s3://human-pangenomics/working/HPRC/HG02273/raw_data/Illumina/child/HG02273.final.cram,HG02273.final.cram
HG02809,115993870200,37.42,cram,Illumina NovaSeq 6000,TruSeq DNA PCR-free,PAIRED,WGS,150,GB63,HG02807,HG02808,2,0,GWD,child,0,0,0,0,trio,s3://human-pangenomics/working/HPRC/HG02809/raw_data/Illumina/child/HG02809.final.cram,HG02809.final.cram
HG01361,118237764300,38.14,cram,Illumina NovaSeq 6000,TruSeq DNA PCR-free,PAIRED,WGS,150,CLM32,HG01359,HG01360,2,0,CLM,child,0,0,0,0,trio,s3://human-pangenomics/working/HPRC/HG01361/raw_data/Illumina/child/HG01361.final.cram,HG01361.final.cram
NA19087,114188033400,36.83,cram,Illumina NovaSeq 6000,TruSeq DNA PCR-free,PAIRED,WGS,150,NA19087,0,0,2,0,JPT,unrel,0,0,0,0,hic,s3://human-pangenomics/working/HPRC/NA19087/raw_data/Illumina/child/NA19087.final.cram,NA19087.final.cram
HG01928,118780645200,38.32,cram,Illumina NovaSeq 6000,TruSeq DNA PCR-free,PAIRED,WGS,150,PEL011,HG01926,HG01927,1,0,PEL,child,0,0,0,0,trio,s3://human-pangenomics/working/HPRC/HG01928/raw_data/Illumina/child/HG01928.final.cram,HG01928.final.cram
NA19043,131926068600,42.56,cram,Illumina NovaSeq 6000,TruSeq DNA PCR-free,PAIRED,WGS,150,NA19043,0,0,1,0,LWK,unrel,0,0,0,0,hic,s3://human-pangenomics/working/HPRC/NA19043/raw_data/Illumina/child/NA19043.final.cram,NA19043.final.cram
HG03540,122629370400,39.56,cram,Illumina NovaSeq 6000,TruSeq DNA PCR-free,PAIRED,WGS,150,GB125,HG03538,HG03539,2,0,GWD,child,0,0,0,0,trio,s3://human-pangenomics/working/HPRC/HG03540/raw_data/Illumina/child/HG03540.final.cram,HG03540.final.cram
HG02004,115521015900,37.26,cram,Illumina NovaSeq 6000,TruSeq DNA PCR-free,PAIRED,WGS,150,PEL33,HG02002,HG02003,2,0,PEL,child,0,0,0,0,trio,s3://human-pangenomics/working/HPRC/HG02004/raw_data/Illumina/child/HG02004.final.cram,HG02004.final.cram
HG02293,112429458000,36.27,cram,Illumina NovaSeq 6000,TruSeq DNA PCR-free,PAIRED,WGS,150,PEL51,HG02291,HG02292,2,0,PEL,child,0,0,0,0,trio,s3://human-pangenomics/working/HPRC/HG02293/raw_data/Illumina/child/HG02293.final.cram,HG02293.final.cram
HG04228,112703684700,36.36,cram,Illumina NovaSeq 6000,TruSeq DNA PCR-free,PAIRED,WGS,150,ST232,HG04229,HG04227,1,0,STU,child,0,0,0,0,trio,s3://human-pangenomics/working/HPRC/HG04228/raw_data/Illumina/child/HG04228.final.cram,HG04228.final.cram
HG00741,115946286900,37.4,cram,Illumina NovaSeq 6000,TruSeq DNA PCR-free,PAIRED,WGS,150,PR09,HG00739,HG00740,2,0,PUR,child,0,0,0,0,trio,s3://human-pangenomics/working/HPRC/HG00741/raw_data/Illumina/child/HG00741.final.cram,HG00741.final.cram
NA19468,111192577200,35.87,cram,Illumina NovaSeq 6000,TruSeq DNA PCR-free,PAIRED,WGS,150,NA19468,0,0,2,0,LWK,unrel,0,0,0,0,hic,s3://human-pangenomics/working/HPRC/NA19468/raw_data/Illumina/child/NA19468.final.cram,NA19468.final.cram
HG02984,122159226000,39.41,cram,Illumina NovaSeq 6000,TruSeq DNA PCR-free,PAIRED,WGS,150,GB97,HG02982,HG02983,1,0,GWD,child,0,0,0,0,trio,s3://human-pangenomics/working/HPRC/HG02984/raw_data/Illumina/child/HG02984.final.cram,HG02984.final.cram
HG03516,103569275700,33.41,cram,Illumina NovaSeq 6000,TruSeq DNA PCR-free,PAIRED,WGS,150,NG107,HG03515,HG03514,2,0,ESN,child,0,0,0,0,trio,s3://human-pangenomics/working/HPRC/HG03516/raw_data/Illumina/child/HG03516.final.cram,HG03516.final.cram
HG02630,123371345700,39.8,cram,Illumina NovaSeq 6000,TruSeq DNA PCR-free,PAIRED,WGS,150,GB33,HG02628,HG02629,2,0,GWD,child,0,0,0,0,trio,s3://human-pangenomics/working/HPRC/HG02630/raw_data/Illumina/child/HG02630.final.cram,HG02630.final.cram
HG02841,116507852400,37.58,cram,Illumina NovaSeq 6000,TruSeq DNA PCR-free,PAIRED,WGS,150,GB74,HG02839,HG02840,2,0,GWD,child,0,0,0,0,trio,s3://human-pangenomics/working/HPRC/HG02841/raw_data/Illumina/child/HG02841.final.cram,HG02841.final.cram
HG00323,103123636800,33.27,cram,Illumina NovaSeq 6000,TruSeq DNA PCR-free,PAIRED,WGS,150,HG00323,0,0,2,0,FIN,unrel,0,0,0,0,hic,s3://human-pangenomics/working/HPRC/HG00323/raw_data/Illumina/child/HG00323.final.cram,HG00323.final.cram
HG00280,123786553800,39.93,cram,Illumina NovaSeq 6000,TruSeq DNA PCR-free,PAIRED,WGS,150,HG00280,0,0,1,0,FIN,unrel,0,0,0,0,hic,s3://human-pangenomics/working/HPRC/HG00280/raw_data/Illumina/child/HG00280.final.cram,HG00280.final.cram
HG03470,120413321700,38.84,cram,Illumina NovaSeq 6000,TruSeq DNA PCR-free,PAIRED,WGS,150,SL56,0,0,2,0,MSL,mother,0,0,"HG03480,HG03484",0,hic,s3://human-pangenomics/working/HPRC/HG03470/raw_data/Illumina/child/HG03470.final.cram,HG03470.final.cram
NA19338,110121616200,35.52,cram,Illumina NovaSeq 6000,TruSeq DNA PCR-free,PAIRED,WGS,150,NA19338,0,0,2,0,LWK,unrel,0,0,0,0,hic,s3://human-pangenomics/working/HPRC/NA19338/raw_data/Illumina/child/NA19338.final.cram,NA19338.final.cram
HG01884,116958342600,37.73,cram,Illumina NovaSeq 6000,TruSeq DNA PCR-free,PAIRED,WGS,150,BB03,HG01885,HG01956,2,0,ACB,child,0,0,0,0,trio,s3://human-pangenomics/working/HPRC/HG01884/raw_data/Illumina/child/HG01884.final.cram,HG01884.final.cram
HG02976,114203101500,36.84,cram,Illumina NovaSeq 6000,TruSeq DNA PCR-free,PAIRED,WGS,150,NG24,0,0,2,0,ESN,mother,0,0,0,0,hic,s3://human-pangenomics/working/HPRC/HG02976/raw_data/Illumina/child/HG02976.final.cram,HG02976.final.cram
HG02257,116491789200,37.58,cram,Illumina NovaSeq 6000,TruSeq DNA PCR-free,PAIRED,WGS,150,BB21,HG02255,HG02256,2,0,ACB,child,0,0,0,0,trio,s3://human-pangenomics/working/HPRC/HG02257/raw_data/Illumina/child/HG02257.final.cram,HG02257.final.cram
HG01175,108373848600,34.96,cram,Illumina NovaSeq 6000,TruSeq DNA PCR-free,PAIRED,WGS,150,PR36,HG01173,HG01174,2,0,PUR,child,0,0,0,0,trio,s3://human-pangenomics/working/HPRC/HG01175/raw_data/Illumina/child/HG01175.final.cram,HG01175.final.cram
HG00621,108833472600,35.11,cram,Illumina NovaSeq 6000,TruSeq DNA PCR-free,PAIRED,WGS,150,SH066,HG00619,HG00620,1,0,CHS,child,0,0,0,0,trio,s3://human-pangenomics/working/HPRC/HG00621/raw_data/Illumina/child/HG00621.final.cram,HG00621.final.cram
HG02135,117794844000,38,cram,Illumina NovaSeq 6000,TruSeq DNA PCR-free,PAIRED,WGS,150,VN081,HG02137,HG02136,1,0,KHV,child,0,0,0,0,trio,s3://human-pangenomics/working/HPRC/HG02135/raw_data/Illumina/child/HG02135.final.cram,HG02135.final.cram
HG02027,116040909600,37.43,cram,Illumina NovaSeq 6000,TruSeq DNA PCR-free,PAIRED,WGS,150,VN050,HG02029,HG02028,1,0,KHV,child,0,0,0,0,trio,s3://human-pangenomics/working/HPRC/HG02027/raw_data/Illumina/child/HG02027.final.cram,HG02027.final.cram
HG02071,119457197700,38.53,cram,Illumina NovaSeq 6000,TruSeq DNA PCR-free,PAIRED,WGS,150,VN065,HG02073,HG02072,1,0,KHV,child,0,0,0,0,trio,s3://human-pangenomics/working/HPRC/HG02071/raw_data/Illumina/child/HG02071.final.cram,HG02071.final.cram
HG03710,115625752800,37.3,cram,Illumina NovaSeq 6000,TruSeq DNA PCR-free,PAIRED,WGS,150,PK62,HG03708,HG03709,1,0,PJL,child,0,0,0,0,trio,s3://human-pangenomics/working/HPRC/HG03710/raw_data/Illumina/child/HG03710.final.cram,HG03710.final.cram
HG01934,121591068900,39.22,cram,Illumina NovaSeq 6000,TruSeq DNA PCR-free,PAIRED,WGS,150,PEL013,HG01932,HG01933,1,0,PEL,child,0,0,0,0,trio,s3://human-pangenomics/working/HPRC/HG01934/raw_data/Illumina/child/HG01934.final.cram,HG01934.final.cram