sample_id,batch,phasing,notes,hap1_s3_uri,hap2_s3_uri
HG00408,1,trio,,s3://human-pangenomics/submissions/DC27718F-5F38-43B0-9A78-270F395F13E8--INT_ASM_PRODUCTION/HG00408/assemblies/freeze_2/assembly_pipeline/ncbi_upload/HG00408.hap1_for_genbank.fa.gz,s3://human-pangenomics/submissions/DC27718F-5F38-43B0-9A78-270F395F13E8--INT_ASM_PRODUCTION/HG00408/assemblies/freeze_2/assembly_pipeline/ncbi_upload/HG00408.hap2_for_genbank.fa.gz
HG01192,1,trio,,s3://human-pangenomics/submissions/DC27718F-5F38-43B0-9A78-270F395F13E8--INT_ASM_PRODUCTION/HG01192/assemblies/freeze_2/assembly_pipeline/ncbi_upload/HG01192.hap1_for_genbank.fa.gz,s3://human-pangenomics/submissions/DC27718F-5F38-43B0-9A78-270F395F13E8--INT_ASM_PRODUCTION/HG01192/assemblies/freeze_2/assembly_pipeline/ncbi_upload/HG01192.hap2_for_genbank.fa.gz
HG01261,1,trio,,s3://human-pangenomics/submissions/DC27718F-5F38-43B0-9A78-270F395F13E8--INT_ASM_PRODUCTION/HG01261/assemblies/freeze_2/assembly_pipeline/ncbi_upload/HG01261.hap1_for_genbank.fa.gz,s3://human-pangenomics/submissions/DC27718F-5F38-43B0-9A78-270F395F13E8--INT_ASM_PRODUCTION/HG01261/assemblies/freeze_2/assembly_pipeline/ncbi_upload/HG01261.hap2_for_genbank.fa.gz
HG02015,1,trio,,s3://human-pangenomics/submissions/DC27718F-5F38-43B0-9A78-270F395F13E8--INT_ASM_PRODUCTION/HG02015/assemblies/freeze_2/assembly_pipeline/ncbi_upload/HG02015.hap1_for_genbank.fa.gz,s3://human-pangenomics/submissions/DC27718F-5F38-43B0-9A78-270F395F13E8--INT_ASM_PRODUCTION/HG02015/assemblies/freeze_2/assembly_pipeline/ncbi_upload/HG02015.hap2_for_genbank.fa.gz
HG02056,1,trio,,s3://human-pangenomics/submissions/DC27718F-5F38-43B0-9A78-270F395F13E8--INT_ASM_PRODUCTION/HG02056/assemblies/freeze_2/assembly_pipeline/ncbi_upload/HG02056.hap1_for_genbank.fa.gz,s3://human-pangenomics/submissions/DC27718F-5F38-43B0-9A78-270F395F13E8--INT_ASM_PRODUCTION/HG02056/assemblies/freeze_2/assembly_pipeline/ncbi_upload/HG02056.hap2_for_genbank.fa.gz
HG02129,1,trio,,s3://human-pangenomics/submissions/DC27718F-5F38-43B0-9A78-270F395F13E8--INT_ASM_PRODUCTION/HG02129/assemblies/freeze_2/assembly_pipeline/ncbi_upload/HG02129.hap1_for_genbank.fa.gz,s3://human-pangenomics/submissions/DC27718F-5F38-43B0-9A78-270F395F13E8--INT_ASM_PRODUCTION/HG02129/assemblies/freeze_2/assembly_pipeline/ncbi_upload/HG02129.hap2_for_genbank.fa.gz
HG02258,1,trio,,s3://human-pangenomics/submissions/DC27718F-5F38-43B0-9A78-270F395F13E8--INT_ASM_PRODUCTION/HG02258/assemblies/freeze_2/assembly_pipeline/ncbi_upload/HG02258.hap1_for_genbank.fa.gz,s3://human-pangenomics/submissions/DC27718F-5F38-43B0-9A78-270F395F13E8--INT_ASM_PRODUCTION/HG02258/assemblies/freeze_2/assembly_pipeline/ncbi_upload/HG02258.hap2_for_genbank.fa.gz
HG03834,1,trio,,s3://human-pangenomics/submissions/DC27718F-5F38-43B0-9A78-270F395F13E8--INT_ASM_PRODUCTION/HG03834/assemblies/freeze_2/assembly_pipeline/ncbi_upload/HG03834.hap1_for_genbank.fa.gz,s3://human-pangenomics/submissions/DC27718F-5F38-43B0-9A78-270F395F13E8--INT_ASM_PRODUCTION/HG03834/assemblies/freeze_2/assembly_pipeline/ncbi_upload/HG03834.hap2_for_genbank.fa.gz
HG00597,1,trio,,s3://human-pangenomics/submissions/DC27718F-5F38-43B0-9A78-270F395F13E8--INT_ASM_PRODUCTION/HG00597/assemblies/freeze_2/assembly_pipeline/ncbi_upload/HG00597.hap1_for_genbank.fa.gz,s3://human-pangenomics/submissions/DC27718F-5F38-43B0-9A78-270F395F13E8--INT_ASM_PRODUCTION/HG00597/assemblies/freeze_2/assembly_pipeline/ncbi_upload/HG00597.hap2_for_genbank.fa.gz
HG02027,2,trio,,s3://human-pangenomics/submissions/DC27718F-5F38-43B0-9A78-270F395F13E8--INT_ASM_PRODUCTION/HG02027/assemblies/freeze_2/assembly_pipeline/ncbi_upload/HG02027.hap1_for_genbank.fa.gz,s3://human-pangenomics/submissions/DC27718F-5F38-43B0-9A78-270F395F13E8--INT_ASM_PRODUCTION/HG02027/assemblies/freeze_2/assembly_pipeline/ncbi_upload/HG02027.hap2_for_genbank.fa.gz
HG02083,2,trio,,s3://human-pangenomics/submissions/DC27718F-5F38-43B0-9A78-270F395F13E8--INT_ASM_PRODUCTION/HG02083/assemblies/freeze_2/assembly_pipeline/ncbi_upload/HG02083.hap1_for_genbank.fa.gz,s3://human-pangenomics/submissions/DC27718F-5F38-43B0-9A78-270F395F13E8--INT_ASM_PRODUCTION/HG02083/assemblies/freeze_2/assembly_pipeline/ncbi_upload/HG02083.hap2_for_genbank.fa.gz
HG02523,2,trio,,s3://human-pangenomics/submissions/DC27718F-5F38-43B0-9A78-270F395F13E8--INT_ASM_PRODUCTION/HG02523/assemblies/freeze_2/assembly_pipeline/ncbi_upload/HG02523.hap1_for_genbank.fa.gz,s3://human-pangenomics/submissions/DC27718F-5F38-43B0-9A78-270F395F13E8--INT_ASM_PRODUCTION/HG02523/assemblies/freeze_2/assembly_pipeline/ncbi_upload/HG02523.hap2_for_genbank.fa.gz
HG02132,2,trio,,s3://human-pangenomics/submissions/DC27718F-5F38-43B0-9A78-270F395F13E8--INT_ASM_PRODUCTION/HG02132/assemblies/freeze_2/assembly_pipeline/ncbi_upload/HG02132.hap1_for_genbank.fa.gz,s3://human-pangenomics/submissions/DC27718F-5F38-43B0-9A78-270F395F13E8--INT_ASM_PRODUCTION/HG02132/assemblies/freeze_2/assembly_pipeline/ncbi_upload/HG02132.hap2_for_genbank.fa.gz
HG03710,2,trio,,s3://human-pangenomics/submissions/DC27718F-5F38-43B0-9A78-270F395F13E8--INT_ASM_PRODUCTION/HG03710/assemblies/freeze_2/assembly_pipeline/ncbi_upload/HG03710.hap1_for_genbank.fa.gz,s3://human-pangenomics/submissions/DC27718F-5F38-43B0-9A78-270F395F13E8--INT_ASM_PRODUCTION/HG03710/assemblies/freeze_2/assembly_pipeline/ncbi_upload/HG03710.hap2_for_genbank.fa.gz
HG03654,2,trio,,s3://human-pangenomics/submissions/DC27718F-5F38-43B0-9A78-270F395F13E8--INT_ASM_PRODUCTION/HG03654/assemblies/freeze_2/assembly_pipeline/ncbi_upload/HG03654.hap1_for_genbank.fa.gz,s3://human-pangenomics/submissions/DC27718F-5F38-43B0-9A78-270F395F13E8--INT_ASM_PRODUCTION/HG03654/assemblies/freeze_2/assembly_pipeline/ncbi_upload/HG03654.hap2_for_genbank.fa.gz
HG02698,2,trio,,s3://human-pangenomics/submissions/DC27718F-5F38-43B0-9A78-270F395F13E8--INT_ASM_PRODUCTION/HG02698/assemblies/freeze_2/assembly_pipeline/ncbi_upload/HG02698.hap1_for_genbank.fa.gz,s3://human-pangenomics/submissions/DC27718F-5F38-43B0-9A78-270F395F13E8--INT_ASM_PRODUCTION/HG02698/assemblies/freeze_2/assembly_pipeline/ncbi_upload/HG02698.hap2_for_genbank.fa.gz
HG03688,2,trio,,s3://human-pangenomics/submissions/DC27718F-5F38-43B0-9A78-270F395F13E8--INT_ASM_PRODUCTION/HG03688/assemblies/freeze_2/assembly_pipeline/ncbi_upload/HG03688.hap1_for_genbank.fa.gz,s3://human-pangenomics/submissions/DC27718F-5F38-43B0-9A78-270F395F13E8--INT_ASM_PRODUCTION/HG03688/assemblies/freeze_2/assembly_pipeline/ncbi_upload/HG03688.hap2_for_genbank.fa.gz
HG04199,2,trio,,s3://human-pangenomics/submissions/DC27718F-5F38-43B0-9A78-270F395F13E8--INT_ASM_PRODUCTION/HG04199/assemblies/freeze_2/assembly_pipeline/ncbi_upload/HG04199.hap1_for_genbank.fa.gz,s3://human-pangenomics/submissions/DC27718F-5F38-43B0-9A78-270F395F13E8--INT_ASM_PRODUCTION/HG04199/assemblies/freeze_2/assembly_pipeline/ncbi_upload/HG04199.hap2_for_genbank.fa.gz
HG04115,2,trio,,s3://human-pangenomics/submissions/DC27718F-5F38-43B0-9A78-270F395F13E8--INT_ASM_PRODUCTION/HG04115/assemblies/freeze_2/assembly_pipeline/ncbi_upload/HG04115.hap1_for_genbank.fa.gz,s3://human-pangenomics/submissions/DC27718F-5F38-43B0-9A78-270F395F13E8--INT_ASM_PRODUCTION/HG04115/assemblies/freeze_2/assembly_pipeline/ncbi_upload/HG04115.hap2_for_genbank.fa.gz
HG03669,2,trio,,s3://human-pangenomics/submissions/DC27718F-5F38-43B0-9A78-270F395F13E8--INT_ASM_PRODUCTION/HG03669/assemblies/freeze_2/assembly_pipeline/ncbi_upload/HG03669.hap1_for_genbank.fa.gz,s3://human-pangenomics/submissions/DC27718F-5F38-43B0-9A78-270F395F13E8--INT_ASM_PRODUCTION/HG03669/assemblies/freeze_2/assembly_pipeline/ncbi_upload/HG03669.hap2_for_genbank.fa.gz
HG01255,2,trio,,s3://human-pangenomics/submissions/DC27718F-5F38-43B0-9A78-270F395F13E8--INT_ASM_PRODUCTION/HG01255/assemblies/freeze_2/assembly_pipeline/ncbi_upload/HG01255.hap1_for_genbank.fa.gz,s3://human-pangenomics/submissions/DC27718F-5F38-43B0-9A78-270F395F13E8--INT_ASM_PRODUCTION/HG01255/assemblies/freeze_2/assembly_pipeline/ncbi_upload/HG01255.hap2_for_genbank.fa.gz
HG02615,2,trio,,s3://human-pangenomics/submissions/DC27718F-5F38-43B0-9A78-270F395F13E8--INT_ASM_PRODUCTION/HG02615/assemblies/freeze_2/assembly_pipeline/ncbi_upload/HG02615.hap1_for_genbank.fa.gz,s3://human-pangenomics/submissions/DC27718F-5F38-43B0-9A78-270F395F13E8--INT_ASM_PRODUCTION/HG02615/assemblies/freeze_2/assembly_pipeline/ncbi_upload/HG02615.hap2_for_genbank.fa.gz
HG00738,2,trio,,s3://human-pangenomics/submissions/DC27718F-5F38-43B0-9A78-270F395F13E8--INT_ASM_PRODUCTION/HG00738/assemblies/freeze_2/assembly_pipeline/ncbi_upload/HG00738.hap1_for_genbank.fa.gz,s3://human-pangenomics/submissions/DC27718F-5F38-43B0-9A78-270F395F13E8--INT_ASM_PRODUCTION/HG00738/assemblies/freeze_2/assembly_pipeline/ncbi_upload/HG00738.hap2_for_genbank.fa.gz
HG03927,2,trio,,s3://human-pangenomics/submissions/DC27718F-5F38-43B0-9A78-270F395F13E8--INT_ASM_PRODUCTION/HG03927/assemblies/freeze_2/assembly_pipeline/ncbi_upload/HG03927.hap1_for_genbank.fa.gz,s3://human-pangenomics/submissions/DC27718F-5F38-43B0-9A78-270F395F13E8--INT_ASM_PRODUCTION/HG03927/assemblies/freeze_2/assembly_pipeline/ncbi_upload/HG03927.hap2_for_genbank.fa.gz
HG00642,2,trio,,s3://human-pangenomics/submissions/DC27718F-5F38-43B0-9A78-270F395F13E8--INT_ASM_PRODUCTION/HG00642/assemblies/freeze_2/assembly_pipeline/ncbi_upload/HG00642.hap1_for_genbank.fa.gz,s3://human-pangenomics/submissions/DC27718F-5F38-43B0-9A78-270F395F13E8--INT_ASM_PRODUCTION/HG00642/assemblies/freeze_2/assembly_pipeline/ncbi_upload/HG00642.hap2_for_genbank.fa.gz
HG01346,2,trio,,s3://human-pangenomics/submissions/DC27718F-5F38-43B0-9A78-270F395F13E8--INT_ASM_PRODUCTION/HG01346/assemblies/freeze_2/assembly_pipeline/ncbi_upload/HG01346.hap1_for_genbank.fa.gz,s3://human-pangenomics/submissions/DC27718F-5F38-43B0-9A78-270F395F13E8--INT_ASM_PRODUCTION/HG01346/assemblies/freeze_2/assembly_pipeline/ncbi_upload/HG01346.hap2_for_genbank.fa.gz
HG02647,2,trio,,s3://human-pangenomics/submissions/DC27718F-5F38-43B0-9A78-270F395F13E8--INT_ASM_PRODUCTION/HG02647/assemblies/freeze_2/assembly_pipeline/ncbi_upload/HG02647.hap1_for_genbank.fa.gz,s3://human-pangenomics/submissions/DC27718F-5F38-43B0-9A78-270F395F13E8--INT_ASM_PRODUCTION/HG02647/assemblies/freeze_2/assembly_pipeline/ncbi_upload/HG02647.hap2_for_genbank.fa.gz
HG03831,2,trio,,s3://human-pangenomics/submissions/DC27718F-5F38-43B0-9A78-270F395F13E8--INT_ASM_PRODUCTION/HG03831/assemblies/freeze_2/assembly_pipeline/ncbi_upload/HG03831.hap1_for_genbank.fa.gz,s3://human-pangenomics/submissions/DC27718F-5F38-43B0-9A78-270F395F13E8--INT_ASM_PRODUCTION/HG03831/assemblies/freeze_2/assembly_pipeline/ncbi_upload/HG03831.hap2_for_genbank.fa.gz
HG01993,2,trio,,s3://human-pangenomics/submissions/DC27718F-5F38-43B0-9A78-270F395F13E8--INT_ASM_PRODUCTION/HG01993/assemblies/freeze_2/assembly_pipeline/ncbi_upload/HG01993.hap1_for_genbank.fa.gz,s3://human-pangenomics/submissions/DC27718F-5F38-43B0-9A78-270F395F13E8--INT_ASM_PRODUCTION/HG01993/assemblies/freeze_2/assembly_pipeline/ncbi_upload/HG01993.hap2_for_genbank.fa.gz
HG01433,2,trio,,s3://human-pangenomics/submissions/DC27718F-5F38-43B0-9A78-270F395F13E8--INT_ASM_PRODUCTION/HG01433/assemblies/freeze_2/assembly_pipeline/ncbi_upload/HG01433.hap1_for_genbank.fa.gz,s3://human-pangenomics/submissions/DC27718F-5F38-43B0-9A78-270F395F13E8--INT_ASM_PRODUCTION/HG01433/assemblies/freeze_2/assembly_pipeline/ncbi_upload/HG01433.hap2_for_genbank.fa.gz
HG04184,2,trio,,s3://human-pangenomics/submissions/DC27718F-5F38-43B0-9A78-270F395F13E8--INT_ASM_PRODUCTION/HG04184/assemblies/freeze_2/assembly_pipeline/ncbi_upload/HG04184.hap1_for_genbank.fa.gz,s3://human-pangenomics/submissions/DC27718F-5F38-43B0-9A78-270F395F13E8--INT_ASM_PRODUCTION/HG04184/assemblies/freeze_2/assembly_pipeline/ncbi_upload/HG04184.hap2_for_genbank.fa.gz
HG02683,2,trio,RAD51 mutation,s3://human-pangenomics/submissions/DC27718F-5F38-43B0-9A78-270F395F13E8--INT_ASM_PRODUCTION/HG02683/assemblies/freeze_2/assembly_pipeline/ncbi_upload/HG02683.hap1_for_genbank.fa.gz,s3://human-pangenomics/submissions/DC27718F-5F38-43B0-9A78-270F395F13E8--INT_ASM_PRODUCTION/HG02683/assemblies/freeze_2/assembly_pipeline/ncbi_upload/HG02683.hap2_for_genbank.fa.gz
HG02300,2,trio,,s3://human-pangenomics/submissions/DC27718F-5F38-43B0-9A78-270F395F13E8--INT_ASM_PRODUCTION/HG02300/assemblies/freeze_2/assembly_pipeline/ncbi_upload/HG02300.hap1_for_genbank.fa.gz,s3://human-pangenomics/submissions/DC27718F-5F38-43B0-9A78-270F395F13E8--INT_ASM_PRODUCTION/HG02300/assemblies/freeze_2/assembly_pipeline/ncbi_upload/HG02300.hap2_for_genbank.fa.gz
HG02738,2,trio,potential EBV contamination in HG02738#2#h2tg000012l,s3://human-pangenomics/submissions/DC27718F-5F38-43B0-9A78-270F395F13E8--INT_ASM_PRODUCTION/HG02738/assemblies/freeze_2/assembly_pipeline/ncbi_upload/HG02738.hap1_for_genbank.fa.gz,s3://human-pangenomics/submissions/DC27718F-5F38-43B0-9A78-270F395F13E8--INT_ASM_PRODUCTION/HG02738/assemblies/freeze_2/assembly_pipeline/ncbi_upload/HG02738.hap2_for_genbank.fa.gz
HG01884,2,trio,,s3://human-pangenomics/submissions/DC27718F-5F38-43B0-9A78-270F395F13E8--INT_ASM_PRODUCTION/HG01884/assemblies/freeze_2/assembly_pipeline/ncbi_upload/HG01884.hap1_for_genbank.fa.gz,s3://human-pangenomics/submissions/DC27718F-5F38-43B0-9A78-270F395F13E8--INT_ASM_PRODUCTION/HG01884/assemblies/freeze_2/assembly_pipeline/ncbi_upload/HG01884.hap2_for_genbank.fa.gz
HG01496,2,trio,,s3://human-pangenomics/submissions/DC27718F-5F38-43B0-9A78-270F395F13E8--INT_ASM_PRODUCTION/HG01496/assemblies/freeze_2/assembly_pipeline/ncbi_upload/HG01496.hap1_for_genbank.fa.gz,s3://human-pangenomics/submissions/DC27718F-5F38-43B0-9A78-270F395F13E8--INT_ASM_PRODUCTION/HG01496/assemblies/freeze_2/assembly_pipeline/ncbi_upload/HG01496.hap2_for_genbank.fa.gz
HG00609,2,trio,,s3://human-pangenomics/submissions/DC27718F-5F38-43B0-9A78-270F395F13E8--INT_ASM_PRODUCTION/HG00609/assemblies/freeze_2/assembly_pipeline/ncbi_upload/HG00609.hap1_for_genbank.fa.gz,s3://human-pangenomics/submissions/DC27718F-5F38-43B0-9A78-270F395F13E8--INT_ASM_PRODUCTION/HG00609/assemblies/freeze_2/assembly_pipeline/ncbi_upload/HG00609.hap2_for_genbank.fa.gz
HG01981,2,trio,,s3://human-pangenomics/submissions/DC27718F-5F38-43B0-9A78-270F395F13E8--INT_ASM_PRODUCTION/HG01981/assemblies/freeze_2/assembly_pipeline/ncbi_upload/HG01981.hap1_for_genbank.fa.gz,s3://human-pangenomics/submissions/DC27718F-5F38-43B0-9A78-270F395F13E8--INT_ASM_PRODUCTION/HG01981/assemblies/freeze_2/assembly_pipeline/ncbi_upload/HG01981.hap2_for_genbank.fa.gz
HG02004,2,trio,,s3://human-pangenomics/submissions/DC27718F-5F38-43B0-9A78-270F395F13E8--INT_ASM_PRODUCTION/HG02004/assemblies/freeze_2/assembly_pipeline/ncbi_upload/HG02004.hap1_for_genbank.fa.gz,s3://human-pangenomics/submissions/DC27718F-5F38-43B0-9A78-270F395F13E8--INT_ASM_PRODUCTION/HG02004/assemblies/freeze_2/assembly_pipeline/ncbi_upload/HG02004.hap2_for_genbank.fa.gz
HG02280,2,trio,,s3://human-pangenomics/submissions/DC27718F-5F38-43B0-9A78-270F395F13E8--INT_ASM_PRODUCTION/HG02280/assemblies/freeze_2/assembly_pipeline/ncbi_upload/HG02280.hap1_for_genbank.fa.gz,s3://human-pangenomics/submissions/DC27718F-5F38-43B0-9A78-270F395F13E8--INT_ASM_PRODUCTION/HG02280/assemblies/freeze_2/assembly_pipeline/ncbi_upload/HG02280.hap2_for_genbank.fa.gz
HG01099,2,trio,,s3://human-pangenomics/submissions/DC27718F-5F38-43B0-9A78-270F395F13E8--INT_ASM_PRODUCTION/HG01099/assemblies/freeze_2/assembly_pipeline/ncbi_upload/HG01099.hap1_for_genbank.fa.gz,s3://human-pangenomics/submissions/DC27718F-5F38-43B0-9A78-270F395F13E8--INT_ASM_PRODUCTION/HG01099/assemblies/freeze_2/assembly_pipeline/ncbi_upload/HG01099.hap2_for_genbank.fa.gz
HG02293,2,trio,,s3://human-pangenomics/submissions/DC27718F-5F38-43B0-9A78-270F395F13E8--INT_ASM_PRODUCTION/HG02293/assemblies/freeze_2/assembly_pipeline/ncbi_upload/HG02293.hap1_for_genbank.fa.gz,s3://human-pangenomics/submissions/DC27718F-5F38-43B0-9A78-270F395F13E8--INT_ASM_PRODUCTION/HG02293/assemblies/freeze_2/assembly_pipeline/ncbi_upload/HG02293.hap2_for_genbank.fa.gz
HG03704,2,trio,,s3://human-pangenomics/submissions/DC27718F-5F38-43B0-9A78-270F395F13E8--INT_ASM_PRODUCTION/HG03704/assemblies/freeze_2/assembly_pipeline/ncbi_upload/HG03704.hap1_for_genbank.fa.gz,s3://human-pangenomics/submissions/DC27718F-5F38-43B0-9A78-270F395F13E8--INT_ASM_PRODUCTION/HG03704/assemblies/freeze_2/assembly_pipeline/ncbi_upload/HG03704.hap2_for_genbank.fa.gz
HG02451,2,trio,,s3://human-pangenomics/submissions/DC27718F-5F38-43B0-9A78-270F395F13E8--INT_ASM_PRODUCTION/HG02451/assemblies/freeze_2/assembly_pipeline/ncbi_upload/HG02451.hap1_for_genbank.fa.gz,s3://human-pangenomics/submissions/DC27718F-5F38-43B0-9A78-270F395F13E8--INT_ASM_PRODUCTION/HG02451/assemblies/freeze_2/assembly_pipeline/ncbi_upload/HG02451.hap2_for_genbank.fa.gz
HG02559,3,trio,,s3://human-pangenomics/submissions/DC27718F-5F38-43B0-9A78-270F395F13E8--INT_ASM_PRODUCTION/HG02559/assemblies/freeze_2/assembly_pipeline/ncbi_upload/HG02559.hap1_for_genbank.fa.gz,s3://human-pangenomics/submissions/DC27718F-5F38-43B0-9A78-270F395F13E8--INT_ASM_PRODUCTION/HG02559/assemblies/freeze_2/assembly_pipeline/ncbi_upload/HG02559.hap2_for_genbank.fa.gz
HG02486,3,trio,,s3://human-pangenomics/submissions/DC27718F-5F38-43B0-9A78-270F395F13E8--INT_ASM_PRODUCTION/HG02486/assemblies/freeze_2/assembly_pipeline/ncbi_upload/HG02486.hap1_for_genbank.fa.gz,s3://human-pangenomics/submissions/DC27718F-5F38-43B0-9A78-270F395F13E8--INT_ASM_PRODUCTION/HG02486/assemblies/freeze_2/assembly_pipeline/ncbi_upload/HG02486.hap2_for_genbank.fa.gz
HG01891,3,trio,,s3://human-pangenomics/submissions/DC27718F-5F38-43B0-9A78-270F395F13E8--INT_ASM_PRODUCTION/HG01891/assemblies/freeze_2/assembly_pipeline/ncbi_upload/HG01891.hap1_for_genbank.fa.gz,s3://human-pangenomics/submissions/DC27718F-5F38-43B0-9A78-270F395F13E8--INT_ASM_PRODUCTION/HG01891/assemblies/freeze_2/assembly_pipeline/ncbi_upload/HG01891.hap2_for_genbank.fa.gz
HG02572,3,trio,,s3://human-pangenomics/submissions/DC27718F-5F38-43B0-9A78-270F395F13E8--INT_ASM_PRODUCTION/HG02572/assemblies/freeze_2/assembly_pipeline/ncbi_upload/HG02572.hap1_for_genbank.fa.gz,s3://human-pangenomics/submissions/DC27718F-5F38-43B0-9A78-270F395F13E8--INT_ASM_PRODUCTION/HG02572/assemblies/freeze_2/assembly_pipeline/ncbi_upload/HG02572.hap2_for_genbank.fa.gz
HG01258,3,trio,,s3://human-pangenomics/submissions/DC27718F-5F38-43B0-9A78-270F395F13E8--INT_ASM_PRODUCTION/HG01258/assemblies/freeze_2/assembly_pipeline/ncbi_upload/HG01258.hap1_for_genbank.fa.gz,s3://human-pangenomics/submissions/DC27718F-5F38-43B0-9A78-270F395F13E8--INT_ASM_PRODUCTION/HG01258/assemblies/freeze_2/assembly_pipeline/ncbi_upload/HG01258.hap2_for_genbank.fa.gz
HG02886,3,trio,,s3://human-pangenomics/submissions/DC27718F-5F38-43B0-9A78-270F395F13E8--INT_ASM_PRODUCTION/HG02886/assemblies/freeze_2/assembly_pipeline/ncbi_upload/HG02886.hap1_for_genbank.fa.gz,s3://human-pangenomics/submissions/DC27718F-5F38-43B0-9A78-270F395F13E8--INT_ASM_PRODUCTION/HG02886/assemblies/freeze_2/assembly_pipeline/ncbi_upload/HG02886.hap2_for_genbank.fa.gz
HG02630,3,trio,,s3://human-pangenomics/submissions/DC27718F-5F38-43B0-9A78-270F395F13E8--INT_ASM_PRODUCTION/HG02630/assemblies/freeze_2/assembly_pipeline/ncbi_upload/HG02630.hap1_for_genbank.fa.gz,s3://human-pangenomics/submissions/DC27718F-5F38-43B0-9A78-270F395F13E8--INT_ASM_PRODUCTION/HG02630/assemblies/freeze_2/assembly_pipeline/ncbi_upload/HG02630.hap2_for_genbank.fa.gz
HG02622,3,trio,,s3://human-pangenomics/submissions/DC27718F-5F38-43B0-9A78-270F395F13E8--INT_ASM_PRODUCTION/HG02622/assemblies/freeze_2/assembly_pipeline/ncbi_upload/HG02622.hap1_for_genbank.fa.gz,s3://human-pangenomics/submissions/DC27718F-5F38-43B0-9A78-270F395F13E8--INT_ASM_PRODUCTION/HG02622/assemblies/freeze_2/assembly_pipeline/ncbi_upload/HG02622.hap2_for_genbank.fa.gz
HG03540,3,trio,,s3://human-pangenomics/submissions/DC27718F-5F38-43B0-9A78-270F395F13E8--INT_ASM_PRODUCTION/HG03540/assemblies/freeze_2/assembly_pipeline/ncbi_upload/HG03540.hap1_for_genbank.fa.gz,s3://human-pangenomics/submissions/DC27718F-5F38-43B0-9A78-270F395F13E8--INT_ASM_PRODUCTION/HG03540/assemblies/freeze_2/assembly_pipeline/ncbi_upload/HG03540.hap2_for_genbank.fa.gz
HG03453,3,trio,,s3://human-pangenomics/submissions/DC27718F-5F38-43B0-9A78-270F395F13E8--INT_ASM_PRODUCTION/HG03453/assemblies/freeze_2/assembly_pipeline/ncbi_upload/HG03453.hap1_for_genbank.fa.gz,s3://human-pangenomics/submissions/DC27718F-5F38-43B0-9A78-270F395F13E8--INT_ASM_PRODUCTION/HG03453/assemblies/freeze_2/assembly_pipeline/ncbi_upload/HG03453.hap2_for_genbank.fa.gz
HG02148,3,trio,,s3://human-pangenomics/submissions/DC27718F-5F38-43B0-9A78-270F395F13E8--INT_ASM_PRODUCTION/HG02148/assemblies/freeze_2/assembly_pipeline/ncbi_upload/HG02148.hap1_for_genbank.fa.gz,s3://human-pangenomics/submissions/DC27718F-5F38-43B0-9A78-270F395F13E8--INT_ASM_PRODUCTION/HG02148/assemblies/freeze_2/assembly_pipeline/ncbi_upload/HG02148.hap2_for_genbank.fa.gz
HG01952,3,trio,,s3://human-pangenomics/submissions/DC27718F-5F38-43B0-9A78-270F395F13E8--INT_ASM_PRODUCTION/HG01952/assemblies/freeze_2/assembly_pipeline/ncbi_upload/HG01952.hap1_for_genbank.fa.gz,s3://human-pangenomics/submissions/DC27718F-5F38-43B0-9A78-270F395F13E8--INT_ASM_PRODUCTION/HG01952/assemblies/freeze_2/assembly_pipeline/ncbi_upload/HG01952.hap2_for_genbank.fa.gz
HG01106,3,trio,,s3://human-pangenomics/submissions/DC27718F-5F38-43B0-9A78-270F395F13E8--INT_ASM_PRODUCTION/HG01106/assemblies/freeze_2/assembly_pipeline/ncbi_upload/HG01106.hap1_for_genbank.fa.gz,s3://human-pangenomics/submissions/DC27718F-5F38-43B0-9A78-270F395F13E8--INT_ASM_PRODUCTION/HG01106/assemblies/freeze_2/assembly_pipeline/ncbi_upload/HG01106.hap2_for_genbank.fa.gz
HG01175,3,trio,,s3://human-pangenomics/submissions/DC27718F-5F38-43B0-9A78-270F395F13E8--INT_ASM_PRODUCTION/HG01175/assemblies/freeze_2/assembly_pipeline/ncbi_upload/HG01175.hap1_for_genbank.fa.gz,s3://human-pangenomics/submissions/DC27718F-5F38-43B0-9A78-270F395F13E8--INT_ASM_PRODUCTION/HG01175/assemblies/freeze_2/assembly_pipeline/ncbi_upload/HG01175.hap2_for_genbank.fa.gz
HG00741,3,trio,,s3://human-pangenomics/submissions/DC27718F-5F38-43B0-9A78-270F395F13E8--INT_ASM_PRODUCTION/HG00741/assemblies/freeze_2/assembly_pipeline/ncbi_upload/HG00741.hap1_for_genbank.fa.gz,s3://human-pangenomics/submissions/DC27718F-5F38-43B0-9A78-270F395F13E8--INT_ASM_PRODUCTION/HG00741/assemblies/freeze_2/assembly_pipeline/ncbi_upload/HG00741.hap2_for_genbank.fa.gz
HG00735,3,trio,,s3://human-pangenomics/submissions/DC27718F-5F38-43B0-9A78-270F395F13E8--INT_ASM_PRODUCTION/HG00735/assemblies/freeze_2/assembly_pipeline/ncbi_upload/HG00735.hap1_for_genbank.fa.gz,s3://human-pangenomics/submissions/DC27718F-5F38-43B0-9A78-270F395F13E8--INT_ASM_PRODUCTION/HG00735/assemblies/freeze_2/assembly_pipeline/ncbi_upload/HG00735.hap2_for_genbank.fa.gz
HG00621,3,trio,,s3://human-pangenomics/submissions/DC27718F-5F38-43B0-9A78-270F395F13E8--INT_ASM_PRODUCTION/HG00621/assemblies/freeze_2/assembly_pipeline/ncbi_upload/HG00621.hap1_for_genbank.fa.gz,s3://human-pangenomics/submissions/DC27718F-5F38-43B0-9A78-270F395F13E8--INT_ASM_PRODUCTION/HG00621/assemblies/freeze_2/assembly_pipeline/ncbi_upload/HG00621.hap2_for_genbank.fa.gz
NA20905,4,hi-c,,s3://human-pangenomics/submissions/DC27718F-5F38-43B0-9A78-270F395F13E8--INT_ASM_PRODUCTION/NA20905/assemblies/freeze_2/assembly_pipeline/ncbi_upload/NA20905.hap1_for_genbank.fa.gz,s3://human-pangenomics/submissions/DC27718F-5F38-43B0-9A78-270F395F13E8--INT_ASM_PRODUCTION/NA20905/assemblies/freeze_2/assembly_pipeline/ncbi_upload/NA20905.hap2_for_genbank.fa.gz
HG02165,4,hi-c,,s3://human-pangenomics/submissions/DC27718F-5F38-43B0-9A78-270F395F13E8--INT_ASM_PRODUCTION/HG02165/assemblies/freeze_2/assembly_pipeline/ncbi_upload/HG02165.hap1_for_genbank.fa.gz,s3://human-pangenomics/submissions/DC27718F-5F38-43B0-9A78-270F395F13E8--INT_ASM_PRODUCTION/HG02165/assemblies/freeze_2/assembly_pipeline/ncbi_upload/HG02165.hap2_for_genbank.fa.gz
NA18983,4,hi-c,,s3://human-pangenomics/submissions/DC27718F-5F38-43B0-9A78-270F395F13E8--INT_ASM_PRODUCTION/NA18983/assemblies/freeze_2/assembly_pipeline/ncbi_upload/NA18983.hap1_for_genbank.fa.gz,s3://human-pangenomics/submissions/DC27718F-5F38-43B0-9A78-270F395F13E8--INT_ASM_PRODUCTION/NA18983/assemblies/freeze_2/assembly_pipeline/ncbi_upload/NA18983.hap2_for_genbank.fa.gz
HG02040,4,hi-c,,s3://human-pangenomics/submissions/DC27718F-5F38-43B0-9A78-270F395F13E8--INT_ASM_PRODUCTION/HG02040/assemblies/freeze_2/assembly_pipeline/ncbi_upload/HG02040.hap1_for_genbank.fa.gz,s3://human-pangenomics/submissions/DC27718F-5F38-43B0-9A78-270F395F13E8--INT_ASM_PRODUCTION/HG02040/assemblies/freeze_2/assembly_pipeline/ncbi_upload/HG02040.hap2_for_genbank.fa.gz
HG02965,4,hi-c,,s3://human-pangenomics/submissions/DC27718F-5F38-43B0-9A78-270F395F13E8--INT_ASM_PRODUCTION/HG02965/assemblies/freeze_2/assembly_pipeline/ncbi_upload/HG02965.hap1_for_genbank.fa.gz,s3://human-pangenomics/submissions/DC27718F-5F38-43B0-9A78-270F395F13E8--INT_ASM_PRODUCTION/HG02965/assemblies/freeze_2/assembly_pipeline/ncbi_upload/HG02965.hap2_for_genbank.fa.gz
HG00099,4,hi-c,,s3://human-pangenomics/submissions/DC27718F-5F38-43B0-9A78-270F395F13E8--INT_ASM_PRODUCTION/HG00099/assemblies/freeze_2/assembly_pipeline/ncbi_upload/HG00099.hap1_for_genbank.fa.gz,s3://human-pangenomics/submissions/DC27718F-5F38-43B0-9A78-270F395F13E8--INT_ASM_PRODUCTION/HG00099/assemblies/freeze_2/assembly_pipeline/ncbi_upload/HG00099.hap2_for_genbank.fa.gz
NA20805,4,hi-c,,s3://human-pangenomics/submissions/DC27718F-5F38-43B0-9A78-270F395F13E8--INT_ASM_PRODUCTION/NA20805/assemblies/freeze_2/assembly_pipeline/ncbi_upload/NA20805.hap1_for_genbank.fa.gz,s3://human-pangenomics/submissions/DC27718F-5F38-43B0-9A78-270F395F13E8--INT_ASM_PRODUCTION/NA20805/assemblies/freeze_2/assembly_pipeline/ncbi_upload/NA20805.hap2_for_genbank_fixed.fa.gz
HG00323,4,hi-c,,s3://human-pangenomics/submissions/DC27718F-5F38-43B0-9A78-270F395F13E8--INT_ASM_PRODUCTION/HG00323/assemblies/freeze_2/assembly_pipeline/ncbi_upload/HG00323.hap1_for_genbank.fa.gz,s3://human-pangenomics/submissions/DC27718F-5F38-43B0-9A78-270F395F13E8--INT_ASM_PRODUCTION/HG00323/assemblies/freeze_2/assembly_pipeline/ncbi_upload/HG00323.hap2_for_genbank.fa.gz
NA18971,4,hi-c,,s3://human-pangenomics/submissions/DC27718F-5F38-43B0-9A78-270F395F13E8--INT_ASM_PRODUCTION/NA18971/assemblies/freeze_2/assembly_pipeline/ncbi_upload/NA18971.hap1_for_genbank.fa.gz,s3://human-pangenomics/submissions/DC27718F-5F38-43B0-9A78-270F395F13E8--INT_ASM_PRODUCTION/NA18971/assemblies/freeze_2/assembly_pipeline/ncbi_upload/NA18971.hap2_for_genbank.fa.gz
HG02155,4,hi-c,,s3://human-pangenomics/submissions/DC27718F-5F38-43B0-9A78-270F395F13E8--INT_ASM_PRODUCTION/HG02155/assemblies/freeze_2/assembly_pipeline/ncbi_upload/HG02155.hap1_for_genbank.fa.gz,s3://human-pangenomics/submissions/DC27718F-5F38-43B0-9A78-270F395F13E8--INT_ASM_PRODUCTION/HG02155/assemblies/freeze_2/assembly_pipeline/ncbi_upload/HG02155.hap2_for_genbank.fa.gz
HG03139,4,hi-c,,s3://human-pangenomics/submissions/DC27718F-5F38-43B0-9A78-270F395F13E8--INT_ASM_PRODUCTION/HG03139/assemblies/freeze_2/assembly_pipeline/ncbi_upload/HG03139.hap1_for_genbank_fixed.fa.gz,s3://human-pangenomics/submissions/DC27718F-5F38-43B0-9A78-270F395F13E8--INT_ASM_PRODUCTION/HG03139/assemblies/freeze_2/assembly_pipeline/ncbi_upload/HG03139.hap2_for_genbank.fa.gz
HG03130,4,hi-c,,s3://human-pangenomics/submissions/DC27718F-5F38-43B0-9A78-270F395F13E8--INT_ASM_PRODUCTION/HG03130/assemblies/freeze_2/assembly_pipeline/ncbi_upload/HG03130.hap1_for_genbank.fa.gz,s3://human-pangenomics/submissions/DC27718F-5F38-43B0-9A78-270F395F13E8--INT_ASM_PRODUCTION/HG03130/assemblies/freeze_2/assembly_pipeline/ncbi_upload/HG03130.hap2_for_genbank.fa.gz
HG03209,4,hi-c,,s3://human-pangenomics/submissions/DC27718F-5F38-43B0-9A78-270F395F13E8--INT_ASM_PRODUCTION/HG03209/assemblies/freeze_2/assembly_pipeline/ncbi_upload/HG03209.hap1_for_genbank.fa.gz,s3://human-pangenomics/submissions/DC27718F-5F38-43B0-9A78-270F395F13E8--INT_ASM_PRODUCTION/HG03209/assemblies/freeze_2/assembly_pipeline/ncbi_upload/HG03209.hap2_for_genbank.fa.gz
NA18747,4,hi-c,,s3://human-pangenomics/submissions/DC27718F-5F38-43B0-9A78-270F395F13E8--INT_ASM_PRODUCTION/NA18747/assemblies/freeze_2/assembly_pipeline/ncbi_upload/NA18747.hap1_for_genbank.fa.gz,s3://human-pangenomics/submissions/DC27718F-5F38-43B0-9A78-270F395F13E8--INT_ASM_PRODUCTION/NA18747/assemblies/freeze_2/assembly_pipeline/ncbi_upload/NA18747.hap2_for_genbank.fa.gz
NA18522,4,hi-c,,s3://human-pangenomics/submissions/DC27718F-5F38-43B0-9A78-270F395F13E8--INT_ASM_PRODUCTION/NA18522/assemblies/freeze_2/assembly_pipeline/ncbi_upload/NA18522.hap1_for_genbank.fa.gz,s3://human-pangenomics/submissions/DC27718F-5F38-43B0-9A78-270F395F13E8--INT_ASM_PRODUCTION/NA18522/assemblies/freeze_2/assembly_pipeline/ncbi_upload/NA18522.hap2_for_genbank.fa.gz
HG00280,4,hi-c,,s3://human-pangenomics/submissions/DC27718F-5F38-43B0-9A78-270F395F13E8--INT_ASM_PRODUCTION/HG00280/assemblies/freeze_2/assembly_pipeline/ncbi_upload/HG00280.hap1_for_genbank.fa.gz,s3://human-pangenomics/submissions/DC27718F-5F38-43B0-9A78-270F395F13E8--INT_ASM_PRODUCTION/HG00280/assemblies/freeze_2/assembly_pipeline/ncbi_upload/HG00280.hap2_for_genbank.fa.gz
HG00140,4,hi-c,,s3://human-pangenomics/submissions/DC27718F-5F38-43B0-9A78-270F395F13E8--INT_ASM_PRODUCTION/HG00140/assemblies/freeze_2/assembly_pipeline/ncbi_upload/HG00140.hap1_for_genbank.fa.gz,s3://human-pangenomics/submissions/DC27718F-5F38-43B0-9A78-270F395F13E8--INT_ASM_PRODUCTION/HG00140/assemblies/freeze_2/assembly_pipeline/ncbi_upload/HG00140.hap2_for_genbank.fa.gz
HG02976,4,hi-c,,s3://human-pangenomics/submissions/DC27718F-5F38-43B0-9A78-270F395F13E8--INT_ASM_PRODUCTION/HG02976/assemblies/freeze_2/assembly_pipeline/ncbi_upload/HG02976.hap1_for_genbank.fa.gz,s3://human-pangenomics/submissions/DC27718F-5F38-43B0-9A78-270F395F13E8--INT_ASM_PRODUCTION/HG02976/assemblies/freeze_2/assembly_pipeline/ncbi_upload/HG02976.hap2_for_genbank.fa.gz
HG03195,4,hi-c,,s3://human-pangenomics/submissions/DC27718F-5F38-43B0-9A78-270F395F13E8--INT_ASM_PRODUCTION/HG03195/assemblies/freeze_2/assembly_pipeline/ncbi_upload/HG03195.hap1_for_genbank.fa.gz,s3://human-pangenomics/submissions/DC27718F-5F38-43B0-9A78-270F395F13E8--INT_ASM_PRODUCTION/HG03195/assemblies/freeze_2/assembly_pipeline/ncbi_upload/HG03195.hap2_for_genbank.fa.gz
NA19043,4,hi-c,,s3://human-pangenomics/submissions/DC27718F-5F38-43B0-9A78-270F395F13E8--INT_ASM_PRODUCTION/NA19043/assemblies/freeze_2/assembly_pipeline/ncbi_upload/NA19043.hap1_for_genbank.fa.gz,s3://human-pangenomics/submissions/DC27718F-5F38-43B0-9A78-270F395F13E8--INT_ASM_PRODUCTION/NA19043/assemblies/freeze_2/assembly_pipeline/ncbi_upload/NA19043.hap2_for_genbank.fa.gz
HG02273,4,hi-c,,s3://human-pangenomics/submissions/DC27718F-5F38-43B0-9A78-270F395F13E8--INT_ASM_PRODUCTION/HG02273/assemblies/freeze_2/assembly_pipeline/ncbi_upload/HG02273.hap1_for_genbank.fa.gz,s3://human-pangenomics/submissions/DC27718F-5F38-43B0-9A78-270F395F13E8--INT_ASM_PRODUCTION/HG02273/assemblies/freeze_2/assembly_pipeline/ncbi_upload/HG02273.hap2_for_genbank.fa.gz
HG02922,4,hi-c,,s3://human-pangenomics/submissions/DC27718F-5F38-43B0-9A78-270F395F13E8--INT_ASM_PRODUCTION/HG02922/assemblies/freeze_2/assembly_pipeline/ncbi_upload/HG02922.hap1_for_genbank.fa.gz,s3://human-pangenomics/submissions/DC27718F-5F38-43B0-9A78-270F395F13E8--INT_ASM_PRODUCTION/HG02922/assemblies/freeze_2/assembly_pipeline/ncbi_upload/HG02922.hap2_for_genbank.fa.gz
NA19468,5,hi-c,,s3://human-pangenomics/submissions/DC27718F-5F38-43B0-9A78-270F395F13E8--INT_ASM_PRODUCTION/NA19468/assemblies/freeze_2/assembly_pipeline/ncbi_upload/NA19468.hap1_for_genbank.fa.gz,s3://human-pangenomics/submissions/DC27718F-5F38-43B0-9A78-270F395F13E8--INT_ASM_PRODUCTION/NA19468/assemblies/freeze_2/assembly_pipeline/ncbi_upload/NA19468.hap2_for_genbank.fa.gz
NA19391,5,hi-c,,s3://human-pangenomics/submissions/DC27718F-5F38-43B0-9A78-270F395F13E8--INT_ASM_PRODUCTION/NA19391/assemblies/freeze_2/assembly_pipeline/ncbi_upload/NA19391.hap1_for_genbank.fa.gz,s3://human-pangenomics/submissions/DC27718F-5F38-43B0-9A78-270F395F13E8--INT_ASM_PRODUCTION/NA19391/assemblies/freeze_2/assembly_pipeline/ncbi_upload/NA19391.hap2_for_genbank.fa.gz
NA19338,5,hi-c,,s3://human-pangenomics/submissions/DC27718F-5F38-43B0-9A78-270F395F13E8--INT_ASM_PRODUCTION/NA19338/assemblies/freeze_2/assembly_pipeline/ncbi_upload/NA19338.hap1_for_genbank.fa.gz,s3://human-pangenomics/submissions/DC27718F-5F38-43B0-9A78-270F395F13E8--INT_ASM_PRODUCTION/NA19338/assemblies/freeze_2/assembly_pipeline/ncbi_upload/NA19338.hap2_for_genbank.fa.gz
NA19185,5,hi-c,,s3://human-pangenomics/submissions/DC27718F-5F38-43B0-9A78-270F395F13E8--INT_ASM_PRODUCTION/NA19185/assemblies/freeze_2/assembly_pipeline/ncbi_upload/NA19185.hap1_for_genbank.fa.gz,s3://human-pangenomics/submissions/DC27718F-5F38-43B0-9A78-270F395F13E8--INT_ASM_PRODUCTION/NA19185/assemblies/freeze_2/assembly_pipeline/ncbi_upload/NA19185.hap2_for_genbank.fa.gz
NA19087,5,hi-c,,s3://human-pangenomics/submissions/DC27718F-5F38-43B0-9A78-270F395F13E8--INT_ASM_PRODUCTION/NA19087/assemblies/freeze_2/assembly_pipeline/ncbi_upload/NA19087.hap1_for_genbank.fa.gz,s3://human-pangenomics/submissions/DC27718F-5F38-43B0-9A78-270F395F13E8--INT_ASM_PRODUCTION/NA19087/assemblies/freeze_2/assembly_pipeline/ncbi_upload/NA19087.hap2_for_genbank.fa.gz
NA18570,5,hi-c,,s3://human-pangenomics/submissions/DC27718F-5F38-43B0-9A78-270F395F13E8--INT_ASM_PRODUCTION/NA18570/assemblies/freeze_2/assembly_pipeline/ncbi_upload/NA18570.hap1_for_genbank.fa.gz,s3://human-pangenomics/submissions/DC27718F-5F38-43B0-9A78-270F395F13E8--INT_ASM_PRODUCTION/NA18570/assemblies/freeze_2/assembly_pipeline/ncbi_upload/NA18570.hap2_for_genbank.fa.gz
HG03742,5,hi-c,,s3://human-pangenomics/submissions/DC27718F-5F38-43B0-9A78-270F395F13E8--INT_ASM_PRODUCTION/HG03742/assemblies/freeze_2/assembly_pipeline/ncbi_upload/HG03742.hap1_for_genbank.fa.gz,s3://human-pangenomics/submissions/DC27718F-5F38-43B0-9A78-270F395F13E8--INT_ASM_PRODUCTION/HG03742/assemblies/freeze_2/assembly_pipeline/ncbi_upload/HG03742.hap2_for_genbank.fa.gz
HG03470,5,hi-c,mito contigs to clean HG03470#1#h1tg000032l & HG03470#2#h2tg000032l,s3://human-pangenomics/submissions/DC27718F-5F38-43B0-9A78-270F395F13E8--INT_ASM_PRODUCTION/HG03470/assemblies/freeze_2/assembly_pipeline/ncbi_upload/HG03470.hap1_for_genbank.fa.gz,s3://human-pangenomics/submissions/DC27718F-5F38-43B0-9A78-270F395F13E8--INT_ASM_PRODUCTION/HG03470/assemblies/freeze_2/assembly_pipeline/ncbi_upload/HG03470.hap2_for_genbank.fa.gz
HG02391,5,hi-c,,s3://human-pangenomics/submissions/DC27718F-5F38-43B0-9A78-270F395F13E8--INT_ASM_PRODUCTION/HG02391/assemblies/freeze_2/assembly_pipeline/ncbi_upload/HG02391.hap1_for_genbank.fa.gz,s3://human-pangenomics/submissions/DC27718F-5F38-43B0-9A78-270F395F13E8--INT_ASM_PRODUCTION/HG02391/assemblies/freeze_2/assembly_pipeline/ncbi_upload/HG02391.hap2_for_genbank.fa.gz
HG01784,5,hi-c,,s3://human-pangenomics/submissions/DC27718F-5F38-43B0-9A78-270F395F13E8--INT_ASM_PRODUCTION/HG01784/assemblies/freeze_2/assembly_pipeline/ncbi_upload/HG01784.hap1_for_genbank.fa.gz,s3://human-pangenomics/submissions/DC27718F-5F38-43B0-9A78-270F395F13E8--INT_ASM_PRODUCTION/HG01784/assemblies/freeze_2/assembly_pipeline/ncbi_upload/HG01784.hap2_for_genbank.fa.gz
HG01530,5,hi-c,,s3://human-pangenomics/submissions/DC27718F-5F38-43B0-9A78-270F395F13E8--INT_ASM_PRODUCTION/HG01530/assemblies/freeze_2/assembly_pipeline/ncbi_upload/HG01530.hap1_for_genbank.fa.gz,s3://human-pangenomics/submissions/DC27718F-5F38-43B0-9A78-270F395F13E8--INT_ASM_PRODUCTION/HG01530/assemblies/freeze_2/assembly_pipeline/ncbi_upload/HG01530.hap2_for_genbank.fa.gz
HG03471,5,hi-c,,s3://human-pangenomics/submissions/DC27718F-5F38-43B0-9A78-270F395F13E8--INT_ASM_PRODUCTION/HG03471/assemblies/freeze_2/assembly_pipeline/ncbi_upload/HG03471.hap1_for_genbank.fa.gz,s3://human-pangenomics/submissions/DC27718F-5F38-43B0-9A78-270F395F13E8--INT_ASM_PRODUCTION/HG03471/assemblies/freeze_2/assembly_pipeline/ncbi_upload/HG03471.hap2_for_genbank.fa.gz
HG03017,6,trio,,s3://human-pangenomics/submissions/DC27718F-5F38-43B0-9A78-270F395F13E8--INT_ASM_PRODUCTION/HG03017/assemblies/freeze_2/assembly_pipeline/ncbi_upload/HG03017.hap1_for_genbank.fa.gz,s3://human-pangenomics/submissions/DC27718F-5F38-43B0-9A78-270F395F13E8--INT_ASM_PRODUCTION/HG03017/assemblies/freeze_2/assembly_pipeline/ncbi_upload/HG03017.hap2_for_genbank.fa.gz
HG02668,6,trio,,s3://human-pangenomics/submissions/DC27718F-5F38-43B0-9A78-270F395F13E8--INT_ASM_PRODUCTION/HG02668/assemblies/freeze_2/assembly_pipeline/ncbi_upload/HG02668.hap1_for_genbank.fa.gz,s3://human-pangenomics/submissions/DC27718F-5F38-43B0-9A78-270F395F13E8--INT_ASM_PRODUCTION/HG02668/assemblies/freeze_2/assembly_pipeline/ncbi_upload/HG02668.hap2_for_genbank.fa.gz
HG01934,6,trio,,s3://human-pangenomics/submissions/DC27718F-5F38-43B0-9A78-270F395F13E8--INT_ASM_PRODUCTION/HG01934/assemblies/freeze_2/assembly_pipeline/ncbi_upload/HG01934.hap1_for_genbank.fa.gz,s3://human-pangenomics/submissions/DC27718F-5F38-43B0-9A78-270F395F13E8--INT_ASM_PRODUCTION/HG01934/assemblies/freeze_2/assembly_pipeline/ncbi_upload/HG01934.hap2_for_genbank.fa.gz
HG01252,6,trio,,s3://human-pangenomics/submissions/DC27718F-5F38-43B0-9A78-270F395F13E8--INT_ASM_PRODUCTION/HG01252/assemblies/freeze_2/assembly_pipeline/ncbi_upload/HG01252.hap1_for_genbank.fa.gz,s3://human-pangenomics/submissions/DC27718F-5F38-43B0-9A78-270F395F13E8--INT_ASM_PRODUCTION/HG01252/assemblies/freeze_2/assembly_pipeline/ncbi_upload/HG01252.hap2_for_genbank.fa.gz
HG01074,6,trio,,s3://human-pangenomics/submissions/DC27718F-5F38-43B0-9A78-270F395F13E8--INT_ASM_PRODUCTION/HG01074/assemblies/freeze_2/assembly_pipeline/ncbi_upload/HG01074.hap1_for_genbank.fa.gz,s3://human-pangenomics/submissions/DC27718F-5F38-43B0-9A78-270F395F13E8--INT_ASM_PRODUCTION/HG01074/assemblies/freeze_2/assembly_pipeline/ncbi_upload/HG01074.hap2_for_genbank.fa.gz
HG00658,6,trio,,s3://human-pangenomics/submissions/DC27718F-5F38-43B0-9A78-270F395F13E8--INT_ASM_PRODUCTION/HG00658/assemblies/freeze_2/assembly_pipeline/ncbi_upload/HG00658.hap1_for_genbank.fa.gz,s3://human-pangenomics/submissions/DC27718F-5F38-43B0-9A78-270F395F13E8--INT_ASM_PRODUCTION/HG00658/assemblies/freeze_2/assembly_pipeline/ncbi_upload/HG00658.hap2_for_genbank.fa.gz
HG03239,6,trio,,s3://human-pangenomics/submissions/DC27718F-5F38-43B0-9A78-270F395F13E8--INT_ASM_PRODUCTION/HG03239/assemblies/freeze_2/assembly_pipeline/ncbi_upload/HG03239.hap1_for_genbank.fa.gz,s3://human-pangenomics/submissions/DC27718F-5F38-43B0-9A78-270F395F13E8--INT_ASM_PRODUCTION/HG03239/assemblies/freeze_2/assembly_pipeline/ncbi_upload/HG03239.hap2_for_genbank.fa.gz
HG03041,6,trio,,s3://human-pangenomics/submissions/DC27718F-5F38-43B0-9A78-270F395F13E8--INT_ASM_PRODUCTION/HG03041/assemblies/freeze_2/assembly_pipeline/ncbi_upload/HG03041.hap1_for_genbank.fa.gz,s3://human-pangenomics/submissions/DC27718F-5F38-43B0-9A78-270F395F13E8--INT_ASM_PRODUCTION/HG03041/assemblies/freeze_2/assembly_pipeline/ncbi_upload/HG03041.hap2_for_genbank.fa.gz
HG01969,6,trio,,s3://human-pangenomics/submissions/DC27718F-5F38-43B0-9A78-270F395F13E8--INT_ASM_PRODUCTION/HG01969/assemblies/freeze_2/assembly_pipeline/ncbi_upload/HG01969.hap1_for_genbank.fa.gz,s3://human-pangenomics/submissions/DC27718F-5F38-43B0-9A78-270F395F13E8--INT_ASM_PRODUCTION/HG01969/assemblies/freeze_2/assembly_pipeline/ncbi_upload/HG01969.hap2_for_genbank.fa.gz
HG01960,6,trio,,s3://human-pangenomics/submissions/DC27718F-5F38-43B0-9A78-270F395F13E8--INT_ASM_PRODUCTION/HG01960/assemblies/freeze_2/assembly_pipeline/ncbi_upload/HG01960.hap1_for_genbank.fa.gz,s3://human-pangenomics/submissions/DC27718F-5F38-43B0-9A78-270F395F13E8--INT_ASM_PRODUCTION/HG01960/assemblies/freeze_2/assembly_pipeline/ncbi_upload/HG01960.hap2_for_genbank.fa.gz
HG01940,6,trio,,s3://human-pangenomics/submissions/DC27718F-5F38-43B0-9A78-270F395F13E8--INT_ASM_PRODUCTION/HG01940/assemblies/freeze_2/assembly_pipeline/ncbi_upload/HG01940.hap1_for_genbank.fa.gz,s3://human-pangenomics/submissions/DC27718F-5F38-43B0-9A78-270F395F13E8--INT_ASM_PRODUCTION/HG01940/assemblies/freeze_2/assembly_pipeline/ncbi_upload/HG01940.hap2_for_genbank.fa.gz
HG01150,6,trio,,s3://human-pangenomics/submissions/DC27718F-5F38-43B0-9A78-270F395F13E8--INT_ASM_PRODUCTION/HG01150/assemblies/freeze_2/assembly_pipeline/ncbi_upload/HG01150.hap1_for_genbank.fa.gz,s3://human-pangenomics/submissions/DC27718F-5F38-43B0-9A78-270F395F13E8--INT_ASM_PRODUCTION/HG01150/assemblies/freeze_2/assembly_pipeline/ncbi_upload/HG01150.hap2_for_genbank.fa.gz
HG01081,6,trio,,s3://human-pangenomics/submissions/DC27718F-5F38-43B0-9A78-270F395F13E8--INT_ASM_PRODUCTION/HG01081/assemblies/freeze_2/assembly_pipeline/ncbi_upload/HG01081.hap1_for_genbank.fa.gz,s3://human-pangenomics/submissions/DC27718F-5F38-43B0-9A78-270F395F13E8--INT_ASM_PRODUCTION/HG01081/assemblies/freeze_2/assembly_pipeline/ncbi_upload/HG01081.hap2_for_genbank.fa.gz
HG00639,6,trio,,s3://human-pangenomics/submissions/DC27718F-5F38-43B0-9A78-270F395F13E8--INT_ASM_PRODUCTION/HG00639/assemblies/freeze_2/assembly_pipeline/ncbi_upload/HG00639.hap1_for_genbank.fa.gz,s3://human-pangenomics/submissions/DC27718F-5F38-43B0-9A78-270F395F13E8--INT_ASM_PRODUCTION/HG00639/assemblies/freeze_2/assembly_pipeline/ncbi_upload/HG00639.hap2_for_genbank.fa.gz
HG00558,6,trio,,s3://human-pangenomics/submissions/DC27718F-5F38-43B0-9A78-270F395F13E8--INT_ASM_PRODUCTION/HG00558/assemblies/freeze_2/assembly_pipeline/ncbi_upload/HG00558.hap1_for_genbank.fa.gz,s3://human-pangenomics/submissions/DC27718F-5F38-43B0-9A78-270F395F13E8--INT_ASM_PRODUCTION/HG00558/assemblies/freeze_2/assembly_pipeline/ncbi_upload/HG00558.hap2_for_genbank.fa.gz
HG04228,6,trio,,s3://human-pangenomics/submissions/DC27718F-5F38-43B0-9A78-270F395F13E8--INT_ASM_PRODUCTION/HG04228/assemblies/freeze_2/assembly_pipeline/ncbi_upload/HG04228.hap1_for_genbank.fa.gz,s3://human-pangenomics/submissions/DC27718F-5F38-43B0-9A78-270F395F13E8--INT_ASM_PRODUCTION/HG04228/assemblies/freeze_2/assembly_pipeline/ncbi_upload/HG04228.hap2_for_genbank.fa.gz
HG04204,6,trio,,s3://human-pangenomics/submissions/DC27718F-5F38-43B0-9A78-270F395F13E8--INT_ASM_PRODUCTION/HG04204/assemblies/freeze_2/assembly_pipeline/ncbi_upload/HG04204.hap1_for_genbank.fa.gz,s3://human-pangenomics/submissions/DC27718F-5F38-43B0-9A78-270F395F13E8--INT_ASM_PRODUCTION/HG04204/assemblies/freeze_2/assembly_pipeline/ncbi_upload/HG04204.hap2_for_genbank.fa.gz
HG04160,6,trio,,s3://human-pangenomics/submissions/DC27718F-5F38-43B0-9A78-270F395F13E8--INT_ASM_PRODUCTION/HG04160/assemblies/freeze_2/assembly_pipeline/ncbi_upload/HG04160.hap1_for_genbank.fa.gz,s3://human-pangenomics/submissions/DC27718F-5F38-43B0-9A78-270F395F13E8--INT_ASM_PRODUCTION/HG04160/assemblies/freeze_2/assembly_pipeline/ncbi_upload/HG04160.hap2_for_genbank.fa.gz
HG04157,6,trio,,s3://human-pangenomics/submissions/DC27718F-5F38-43B0-9A78-270F395F13E8--INT_ASM_PRODUCTION/HG04157/assemblies/freeze_2/assembly_pipeline/ncbi_upload/HG04157.hap1_for_genbank.fa.gz,s3://human-pangenomics/submissions/DC27718F-5F38-43B0-9A78-270F395F13E8--INT_ASM_PRODUCTION/HG04157/assemblies/freeze_2/assembly_pipeline/ncbi_upload/HG04157.hap2_for_genbank.fa.gz
HG03942,6,trio,,s3://human-pangenomics/submissions/DC27718F-5F38-43B0-9A78-270F395F13E8--INT_ASM_PRODUCTION/HG03942/assemblies/freeze_2/assembly_pipeline/ncbi_upload/HG03942.hap1_for_genbank.fa.gz,s3://human-pangenomics/submissions/DC27718F-5F38-43B0-9A78-270F395F13E8--INT_ASM_PRODUCTION/HG03942/assemblies/freeze_2/assembly_pipeline/ncbi_upload/HG03942.hap2_for_genbank.fa.gz
HG03816,6,trio,,s3://human-pangenomics/submissions/DC27718F-5F38-43B0-9A78-270F395F13E8--INT_ASM_PRODUCTION/HG03816/assemblies/freeze_2/assembly_pipeline/ncbi_upload/HG03816.hap1_for_genbank.fa.gz,s3://human-pangenomics/submissions/DC27718F-5F38-43B0-9A78-270F395F13E8--INT_ASM_PRODUCTION/HG03816/assemblies/freeze_2/assembly_pipeline/ncbi_upload/HG03816.hap2_for_genbank.fa.gz
HG03804,6,trio,,s3://human-pangenomics/submissions/DC27718F-5F38-43B0-9A78-270F395F13E8--INT_ASM_PRODUCTION/HG03804/assemblies/freeze_2/assembly_pipeline/ncbi_upload/HG03804.hap1_for_genbank.fa.gz,s3://human-pangenomics/submissions/DC27718F-5F38-43B0-9A78-270F395F13E8--INT_ASM_PRODUCTION/HG03804/assemblies/freeze_2/assembly_pipeline/ncbi_upload/HG03804.hap2_for_genbank.fa.gz
HG02809,6,trio,,s3://human-pangenomics/submissions/DC27718F-5F38-43B0-9A78-270F395F13E8--INT_ASM_PRODUCTION/HG02809/assemblies/freeze_2/assembly_pipeline/ncbi_upload/HG02809.hap1_for_genbank.fa.gz,s3://human-pangenomics/submissions/DC27718F-5F38-43B0-9A78-270F395F13E8--INT_ASM_PRODUCTION/HG02809/assemblies/freeze_2/assembly_pipeline/ncbi_upload/HG02809.hap2_for_genbank.fa.gz
HG02135,6,trio,,s3://human-pangenomics/submissions/DC27718F-5F38-43B0-9A78-270F395F13E8--INT_ASM_PRODUCTION/HG02135/assemblies/freeze_2/assembly_pipeline/ncbi_upload/HG02135.hap1_for_genbank.fa.gz,s3://human-pangenomics/submissions/DC27718F-5F38-43B0-9A78-270F395F13E8--INT_ASM_PRODUCTION/HG02135/assemblies/freeze_2/assembly_pipeline/ncbi_upload/HG02135.hap2_for_genbank.fa.gz
HG02074,6,trio,,s3://human-pangenomics/submissions/DC27718F-5F38-43B0-9A78-270F395F13E8--INT_ASM_PRODUCTION/HG02074/assemblies/freeze_2/assembly_pipeline/ncbi_upload/HG02074.hap1_for_genbank.fa.gz,s3://human-pangenomics/submissions/DC27718F-5F38-43B0-9A78-270F395F13E8--INT_ASM_PRODUCTION/HG02074/assemblies/freeze_2/assembly_pipeline/ncbi_upload/HG02074.hap2_for_genbank.fa.gz
HG02071,6,trio,,s3://human-pangenomics/submissions/DC27718F-5F38-43B0-9A78-270F395F13E8--INT_ASM_PRODUCTION/HG02071/assemblies/freeze_2/assembly_pipeline/ncbi_upload/HG02071.hap1_for_genbank.fa.gz,s3://human-pangenomics/submissions/DC27718F-5F38-43B0-9A78-270F395F13E8--INT_ASM_PRODUCTION/HG02071/assemblies/freeze_2/assembly_pipeline/ncbi_upload/HG02071.hap2_for_genbank.fa.gz
HG00706,6,trio,,s3://human-pangenomics/submissions/DC27718F-5F38-43B0-9A78-270F395F13E8--INT_ASM_PRODUCTION/HG00706/assemblies/freeze_2/assembly_pipeline/ncbi_upload/HG00706.hap1_for_genbank.fa.gz,s3://human-pangenomics/submissions/DC27718F-5F38-43B0-9A78-270F395F13E8--INT_ASM_PRODUCTION/HG00706/assemblies/freeze_2/assembly_pipeline/ncbi_upload/HG00706.hap2_for_genbank.fa.gz
HG00438,6,trio,,s3://human-pangenomics/submissions/DC27718F-5F38-43B0-9A78-270F395F13E8--INT_ASM_PRODUCTION/HG00438/assemblies/freeze_2/assembly_pipeline/ncbi_upload/HG00438.hap1_for_genbank.fa.gz,s3://human-pangenomics/submissions/DC27718F-5F38-43B0-9A78-270F395F13E8--INT_ASM_PRODUCTION/HG00438/assemblies/freeze_2/assembly_pipeline/ncbi_upload/HG00438.hap2_for_genbank.fa.gz
HG00673,6,trio,,s3://human-pangenomics/submissions/DC27718F-5F38-43B0-9A78-270F395F13E8--INT_ASM_PRODUCTION/HG00673/assemblies/freeze_2/assembly_pipeline/ncbi_upload/HG00673.hap1_for_genbank.fa.gz,s3://human-pangenomics/submissions/DC27718F-5F38-43B0-9A78-270F395F13E8--INT_ASM_PRODUCTION/HG00673/assemblies/freeze_2/assembly_pipeline/ncbi_upload/HG00673.hap2_for_genbank.fa.gz
HG01071,6,trio,,s3://human-pangenomics/submissions/DC27718F-5F38-43B0-9A78-270F395F13E8--INT_ASM_PRODUCTION/HG01071/assemblies/freeze_2/assembly_pipeline/ncbi_upload/HG01071.hap1_for_genbank.fa.gz,s3://human-pangenomics/submissions/DC27718F-5F38-43B0-9A78-270F395F13E8--INT_ASM_PRODUCTION/HG01071/assemblies/freeze_2/assembly_pipeline/ncbi_upload/HG01071.hap2_for_genbank.fa.gz
HG01123,6,trio,,s3://human-pangenomics/submissions/DC27718F-5F38-43B0-9A78-270F395F13E8--INT_ASM_PRODUCTION/HG01123/assemblies/freeze_2/assembly_pipeline/ncbi_upload/HG01123.hap1_for_genbank.fa.gz,s3://human-pangenomics/submissions/DC27718F-5F38-43B0-9A78-270F395F13E8--INT_ASM_PRODUCTION/HG01123/assemblies/freeze_2/assembly_pipeline/ncbi_upload/HG01123.hap2_for_genbank.fa.gz
HG01358,6,trio,,s3://human-pangenomics/submissions/DC27718F-5F38-43B0-9A78-270F395F13E8--INT_ASM_PRODUCTION/HG01358/assemblies/freeze_2/assembly_pipeline/ncbi_upload/HG01358.hap1_for_genbank.fa.gz,s3://human-pangenomics/submissions/DC27718F-5F38-43B0-9A78-270F395F13E8--INT_ASM_PRODUCTION/HG01358/assemblies/freeze_2/assembly_pipeline/ncbi_upload/HG01358.hap2_for_genbank.fa.gz
HG01361,6,trio,,s3://human-pangenomics/submissions/DC27718F-5F38-43B0-9A78-270F395F13E8--INT_ASM_PRODUCTION/HG01361/assemblies/freeze_2/assembly_pipeline/ncbi_upload/HG01361.hap1_for_genbank.fa.gz,s3://human-pangenomics/submissions/DC27718F-5F38-43B0-9A78-270F395F13E8--INT_ASM_PRODUCTION/HG01361/assemblies/freeze_2/assembly_pipeline/ncbi_upload/HG01361.hap2_for_genbank.fa.gz
HG01928,6,trio,,s3://human-pangenomics/submissions/DC27718F-5F38-43B0-9A78-270F395F13E8--INT_ASM_PRODUCTION/HG01928/assemblies/freeze_2/assembly_pipeline/ncbi_upload/HG01928.hap1_for_genbank.fa.gz,s3://human-pangenomics/submissions/DC27718F-5F38-43B0-9A78-270F395F13E8--INT_ASM_PRODUCTION/HG01928/assemblies/freeze_2/assembly_pipeline/ncbi_upload/HG01928.hap2_for_genbank.fa.gz
HG01978,6,trio,,s3://human-pangenomics/submissions/DC27718F-5F38-43B0-9A78-270F395F13E8--INT_ASM_PRODUCTION/HG01978/assemblies/freeze_2/assembly_pipeline/ncbi_upload/HG01978.hap1_for_genbank.fa.gz,s3://human-pangenomics/submissions/DC27718F-5F38-43B0-9A78-270F395F13E8--INT_ASM_PRODUCTION/HG01978/assemblies/freeze_2/assembly_pipeline/ncbi_upload/HG01978.hap2_for_genbank.fa.gz
HG02257,6,trio,,s3://human-pangenomics/submissions/DC27718F-5F38-43B0-9A78-270F395F13E8--INT_ASM_PRODUCTION/HG02257/assemblies/freeze_2/assembly_pipeline/ncbi_upload/HG02257.hap1_for_genbank.fa.gz,s3://human-pangenomics/submissions/DC27718F-5F38-43B0-9A78-270F395F13E8--INT_ASM_PRODUCTION/HG02257/assemblies/freeze_2/assembly_pipeline/ncbi_upload/HG02257.hap2_for_genbank.fa.gz
HG02717,6,trio,,s3://human-pangenomics/submissions/DC27718F-5F38-43B0-9A78-270F395F13E8--INT_ASM_PRODUCTION/HG02717/assemblies/freeze_2/assembly_pipeline/ncbi_upload/HG02717.hap1_for_genbank.fa.gz,s3://human-pangenomics/submissions/DC27718F-5F38-43B0-9A78-270F395F13E8--INT_ASM_PRODUCTION/HG02717/assemblies/freeze_2/assembly_pipeline/ncbi_upload/HG02717.hap2_for_genbank.fa.gz
HG03516,6,trio,,s3://human-pangenomics/submissions/DC27718F-5F38-43B0-9A78-270F395F13E8--INT_ASM_PRODUCTION/HG03516/assemblies/freeze_2/assembly_pipeline/ncbi_upload/HG03516.hap1_for_genbank.fa.gz,s3://human-pangenomics/submissions/DC27718F-5F38-43B0-9A78-270F395F13E8--INT_ASM_PRODUCTION/HG03516/assemblies/freeze_2/assembly_pipeline/ncbi_upload/HG03516.hap2_for_genbank.fa.gz
HG03579,6,trio,,s3://human-pangenomics/submissions/DC27718F-5F38-43B0-9A78-270F395F13E8--INT_ASM_PRODUCTION/HG03579/assemblies/freeze_2/assembly_pipeline/ncbi_upload/HG03579.hap1_for_genbank.fa.gz,s3://human-pangenomics/submissions/DC27718F-5F38-43B0-9A78-270F395F13E8--INT_ASM_PRODUCTION/HG03579/assemblies/freeze_2/assembly_pipeline/ncbi_upload/HG03579.hap2_for_genbank.fa.gz
HG00423,7,trio,,s3://human-pangenomics/submissions/DC27718F-5F38-43B0-9A78-270F395F13E8--INT_ASM_PRODUCTION/HG00423/assemblies/freeze_2/assembly_pipeline/ncbi_upload/HG00423.hap1_for_genbank.fa.gz,s3://human-pangenomics/submissions/DC27718F-5F38-43B0-9A78-270F395F13E8--INT_ASM_PRODUCTION/HG00423/assemblies/freeze_2/assembly_pipeline/ncbi_upload/HG00423.hap2_for_genbank.fa.gz
HG00544,7,trio,,s3://human-pangenomics/submissions/DC27718F-5F38-43B0-9A78-270F395F13E8--INT_ASM_PRODUCTION/HG00544/assemblies/freeze_2/assembly_pipeline/ncbi_upload/HG00544.hap1_for_genbank.fa.gz,s3://human-pangenomics/submissions/DC27718F-5F38-43B0-9A78-270F395F13E8--INT_ASM_PRODUCTION/HG00544/assemblies/freeze_2/assembly_pipeline/ncbi_upload/HG00544.hap2_for_genbank.fa.gz
HG01943,7,trio,,s3://human-pangenomics/submissions/DC27718F-5F38-43B0-9A78-270F395F13E8--INT_ASM_PRODUCTION/HG01943/assemblies/freeze_2/assembly_pipeline/ncbi_upload/HG01943.hap1_for_genbank.fa.gz,s3://human-pangenomics/submissions/DC27718F-5F38-43B0-9A78-270F395F13E8--INT_ASM_PRODUCTION/HG01943/assemblies/freeze_2/assembly_pipeline/ncbi_upload/HG01943.hap2_for_genbank.fa.gz
HG02735,7,trio,,s3://human-pangenomics/submissions/DC27718F-5F38-43B0-9A78-270F395F13E8--INT_ASM_PRODUCTION/HG02735/assemblies/freeze_2/assembly_pipeline/ncbi_upload/HG02735.hap1_for_genbank.fa.gz,s3://human-pangenomics/submissions/DC27718F-5F38-43B0-9A78-270F395F13E8--INT_ASM_PRODUCTION/HG02735/assemblies/freeze_2/assembly_pipeline/ncbi_upload/HG02735.hap2_for_genbank.fa.gz
HG03225,7,hi-c,,s3://human-pangenomics/submissions/DC27718F-5F38-43B0-9A78-270F395F13E8--INT_ASM_PRODUCTION/HG03225/assemblies/freeze_2/assembly_pipeline/ncbi_upload/HG03225.hap1_for_genbank.fa.gz,s3://human-pangenomics/submissions/DC27718F-5F38-43B0-9A78-270F395F13E8--INT_ASM_PRODUCTION/HG03225/assemblies/freeze_2/assembly_pipeline/ncbi_upload/HG03225.hap2_for_genbank.fa.gz
NA19159,7,hi-c,,s3://human-pangenomics/submissions/DC27718F-5F38-43B0-9A78-270F395F13E8--INT_ASM_PRODUCTION/NA19159/assemblies/freeze_2/assembly_pipeline/ncbi_upload/NA19159.hap1_for_genbank.fa.gz,s3://human-pangenomics/submissions/DC27718F-5F38-43B0-9A78-270F395F13E8--INT_ASM_PRODUCTION/NA19159/assemblies/freeze_2/assembly_pipeline/ncbi_upload/NA19159.hap2_for_genbank.fa.gz
HG00126,8,hi-c,,s3://human-pangenomics/submissions/DC27718F-5F38-43B0-9A78-270F395F13E8--INT_ASM_PRODUCTION/HG00126/assemblies/freeze_2/assembly_pipeline/ncbi_upload/HG00126.hap1_for_genbank.fa.gz,s3://human-pangenomics/submissions/DC27718F-5F38-43B0-9A78-270F395F13E8--INT_ASM_PRODUCTION/HG00126/assemblies/freeze_2/assembly_pipeline/ncbi_upload/HG00126.hap2_for_genbank.fa.gz
HG00128,8,hi-c,,s3://human-pangenomics/submissions/DC27718F-5F38-43B0-9A78-270F395F13E8--INT_ASM_PRODUCTION/HG00128/assemblies/freeze_2/assembly_pipeline/ncbi_upload/HG00128.hap1_for_genbank.fa.gz,s3://human-pangenomics/submissions/DC27718F-5F38-43B0-9A78-270F395F13E8--INT_ASM_PRODUCTION/HG00128/assemblies/freeze_2/assembly_pipeline/ncbi_upload/HG00128.hap2_for_genbank.fa.gz
HG00133,8,hi-c,,s3://human-pangenomics/submissions/DC27718F-5F38-43B0-9A78-270F395F13E8--INT_ASM_PRODUCTION/HG00133/assemblies/freeze_2/assembly_pipeline/ncbi_upload/HG00133.hap1_for_genbank.fa.gz,s3://human-pangenomics/submissions/DC27718F-5F38-43B0-9A78-270F395F13E8--INT_ASM_PRODUCTION/HG00133/assemblies/freeze_2/assembly_pipeline/ncbi_upload/HG00133.hap2_for_genbank.fa.gz
HG00146,8,hi-c,,s3://human-pangenomics/submissions/DC27718F-5F38-43B0-9A78-270F395F13E8--INT_ASM_PRODUCTION/HG00146/assemblies/freeze_2/assembly_pipeline/ncbi_upload/HG00146.hap1_for_genbank.fa.gz,s3://human-pangenomics/submissions/DC27718F-5F38-43B0-9A78-270F395F13E8--INT_ASM_PRODUCTION/HG00146/assemblies/freeze_2/assembly_pipeline/ncbi_upload/HG00146.hap2_for_genbank.fa.gz
HG00232,8,hi-c,,s3://human-pangenomics/submissions/DC27718F-5F38-43B0-9A78-270F395F13E8--INT_ASM_PRODUCTION/HG00232/assemblies/freeze_2/assembly_pipeline/ncbi_upload/HG00232.hap1_for_genbank.fa.gz,s3://human-pangenomics/submissions/DC27718F-5F38-43B0-9A78-270F395F13E8--INT_ASM_PRODUCTION/HG00232/assemblies/freeze_2/assembly_pipeline/ncbi_upload/HG00232.hap2_for_genbank.fa.gz
HG00290,8,hi-c,,s3://human-pangenomics/submissions/DC27718F-5F38-43B0-9A78-270F395F13E8--INT_ASM_PRODUCTION/HG00290/assemblies/freeze_2/assembly_pipeline/ncbi_upload/HG00290.hap1_for_genbank.fa.gz,s3://human-pangenomics/submissions/DC27718F-5F38-43B0-9A78-270F395F13E8--INT_ASM_PRODUCTION/HG00290/assemblies/freeze_2/assembly_pipeline/ncbi_upload/HG00290.hap2_for_genbank.fa.gz
HG00320,8,hi-c,,s3://human-pangenomics/submissions/DC27718F-5F38-43B0-9A78-270F395F13E8--INT_ASM_PRODUCTION/HG00320/assemblies/freeze_2/assembly_pipeline/ncbi_upload/HG00320.hap1_for_genbank.fa.gz,s3://human-pangenomics/submissions/DC27718F-5F38-43B0-9A78-270F395F13E8--INT_ASM_PRODUCTION/HG00320/assemblies/freeze_2/assembly_pipeline/ncbi_upload/HG00320.hap2_for_genbank.fa.gz
HG00867,8,hi-c,,s3://human-pangenomics/submissions/DC27718F-5F38-43B0-9A78-270F395F13E8--INT_ASM_PRODUCTION/HG00867/assemblies/freeze_2/assembly_pipeline/ncbi_upload/HG00867.hap1_for_genbank.fa.gz,s3://human-pangenomics/submissions/DC27718F-5F38-43B0-9A78-270F395F13E8--INT_ASM_PRODUCTION/HG00867/assemblies/freeze_2/assembly_pipeline/ncbi_upload/HG00867.hap2_for_genbank.fa.gz
HG02178,8,hi-c,,s3://human-pangenomics/submissions/DC27718F-5F38-43B0-9A78-270F395F13E8--INT_ASM_PRODUCTION/HG02178/assemblies/freeze_2/assembly_pipeline/ncbi_upload/HG02178.hap1_for_genbank.fa.gz,s3://human-pangenomics/submissions/DC27718F-5F38-43B0-9A78-270F395F13E8--INT_ASM_PRODUCTION/HG02178/assemblies/freeze_2/assembly_pipeline/ncbi_upload/HG02178.hap2_for_genbank.fa.gz
HG02392,8,hi-c,mito contig to clean,s3://human-pangenomics/submissions/DC27718F-5F38-43B0-9A78-270F395F13E8--INT_ASM_PRODUCTION/HG02392/assemblies/freeze_2/assembly_pipeline/ncbi_upload/HG02392.hap1_for_genbank.fa.gz,s3://human-pangenomics/submissions/DC27718F-5F38-43B0-9A78-270F395F13E8--INT_ASM_PRODUCTION/HG02392/assemblies/freeze_2/assembly_pipeline/ncbi_upload/HG02392.hap2_for_genbank.fa.gz
HG03270,8,hi-c,,s3://human-pangenomics/submissions/DC27718F-5F38-43B0-9A78-270F395F13E8--INT_ASM_PRODUCTION/HG03270/assemblies/freeze_2/assembly_pipeline/ncbi_upload/HG03270.hap1_for_genbank.fa.gz,s3://human-pangenomics/submissions/DC27718F-5F38-43B0-9A78-270F395F13E8--INT_ASM_PRODUCTION/HG03270/assemblies/freeze_2/assembly_pipeline/ncbi_upload/HG03270.hap2_for_genbank.fa.gz
HG03583,8,hi-c,,s3://human-pangenomics/submissions/DC27718F-5F38-43B0-9A78-270F395F13E8--INT_ASM_PRODUCTION/HG03583/assemblies/freeze_2/assembly_pipeline/ncbi_upload/HG03583.hap1_for_genbank.fa.gz,s3://human-pangenomics/submissions/DC27718F-5F38-43B0-9A78-270F395F13E8--INT_ASM_PRODUCTION/HG03583/assemblies/freeze_2/assembly_pipeline/ncbi_upload/HG03583.hap2_for_genbank.fa.gz
NA18505,8,hi-c,,s3://human-pangenomics/submissions/DC27718F-5F38-43B0-9A78-270F395F13E8--INT_ASM_PRODUCTION/NA18505/assemblies/freeze_2/assembly_pipeline/ncbi_upload/NA18505.hap1_for_genbank.fa.gz,s3://human-pangenomics/submissions/DC27718F-5F38-43B0-9A78-270F395F13E8--INT_ASM_PRODUCTION/NA18505/assemblies/freeze_2/assembly_pipeline/ncbi_upload/NA18505.hap2_for_genbank.fa.gz
NA18608,8,hi-c,,s3://human-pangenomics/submissions/DC27718F-5F38-43B0-9A78-270F395F13E8--INT_ASM_PRODUCTION/NA18608/assemblies/freeze_2/assembly_pipeline/ncbi_upload/NA18608.hap1_for_genbank.fa.gz,s3://human-pangenomics/submissions/DC27718F-5F38-43B0-9A78-270F395F13E8--INT_ASM_PRODUCTION/NA18608/assemblies/freeze_2/assembly_pipeline/ncbi_upload/NA18608.hap2_for_genbank.fa.gz
NA18620,8,hi-c,,s3://human-pangenomics/submissions/DC27718F-5F38-43B0-9A78-270F395F13E8--INT_ASM_PRODUCTION/NA18620/assemblies/freeze_2/assembly_pipeline/ncbi_upload/NA18620.hap1_for_genbank.fa.gz,s3://human-pangenomics/submissions/DC27718F-5F38-43B0-9A78-270F395F13E8--INT_ASM_PRODUCTION/NA18620/assemblies/freeze_2/assembly_pipeline/ncbi_upload/NA18620.hap2_for_genbank.fa.gz
NA18952,8,hi-c,,s3://human-pangenomics/submissions/DC27718F-5F38-43B0-9A78-270F395F13E8--INT_ASM_PRODUCTION/NA18952/assemblies/freeze_2/assembly_pipeline/ncbi_upload/NA18952.hap1_for_genbank.fa.gz,s3://human-pangenomics/submissions/DC27718F-5F38-43B0-9A78-270F395F13E8--INT_ASM_PRODUCTION/NA18952/assemblies/freeze_2/assembly_pipeline/ncbi_upload/NA18952.hap2_for_genbank.fa.gz
NA18974,8,hi-c,,s3://human-pangenomics/submissions/DC27718F-5F38-43B0-9A78-270F395F13E8--INT_ASM_PRODUCTION/NA18974/assemblies/freeze_2/assembly_pipeline/ncbi_upload/NA18974.hap1_for_genbank.fa.gz,s3://human-pangenomics/submissions/DC27718F-5F38-43B0-9A78-270F395F13E8--INT_ASM_PRODUCTION/NA18974/assemblies/freeze_2/assembly_pipeline/ncbi_upload/NA18974.hap2_for_genbank.fa.gz
NA18976,8,hi-c,,s3://human-pangenomics/submissions/DC27718F-5F38-43B0-9A78-270F395F13E8--INT_ASM_PRODUCTION/NA18976/assemblies/freeze_2/assembly_pipeline/ncbi_upload/NA18976.hap1_for_genbank.fa.gz,s3://human-pangenomics/submissions/DC27718F-5F38-43B0-9A78-270F395F13E8--INT_ASM_PRODUCTION/NA18976/assemblies/freeze_2/assembly_pipeline/ncbi_upload/NA18976.hap2_for_genbank.fa.gz
NA19036,8,hi-c,,s3://human-pangenomics/submissions/DC27718F-5F38-43B0-9A78-270F395F13E8--INT_ASM_PRODUCTION/NA19036/assemblies/freeze_2/assembly_pipeline/ncbi_upload/NA19036.hap1_for_genbank.fa.gz,s3://human-pangenomics/submissions/DC27718F-5F38-43B0-9A78-270F395F13E8--INT_ASM_PRODUCTION/NA19036/assemblies/freeze_2/assembly_pipeline/ncbi_upload/NA19036.hap2_for_genbank.fa.gz
NA20870,8,hi-c,,s3://human-pangenomics/submissions/DC27718F-5F38-43B0-9A78-270F395F13E8--INT_ASM_PRODUCTION/NA20870/assemblies/freeze_2/assembly_pipeline/ncbi_upload/NA20870.hap1_for_genbank.fa.gz,s3://human-pangenomics/submissions/DC27718F-5F38-43B0-9A78-270F395F13E8--INT_ASM_PRODUCTION/NA20870/assemblies/freeze_2/assembly_pipeline/ncbi_upload/NA20870.hap2_for_genbank.fa.gz
NA21110,8,hi-c,,s3://human-pangenomics/submissions/DC27718F-5F38-43B0-9A78-270F395F13E8--INT_ASM_PRODUCTION/NA21110/assemblies/freeze_2/assembly_pipeline/ncbi_upload/NA21110.hap1_for_genbank.fa.gz,s3://human-pangenomics/submissions/DC27718F-5F38-43B0-9A78-270F395F13E8--INT_ASM_PRODUCTION/NA21110/assemblies/freeze_2/assembly_pipeline/ncbi_upload/NA21110.hap2_for_genbank.fa.gz
NA18508,8,hi-c,,s3://human-pangenomics/submissions/DC27718F-5F38-43B0-9A78-270F395F13E8--INT_ASM_PRODUCTION/NA18508/assemblies/freeze_2/assembly_pipeline/ncbi_upload/NA18508.hap1_for_genbank.fa.gz,s3://human-pangenomics/submissions/DC27718F-5F38-43B0-9A78-270F395F13E8--INT_ASM_PRODUCTION/NA18508/assemblies/freeze_2/assembly_pipeline/ncbi_upload/NA18508.hap2_for_genbank.fa.gz
NA19700,8,hi-c,,s3://human-pangenomics/submissions/DC27718F-5F38-43B0-9A78-270F395F13E8--INT_ASM_PRODUCTION/NA19700/assemblies/freeze_2/assembly_pipeline/ncbi_upload/NA19700.hap1_for_genbank.fa.gz,s3://human-pangenomics/submissions/DC27718F-5F38-43B0-9A78-270F395F13E8--INT_ASM_PRODUCTION/NA19700/assemblies/freeze_2/assembly_pipeline/ncbi_upload/NA19700.hap2_for_genbank.fa.gz
NA21093,8,hi-c,,s3://human-pangenomics/submissions/DC27718F-5F38-43B0-9A78-270F395F13E8--INT_ASM_PRODUCTION/NA21093/assemblies/freeze_2/assembly_pipeline/ncbi_upload/NA21093.hap1_for_genbank.fa.gz,s3://human-pangenomics/submissions/DC27718F-5F38-43B0-9A78-270F395F13E8--INT_ASM_PRODUCTION/NA21093/assemblies/freeze_2/assembly_pipeline/ncbi_upload/NA21093.hap2_for_genbank.fa.gz
NA21106,8,hi-c,,s3://human-pangenomics/submissions/DC27718F-5F38-43B0-9A78-270F395F13E8--INT_ASM_PRODUCTION/NA21106/assemblies/freeze_2/assembly_pipeline/ncbi_upload/NA21106.hap1_for_genbank.fa.gz,s3://human-pangenomics/submissions/DC27718F-5F38-43B0-9A78-270F395F13E8--INT_ASM_PRODUCTION/NA21106/assemblies/freeze_2/assembly_pipeline/ncbi_upload/NA21106.hap2_for_genbank.fa.gz
HG00321,8,hi-c,,s3://human-pangenomics/submissions/DC27718F-5F38-43B0-9A78-270F395F13E8--INT_ASM_PRODUCTION/HG00321/assemblies/freeze_2/assembly_pipeline/ncbi_upload/HG00321.hap1_for_genbank.fa.gz,s3://human-pangenomics/submissions/DC27718F-5F38-43B0-9A78-270F395F13E8--INT_ASM_PRODUCTION/HG00321/assemblies/freeze_2/assembly_pipeline/ncbi_upload/HG00321.hap2_for_genbank.fa.gz
HG01786,8,hi-c,,s3://human-pangenomics/submissions/DC27718F-5F38-43B0-9A78-270F395F13E8--INT_ASM_PRODUCTION/HG01786/assemblies/freeze_2/assembly_pipeline/ncbi_upload/HG01786.hap1_for_genbank.fa.gz,s3://human-pangenomics/submissions/DC27718F-5F38-43B0-9A78-270F395F13E8--INT_ASM_PRODUCTION/HG01786/assemblies/freeze_2/assembly_pipeline/ncbi_upload/HG01786.hap2_for_genbank.fa.gz
HG02583,8,hi-c,,s3://human-pangenomics/submissions/DC27718F-5F38-43B0-9A78-270F395F13E8--INT_ASM_PRODUCTION/HG02583/assemblies/freeze_2/assembly_pipeline/ncbi_upload/HG02583.hap1_for_genbank.fa.gz,s3://human-pangenomics/submissions/DC27718F-5F38-43B0-9A78-270F395F13E8--INT_ASM_PRODUCTION/HG02583/assemblies/freeze_2/assembly_pipeline/ncbi_upload/HG02583.hap2_for_genbank.fa.gz
HG03874,8,hi-c,,s3://human-pangenomics/submissions/DC27718F-5F38-43B0-9A78-270F395F13E8--INT_ASM_PRODUCTION/HG03874/assemblies/freeze_2/assembly_pipeline/ncbi_upload/HG03874.hap1_for_genbank.fa.gz,s3://human-pangenomics/submissions/DC27718F-5F38-43B0-9A78-270F395F13E8--INT_ASM_PRODUCTION/HG03874/assemblies/freeze_2/assembly_pipeline/ncbi_upload/HG03874.hap2_for_genbank.fa.gz
NA19443,8,hi-c,,s3://human-pangenomics/submissions/DC27718F-5F38-43B0-9A78-270F395F13E8--INT_ASM_PRODUCTION/NA19443/assemblies/freeze_2/assembly_pipeline/ncbi_upload/NA19443.hap1_for_genbank.fa.gz,s3://human-pangenomics/submissions/DC27718F-5F38-43B0-9A78-270F395F13E8--INT_ASM_PRODUCTION/NA19443/assemblies/freeze_2/assembly_pipeline/ncbi_upload/NA19443.hap2_for_genbank.fa.gz